"filename", "language", "Markdown", "Shell Script", "TypeScript", "XML", "YAML", "JSON", "JavaScript", "JSON with Comments", "Diff", "CSS", "Pug", "HTML", "Properties", "vue", "SCSS", "TypeScript JSX", "Docker", "comment", "blank", "total"
"/Users/neilluo/workspaces/full-stack/misskey/.config/cypress-devcontainer.yml", "YAML", 0, 0, 0, 0, 25, 0, 0, 0, 0, 0, 0, 0, 0, 0, 0, 0, 0, 160, 50, 235
"/Users/neilluo/workspaces/full-stack/misskey/.config/docker_example.yml", "YAML", 0, 0, 0, 0, 23, 0, 0, 0, 0, 0, 0, 0, 0, 0, 0, 0, 0, 186, 51, 260
"/Users/neilluo/workspaces/full-stack/misskey/.config/example.yml", "YAML", 0, 0, 0, 0, 23, 0, 0, 0, 0, 0, 0, 0, 0, 0, 0, 0, 0, 277, 62, 362
"/Users/neilluo/workspaces/full-stack/misskey/.devcontainer/Dockerfile", "Docker", 0, 0, 0, 0, 0, 0, 0, 0, 0, 0, 0, 0, 0, 0, 0, 0, 1, 0, 1, 2
"/Users/neilluo/workspaces/full-stack/misskey/.devcontainer/compose.yml", "YAML", 0, 0, 0, 0, 46, 0, 0, 0, 0, 0, 0, 0, 0, 0, 0, 0, 0, 0, 8, 54
"/Users/neilluo/workspaces/full-stack/misskey/.devcontainer/devcontainer.json", "JSON with Comments", 0, 0, 0, 0, 0, 0, 0, 28, 0, 0, 0, 0, 0, 0, 0, 0, 0, 0, 1, 29
"/Users/neilluo/workspaces/full-stack/misskey/.devcontainer/devcontainer.yml", "YAML", 0, 0, 0, 0, 24, 0, 0, 0, 0, 0, 0, 0, 0, 0, 0, 0, 0, 146, 47, 217
"/Users/neilluo/workspaces/full-stack/misskey/.devcontainer/init.sh", "Shell Script", 0, 12, 0, 0, 0, 0, 0, 0, 0, 0, 0, 0, 0, 0, 0, 0, 0, 1, 3, 16
"/Users/neilluo/workspaces/full-stack/misskey/.github/ISSUE_TEMPLATE/01_bug-report.yml", "YAML", 0, 0, 0, 0, 87, 0, 0, 0, 0, 0, 0, 0, 0, 0, 0, 0, 0, 0, 11, 98
"/Users/neilluo/workspaces/full-stack/misskey/.github/ISSUE_TEMPLATE/02_feature-request.yml", "YAML", 0, 0, 0, 0, 21, 0, 0, 0, 0, 0, 0, 0, 0, 0, 0, 0, 0, 0, 2, 23
"/Users/neilluo/workspaces/full-stack/misskey/.github/ISSUE_TEMPLATE/config.yml", "YAML", 0, 0, 0, 0, 7, 0, 0, 0, 0, 0, 0, 0, 0, 0, 0, 0, 0, 1, 1, 9
"/Users/neilluo/workspaces/full-stack/misskey/.github/PULL_REQUEST_TEMPLATE/01_bug.md", "Markdown", 14, 0, 0, 0, 0, 0, 0, 0, 0, 0, 0, 0, 0, 0, 0, 0, 0, 5, 5, 24
"/Users/neilluo/workspaces/full-stack/misskey/.github/PULL_REQUEST_TEMPLATE/02_enhance.md", "Markdown", 14, 0, 0, 0, 0, 0, 0, 0, 0, 0, 0, 0, 0, 0, 0, 0, 0, 5, 5, 24
"/Users/neilluo/workspaces/full-stack/misskey/.github/PULL_REQUEST_TEMPLATE/03_release.md", "Markdown", 16, 0, 0, 0, 0, 0, 0, 0, 0, 0, 0, 0, 0, 0, 0, 0, 0, 0, 5, 21
"/Users/neilluo/workspaces/full-stack/misskey/.github/dependabot.yml", "YAML", 0, 0, 0, 0, 35, 0, 0, 0, 0, 0, 0, 0, 0, 0, 0, 0, 0, 8, 3, 46
"/Users/neilluo/workspaces/full-stack/misskey/.github/labeler.yml", "YAML", 0, 0, 0, 0, 28, 0, 0, 0, 0, 0, 0, 0, 0, 0, 0, 0, 0, 0, 7, 35
"/Users/neilluo/workspaces/full-stack/misskey/.github/misskey/test.yml", "YAML", 0, 0, 0, 0, 13, 0, 0, 0, 0, 0, 0, 0, 0, 0, 0, 0, 0, 1, 4, 18
"/Users/neilluo/workspaces/full-stack/misskey/.github/pull_request_template.md", "Markdown", 15, 0, 0, 0, 0, 0, 0, 0, 0, 0, 0, 0, 0, 0, 0, 0, 0, 5, 5, 25
"/Users/neilluo/workspaces/full-stack/misskey/.github/workflows/api-misskey-js.yml", "YAML", 0, 0, 0, 0, 34, 0, 0, 0, 0, 0, 0, 0, 0, 0, 0, 0, 0, 0, 11, 45
"/Users/neilluo/workspaces/full-stack/misskey/.github/workflows/changelog-check.yml", "YAML", 0, 0, 0, 0, 37, 0, 0, 0, 0, 0, 0, 0, 0, 0, 0, 0, 0, 0, 7, 44
"/Users/neilluo/workspaces/full-stack/misskey/.github/workflows/check-misskey-js-autogen.yml", "YAML", 0, 0, 0, 0, 114, 0, 0, 0, 0, 0, 0, 0, 0, 0, 0, 0, 0, 6, 20, 140
"/Users/neilluo/workspaces/full-stack/misskey/.github/workflows/check-misskey-js-version.yml", "YAML", 0, 0, 0, 0, 27, 0, 0, 0, 0, 0, 0, 0, 0, 0, 0, 0, 0, 1, 2, 30
"/Users/neilluo/workspaces/full-stack/misskey/.github/workflows/check-spdx-license-id.yml", "YAML", 0, 0, 0, 0, 72, 0, 0, 0, 0, 0, 0, 0, 0, 0, 0, 0, 0, 0, 8, 80
"/Users/neilluo/workspaces/full-stack/misskey/.github/workflows/check_copyright_year.yml", "YAML", 0, 0, 0, 0, 16, 0, 0, 0, 0, 0, 0, 0, 0, 0, 0, 0, 0, 0, 3, 19
"/Users/neilluo/workspaces/full-stack/misskey/.github/workflows/deploy-test-environment.yml", "YAML", 0, 0, 0, 0, 77, 0, 0, 0, 0, 0, 0, 0, 0, 0, 0, 0, 0, 0, 8, 85
"/Users/neilluo/workspaces/full-stack/misskey/.github/workflows/docker-develop.yml", "YAML", 0, 0, 0, 0, 83, 0, 0, 0, 0, 0, 0, 0, 0, 0, 0, 0, 0, 1, 5, 89
"/Users/neilluo/workspaces/full-stack/misskey/.github/workflows/docker.yml", "YAML", 0, 0, 0, 0, 100, 0, 0, 0, 0, 0, 0, 0, 0, 0, 0, 0, 0, 1, 5, 106
"/Users/neilluo/workspaces/full-stack/misskey/.github/workflows/dockle.yml", "YAML", 0, 0, 0, 0, 30, 0, 0, 0, 0, 0, 0, 0, 0, 0, 0, 0, 0, 0, 3, 33
"/Users/neilluo/workspaces/full-stack/misskey/.github/workflows/get-api-diff.yml", "YAML", 0, 0, 0, 0, 63, 0, 0, 0, 0, 0, 0, 0, 0, 0, 0, 0, 0, 1, 5, 69
"/Users/neilluo/workspaces/full-stack/misskey/.github/workflows/labeler.yml", "YAML", 0, 0, 0, 0, 15, 0, 0, 0, 0, 0, 0, 0, 0, 0, 0, 0, 0, 0, 2, 17
"/Users/neilluo/workspaces/full-stack/misskey/.github/workflows/lint.yml", "YAML", 0, 0, 0, 0, 108, 0, 0, 0, 0, 0, 0, 0, 0, 0, 0, 0, 0, 0, 4, 112
"/Users/neilluo/workspaces/full-stack/misskey/.github/workflows/locale.yml", "YAML", 0, 0, 0, 0, 27, 0, 0, 0, 0, 0, 0, 0, 0, 0, 0, 0, 0, 0, 2, 29
"/Users/neilluo/workspaces/full-stack/misskey/.github/workflows/on-release-created.yml", "YAML", 0, 0, 0, 0, 35, 0, 0, 0, 0, 0, 0, 0, 0, 0, 0, 0, 0, 0, 7, 42
"/Users/neilluo/workspaces/full-stack/misskey/.github/workflows/release-edit-with-push.yml", "YAML", 0, 0, 0, 0, 41, 0, 0, 0, 0, 0, 0, 0, 0, 0, 0, 0, 0, 3, 5, 49
"/Users/neilluo/workspaces/full-stack/misskey/.github/workflows/release-with-dispatch.yml", "YAML", 0, 0, 0, 0, 94, 0, 0, 0, 0, 0, 0, 0, 0, 0, 0, 0, 0, 31, 12, 137
"/Users/neilluo/workspaces/full-stack/misskey/.github/workflows/report-api-diff.yml", "YAML", 0, 0, 0, 0, 96, 0, 0, 0, 0, 0, 0, 0, 0, 0, 0, 0, 0, 1, 8, 105
"/Users/neilluo/workspaces/full-stack/misskey/.github/workflows/storybook.yml", "YAML", 0, 0, 0, 0, 111, 0, 0, 0, 0, 0, 0, 0, 0, 0, 0, 0, 0, 5, 5, 121
"/Users/neilluo/workspaces/full-stack/misskey/.github/workflows/test-backend.yml", "YAML", 0, 0, 0, 0, 119, 0, 0, 0, 0, 0, 0, 0, 0, 0, 0, 0, 0, 2, 9, 130
"/Users/neilluo/workspaces/full-stack/misskey/.github/workflows/test-federation.yml", "YAML", 0, 0, 0, 0, 85, 0, 0, 0, 0, 0, 0, 0, 0, 0, 0, 0, 0, 1, 3, 89
"/Users/neilluo/workspaces/full-stack/misskey/.github/workflows/test-frontend.yml", "YAML", 0, 0, 0, 0, 110, 0, 0, 0, 0, 0, 0, 0, 0, 0, 0, 0, 0, 13, 8, 131
"/Users/neilluo/workspaces/full-stack/misskey/.github/workflows/test-misskey-js.yml", "YAML", 0, 0, 0, 0, 44, 0, 0, 0, 0, 0, 0, 0, 0, 0, 0, 0, 0, 3, 13, 60
"/Users/neilluo/workspaces/full-stack/misskey/.github/workflows/test-production.yml", "YAML", 0, 0, 0, 0, 34, 0, 0, 0, 0, 0, 0, 0, 0, 0, 0, 0, 0, 0, 6, 40
"/Users/neilluo/workspaces/full-stack/misskey/.github/workflows/validate-api-json.yml", "YAML", 0, 0, 0, 0, 41, 0, 0, 0, 0, 0, 0, 0, 0, 0, 0, 0, 0, 0, 4, 45
"/Users/neilluo/workspaces/full-stack/misskey/.okteto/okteto-pipeline.yml", "YAML", 0, 0, 0, 0, 6, 0, 0, 0, 0, 0, 0, 0, 0, 0, 0, 0, 0, 0, 1, 7
"/Users/neilluo/workspaces/full-stack/misskey/.tours/intro.tour", "JSON", 0, 0, 0, 0, 0, 6, 0, 0, 0, 0, 0, 0, 0, 0, 0, 0, 0, 0, 0, 6
"/Users/neilluo/workspaces/full-stack/misskey/.vsls.json", "JSON", 0, 0, 0, 0, 0, 4, 0, 0, 0, 0, 0, 0, 0, 0, 0, 0, 0, 0, 1, 5
"/Users/neilluo/workspaces/full-stack/misskey/CHANGELOG.md", "Markdown", 2612, 0, 0, 0, 0, 0, 0, 0, 0, 0, 0, 0, 0, 0, 0, 0, 0, 0, 468, 3080
"/Users/neilluo/workspaces/full-stack/misskey/CODE_OF_CONDUCT.md", "Markdown", 97, 0, 0, 0, 0, 0, 0, 0, 0, 0, 0, 0, 0, 0, 0, 0, 0, 0, 36, 133
"/Users/neilluo/workspaces/full-stack/misskey/CONTRIBUTING.md", "Markdown", 503, 0, 0, 0, 0, 0, 0, 0, 0, 0, 0, 0, 0, 0, 0, 0, 0, 0, 133, 636
"/Users/neilluo/workspaces/full-stack/misskey/Dockerfile", "Docker", 0, 0, 0, 0, 0, 0, 0, 0, 0, 0, 0, 0, 0, 0, 0, 0, 77, 4, 27, 108
"/Users/neilluo/workspaces/full-stack/misskey/README.md", "Markdown", 29, 0, 0, 0, 0, 0, 0, 0, 0, 0, 0, 0, 0, 0, 0, 0, 0, 0, 21, 50
"/Users/neilluo/workspaces/full-stack/misskey/ROADMAP.md", "Markdown", 32, 0, 0, 0, 0, 0, 0, 0, 0, 0, 0, 0, 0, 0, 0, 0, 0, 0, 9, 41
"/Users/neilluo/workspaces/full-stack/misskey/SECURITY.md", "Markdown", 13, 0, 0, 0, 0, 0, 0, 0, 0, 0, 0, 0, 0, 0, 0, 0, 0, 0, 8, 21
"/Users/neilluo/workspaces/full-stack/misskey/assets/title_float.svg", "XML", 0, 0, 0, 66, 0, 0, 0, 0, 0, 0, 0, 0, 0, 0, 0, 0, 0, 0, 2, 68
"/Users/neilluo/workspaces/full-stack/misskey/chart/Chart.yaml", "YAML", 0, 0, 0, 0, 4, 0, 0, 0, 0, 0, 0, 0, 0, 0, 0, 0, 0, 0, 1, 5
"/Users/neilluo/workspaces/full-stack/misskey/chart/files/default.yml", "YAML", 0, 0, 0, 0, 13, 0, 0, 0, 0, 0, 0, 0, 0, 0, 0, 0, 0, 170, 50, 233
"/Users/neilluo/workspaces/full-stack/misskey/chart/templates/ConfigMap.yml", "YAML", 0, 0, 0, 0, 8, 0, 0, 0, 0, 0, 0, 0, 0, 0, 0, 0, 0, 0, 1, 9
"/Users/neilluo/workspaces/full-stack/misskey/chart/templates/Deployment.yml", "YAML", 0, 0, 0, 0, 47, 0, 0, 0, 0, 0, 0, 0, 0, 0, 0, 0, 0, 0, 1, 48
"/Users/neilluo/workspaces/full-stack/misskey/chart/templates/Service.yml", "YAML", 0, 0, 0, 0, 14, 0, 0, 0, 0, 0, 0, 0, 0, 0, 0, 0, 0, 0, 1, 15
"/Users/neilluo/workspaces/full-stack/misskey/chart/values.yml", "YAML", 0, 0, 0, 0, 3, 0, 0, 0, 0, 0, 0, 0, 0, 0, 0, 0, 0, 0, 1, 4
"/Users/neilluo/workspaces/full-stack/misskey/codecov.yml", "YAML", 0, 0, 0, 0, 4, 0, 0, 0, 0, 0, 0, 0, 0, 0, 0, 0, 0, 0, 1, 5
"/Users/neilluo/workspaces/full-stack/misskey/compose.local-db.yml", "YAML", 0, 0, 0, 0, 25, 0, 0, 0, 0, 0, 0, 0, 0, 0, 0, 0, 0, 11, 5, 41
"/Users/neilluo/workspaces/full-stack/misskey/compose_example.yml", "YAML", 0, 0, 0, 0, 48, 0, 0, 0, 0, 0, 0, 0, 0, 0, 0, 0, 0, 45, 6, 99
"/Users/neilluo/workspaces/full-stack/misskey/crowdin.yml", "YAML", 0, 0, 0, 0, 4, 0, 0, 0, 0, 0, 0, 0, 0, 0, 0, 0, 0, 0, 1, 5
"/Users/neilluo/workspaces/full-stack/misskey/cypress.config.ts", "TypeScript", 0, 0, 9, 0, 0, 0, 0, 0, 0, 0, 0, 0, 0, 0, 0, 0, 0, 2, 2, 13
"/Users/neilluo/workspaces/full-stack/misskey/cypress/e2e/basic.cy.ts", "TypeScript", 0, 0, 150, 0, 0, 0, 0, 0, 0, 0, 0, 0, 0, 0, 0, 0, 0, 43, 63, 256
"/Users/neilluo/workspaces/full-stack/misskey/cypress/e2e/router.cy.ts", "TypeScript", 0, 0, 17, 0, 0, 0, 0, 0, 0, 0, 0, 0, 0, 0, 0, 0, 0, 11, 8, 36
"/Users/neilluo/workspaces/full-stack/misskey/cypress/e2e/widgets.cy.ts", "TypeScript", 0, 0, 0, 0, 0, 0, 0, 0, 0, 0, 0, 0, 0, 0, 0, 0, 0, 75, 2, 77
"/Users/neilluo/workspaces/full-stack/misskey/cypress/fixtures/example.json", "JSON", 0, 0, 0, 0, 0, 5, 0, 0, 0, 0, 0, 0, 0, 0, 0, 0, 0, 0, 1, 6
"/Users/neilluo/workspaces/full-stack/misskey/cypress/plugins/index.js", "JavaScript", 0, 0, 0, 0, 0, 0, 2, 0, 0, 0, 0, 0, 0, 0, 0, 0, 0, 18, 3, 23
"/Users/neilluo/workspaces/full-stack/misskey/cypress/support/commands.ts", "TypeScript", 0, 0, 27, 0, 0, 0, 0, 0, 0, 0, 0, 0, 0, 0, 0, 0, 0, 32, 9, 68
"/Users/neilluo/workspaces/full-stack/misskey/cypress/support/e2e.ts", "TypeScript", 0, 0, 10, 0, 0, 0, 0, 0, 0, 0, 0, 0, 0, 0, 0, 0, 0, 19, 6, 35
"/Users/neilluo/workspaces/full-stack/misskey/cypress/support/index.ts", "TypeScript", 0, 0, 15, 0, 0, 0, 0, 0, 0, 0, 0, 0, 0, 0, 0, 0, 0, 0, 5, 20
"/Users/neilluo/workspaces/full-stack/misskey/cypress/tsconfig.json", "JSON with Comments", 0, 0, 0, 0, 0, 0, 0, 8, 0, 0, 0, 0, 0, 0, 0, 0, 0, 0, 1, 9
"/Users/neilluo/workspaces/full-stack/misskey/healthcheck.sh", "Shell Script", 0, 2, 0, 0, 0, 0, 0, 0, 0, 0, 0, 0, 0, 0, 0, 0, 0, 3, 3, 8
"/Users/neilluo/workspaces/full-stack/misskey/idea/MkAbuseReport.stories.impl.ts", "TypeScript", 0, 0, 48, 0, 0, 0, 0, 0, 0, 0, 0, 0, 0, 0, 0, 0, 0, 5, 2, 55
"/Users/neilluo/workspaces/full-stack/misskey/idea/README.md", "Markdown", 1, 0, 0, 0, 0, 0, 0, 0, 0, 0, 0, 0, 0, 0, 0, 0, 0, 0, 1, 2
"/Users/neilluo/workspaces/full-stack/misskey/learn/01-项目结构概述.md", "Markdown", 107, 0, 0, 0, 0, 0, 0, 0, 0, 0, 0, 0, 0, 0, 0, 0, 0, 0, 31, 138
"/Users/neilluo/workspaces/full-stack/misskey/learn/02-后端架构详解.md", "Markdown", 167, 0, 0, 0, 0, 0, 0, 0, 0, 0, 0, 0, 0, 0, 0, 0, 0, 0, 60, 227
"/Users/neilluo/workspaces/full-stack/misskey/learn/03-数据模型与存储.md", "Markdown", 372, 0, 0, 0, 0, 0, 0, 0, 0, 0, 0, 0, 0, 0, 0, 0, 0, 0, 93, 465
"/Users/neilluo/workspaces/full-stack/misskey/learn/04-帖子系统详解.md", "Markdown", 678, 0, 0, 0, 0, 0, 0, 0, 0, 0, 0, 0, 0, 0, 0, 0, 0, 0, 152, 830
"/Users/neilluo/workspaces/full-stack/misskey/learn/05-本地部署指南.md", "Markdown", 133, 0, 0, 0, 0, 0, 0, 0, 0, 0, 0, 0, 0, 0, 0, 0, 0, 0, 49, 182
"/Users/neilluo/workspaces/full-stack/misskey/learn/README.md", "Markdown", 15, 0, 0, 0, 0, 0, 0, 0, 0, 0, 0, 0, 0, 0, 0, 0, 0, 0, 8, 23
"/Users/neilluo/workspaces/full-stack/misskey/learn/contribute/features.md", "Markdown", 2, 0, 0, 0, 0, 0, 0, 0, 0, 0, 0, 0, 0, 0, 0, 0, 0, 0, 0, 2
"/Users/neilluo/workspaces/full-stack/misskey/learn/docs/JS await详解.md", "Markdown", 286, 0, 0, 0, 0, 0, 0, 0, 0, 0, 0, 0, 0, 0, 0, 0, 0, 0, 102, 388
"/Users/neilluo/workspaces/full-stack/misskey/learn/docs/Misskey登录流程详解.md", "Markdown", 494, 0, 0, 0, 0, 0, 0, 0, 0, 0, 0, 0, 0, 0, 0, 0, 0, 0, 106, 600
"/Users/neilluo/workspaces/full-stack/misskey/learn/docs/WebAuthn安全密钥指南.md", "Markdown", 108, 0, 0, 0, 0, 0, 0, 0, 0, 0, 0, 0, 0, 0, 0, 0, 0, 0, 37, 145
"/Users/neilluo/workspaces/full-stack/misskey/learn/docs/bcrypt密码安全指南.md", "Markdown", 186, 0, 0, 0, 0, 0, 0, 0, 0, 0, 0, 0, 0, 0, 0, 0, 0, 0, 70, 256
"/Users/neilluo/workspaces/full-stack/misskey/learn/docs/js单线程设计思想.md", "Markdown", 45, 0, 0, 0, 0, 0, 0, 0, 0, 0, 0, 0, 0, 0, 0, 0, 0, 0, 26, 71
"/Users/neilluo/workspaces/full-stack/misskey/learn/docs/setImmediate和Node.js事件循环详解.md", "Markdown", 207, 0, 0, 0, 0, 0, 0, 0, 0, 0, 0, 0, 0, 0, 0, 0, 0, 0, 78, 285
"/Users/neilluo/workspaces/full-stack/misskey/locales/README.md", "Markdown", 4, 0, 0, 0, 0, 0, 0, 0, 0, 0, 0, 0, 0, 0, 0, 0, 0, 0, 3, 7
"/Users/neilluo/workspaces/full-stack/misskey/locales/ar-SA.yml", "YAML", 0, 0, 0, 0, 1594, 0, 0, 0, 0, 0, 0, 0, 0, 0, 0, 0, 0, 0, 1, 1595
"/Users/neilluo/workspaces/full-stack/misskey/locales/bn-BD.yml", "YAML", 0, 0, 0, 0, 1354, 0, 0, 0, 0, 0, 0, 0, 0, 0, 0, 0, 0, 0, 1, 1355
"/Users/neilluo/workspaces/full-stack/misskey/locales/ca-ES.yml", "YAML", 0, 0, 0, 0, 3000, 0, 0, 0, 0, 0, 0, 0, 0, 0, 0, 0, 0, 0, 1, 3001
"/Users/neilluo/workspaces/full-stack/misskey/locales/cs-CZ.yml", "YAML", 0, 0, 0, 0, 2047, 0, 0, 0, 0, 0, 0, 0, 0, 0, 0, 0, 0, 0, 1, 2048
"/Users/neilluo/workspaces/full-stack/misskey/locales/da-DK.yml", "YAML", 0, 0, 0, 0, 4, 0, 0, 0, 0, 0, 0, 0, 0, 0, 0, 0, 0, 0, 1, 5
"/Users/neilluo/workspaces/full-stack/misskey/locales/de-DE.yml", "YAML", 0, 0, 0, 0, 3000, 0, 0, 0, 0, 0, 0, 0, 0, 0, 0, 0, 0, 0, 1, 3001
"/Users/neilluo/workspaces/full-stack/misskey/locales/el-GR.yml", "YAML", 0, 0, 0, 0, 405, 0, 0, 0, 0, 0, 0, 0, 0, 0, 0, 0, 0, 0, 1, 406
"/Users/neilluo/workspaces/full-stack/misskey/locales/en-US.yml", "YAML", 0, 0, 0, 0, 3000, 0, 0, 0, 0, 0, 0, 0, 0, 0, 0, 0, 0, 0, 1, 3001
"/Users/neilluo/workspaces/full-stack/misskey/locales/es-ES.yml", "YAML", 0, 0, 0, 0, 2597, 0, 0, 0, 0, 0, 0, 0, 0, 0, 0, 0, 0, 0, 1, 2598
"/Users/neilluo/workspaces/full-stack/misskey/locales/fr-FR.yml", "YAML", 0, 0, 0, 0, 2369, 0, 0, 0, 0, 0, 0, 0, 0, 0, 0, 0, 0, 0, 1, 2370
"/Users/neilluo/workspaces/full-stack/misskey/locales/generateDTS.js", "JavaScript", 0, 0, 0, 0, 0, 0, 225, 0, 0, 0, 0, 0, 0, 0, 0, 0, 0, 0, 6, 231
"/Users/neilluo/workspaces/full-stack/misskey/locales/hr-HR.yml", "YAML", 0, 0, 0, 0, 5, 0, 0, 0, 0, 0, 0, 0, 0, 0, 0, 0, 0, 0, 1, 6
"/Users/neilluo/workspaces/full-stack/misskey/locales/ht-HT.yml", "YAML", 0, 0, 0, 0, 18, 0, 0, 0, 0, 0, 0, 0, 0, 0, 0, 0, 0, 0, 1, 19
"/Users/neilluo/workspaces/full-stack/misskey/locales/hu-HU.yml", "YAML", 0, 0, 0, 0, 105, 0, 0, 0, 0, 0, 0, 0, 0, 0, 0, 0, 0, 0, 1, 106
"/Users/neilluo/workspaces/full-stack/misskey/locales/id-ID.yml", "YAML", 0, 0, 0, 0, 2617, 0, 0, 0, 0, 0, 0, 0, 0, 0, 0, 0, 0, 0, 1, 2618
"/Users/neilluo/workspaces/full-stack/misskey/locales/index.d.ts", "TypeScript", 0, 0, 3248, 0, 0, 0, 0, 0, 0, 0, 0, 0, 0, 0, 0, 0, 0, 8321, 1, 11570
"/Users/neilluo/workspaces/full-stack/misskey/locales/index.js", "JavaScript", 0, 0, 0, 0, 0, 0, 75, 0, 0, 0, 0, 0, 0, 0, 0, 0, 0, 8, 10, 93
"/Users/neilluo/workspaces/full-stack/misskey/locales/it-IT.yml", "YAML", 0, 0, 0, 0, 2994, 0, 0, 0, 0, 0, 0, 0, 0, 0, 0, 0, 0, 0, 1, 2995
"/Users/neilluo/workspaces/full-stack/misskey/locales/ja-JP.yml", "YAML", 0, 0, 0, 0, 2999, 0, 0, 0, 0, 0, 0, 0, 0, 0, 0, 0, 0, 0, 97, 3096
"/Users/neilluo/workspaces/full-stack/misskey/locales/ja-KS.yml", "YAML", 0, 0, 0, 0, 2861, 0, 0, 0, 0, 0, 0, 0, 0, 0, 0, 0, 0, 0, 1, 2862
"/Users/neilluo/workspaces/full-stack/misskey/locales/jbo-EN.yml", "YAML", 0, 0, 0, 0, 3, 0, 0, 0, 0, 0, 0, 0, 0, 0, 0, 0, 0, 0, 1, 4
"/Users/neilluo/workspaces/full-stack/misskey/locales/kab-KAB.yml", "YAML", 0, 0, 0, 0, 110, 0, 0, 0, 0, 0, 0, 0, 0, 0, 0, 0, 0, 0, 1, 111
"/Users/neilluo/workspaces/full-stack/misskey/locales/kn-IN.yml", "YAML", 0, 0, 0, 0, 88, 0, 0, 0, 0, 0, 0, 0, 0, 0, 0, 0, 0, 0, 1, 89
"/Users/neilluo/workspaces/full-stack/misskey/locales/ko-GS.yml", "YAML", 0, 0, 0, 0, 851, 0, 0, 0, 0, 0, 0, 0, 0, 0, 0, 0, 0, 0, 1, 852
"/Users/neilluo/workspaces/full-stack/misskey/locales/ko-KR.yml", "YAML", 0, 0, 0, 0, 3000, 0, 0, 0, 0, 0, 0, 0, 0, 0, 0, 0, 0, 0, 1, 3001
"/Users/neilluo/workspaces/full-stack/misskey/locales/lo-LA.yml", "YAML", 0, 0, 0, 0, 485, 0, 0, 0, 0, 0, 0, 0, 0, 0, 0, 0, 0, 0, 1, 486
"/Users/neilluo/workspaces/full-stack/misskey/locales/nl-NL.yml", "YAML", 0, 0, 0, 0, 625, 0, 0, 0, 0, 0, 0, 0, 0, 0, 0, 0, 0, 0, 1, 626
"/Users/neilluo/workspaces/full-stack/misskey/locales/no-NO.yml", "YAML", 0, 0, 0, 0, 738, 0, 0, 0, 0, 0, 0, 0, 0, 0, 0, 0, 0, 0, 1, 739
"/Users/neilluo/workspaces/full-stack/misskey/locales/package.json", "JSON", 0, 0, 0, 0, 0, 3, 0, 0, 0, 0, 0, 0, 0, 0, 0, 0, 0, 0, 1, 4
"/Users/neilluo/workspaces/full-stack/misskey/locales/pl-PL.yml", "YAML", 0, 0, 0, 0, 1589, 0, 0, 0, 0, 0, 0, 0, 0, 0, 0, 0, 0, 0, 1, 1590
"/Users/neilluo/workspaces/full-stack/misskey/locales/pt-PT.yml", "YAML", 0, 0, 0, 0, 2764, 0, 0, 0, 0, 0, 0, 0, 0, 0, 0, 0, 0, 0, 1, 2765
"/Users/neilluo/workspaces/full-stack/misskey/locales/ro-RO.yml", "YAML", 0, 0, 0, 0, 743, 0, 0, 0, 0, 0, 0, 0, 0, 0, 0, 0, 0, 0, 1, 744
"/Users/neilluo/workspaces/full-stack/misskey/locales/ru-RU.yml", "YAML", 0, 0, 0, 0, 2156, 0, 0, 0, 0, 0, 0, 0, 0, 0, 0, 0, 0, 0, 1, 2157
"/Users/neilluo/workspaces/full-stack/misskey/locales/si-LK.yml", "YAML", 0, 0, 0, 0, 22, 0, 0, 0, 0, 0, 0, 0, 0, 0, 0, 0, 0, 0, 1, 23
"/Users/neilluo/workspaces/full-stack/misskey/locales/sk-SK.yml", "YAML", 0, 0, 0, 0, 1455, 0, 0, 0, 0, 0, 0, 0, 0, 0, 0, 0, 0, 0, 1, 1456
"/Users/neilluo/workspaces/full-stack/misskey/locales/sv-SE.yml", "YAML", 0, 0, 0, 0, 714, 0, 0, 0, 0, 0, 0, 0, 0, 0, 0, 0, 0, 0, 1, 715
"/Users/neilluo/workspaces/full-stack/misskey/locales/th-TH.yml", "YAML", 0, 0, 0, 0, 2716, 0, 0, 0, 0, 0, 0, 0, 0, 0, 0, 0, 0, 0, 1, 2717
"/Users/neilluo/workspaces/full-stack/misskey/locales/tr-TR.yml", "YAML", 0, 0, 0, 0, 463, 0, 0, 0, 0, 0, 0, 0, 0, 0, 0, 0, 0, 0, 1, 464
"/Users/neilluo/workspaces/full-stack/misskey/locales/ug-CN.yml", "YAML", 0, 0, 0, 0, 22, 0, 0, 0, 0, 0, 0, 0, 0, 0, 0, 0, 0, 0, 1, 23
"/Users/neilluo/workspaces/full-stack/misskey/locales/uk-UA.yml", "YAML", 0, 0, 0, 0, 1630, 0, 0, 0, 0, 0, 0, 0, 0, 0, 0, 0, 0, 0, 1, 1631
"/Users/neilluo/workspaces/full-stack/misskey/locales/uz-UZ.yml", "YAML", 0, 0, 0, 0, 1100, 0, 0, 0, 0, 0, 0, 0, 0, 0, 0, 0, 0, 0, 1, 1101
"/Users/neilluo/workspaces/full-stack/misskey/locales/verify.js", "JavaScript", 0, 0, 0, 0, 0, 0, 47, 0, 0, 0, 0, 0, 0, 0, 0, 0, 0, 0, 7, 54
"/Users/neilluo/workspaces/full-stack/misskey/locales/vi-VN.yml", "YAML", 0, 0, 0, 0, 1937, 0, 0, 0, 0, 0, 0, 0, 0, 0, 0, 0, 0, 0, 1, 1938
"/Users/neilluo/workspaces/full-stack/misskey/locales/zh-CN.yml", "YAML", 0, 0, 0, 0, 2999, 0, 0, 0, 0, 0, 0, 0, 0, 0, 0, 0, 0, 0, 1, 3000
"/Users/neilluo/workspaces/full-stack/misskey/locales/zh-TW.yml", "YAML", 0, 0, 0, 0, 2998, 0, 0, 0, 0, 0, 0, 0, 0, 0, 0, 0, 0, 0, 1, 2999
"/Users/neilluo/workspaces/full-stack/misskey/package.json", "JSON", 0, 0, 0, 0, 0, 91, 0, 0, 0, 0, 0, 0, 0, 0, 0, 0, 0, 0, 1, 92
"/Users/neilluo/workspaces/full-stack/misskey/packages/backend/README.md", "Markdown", 2, 0, 0, 0, 0, 0, 0, 0, 0, 0, 0, 0, 0, 0, 0, 0, 0, 0, 1, 3
"/Users/neilluo/workspaces/full-stack/misskey/packages/backend/assets/api-doc.html", "HTML", 0, 0, 0, 0, 0, 0, 0, 0, 0, 0, 0, 20, 0, 0, 0, 0, 0, 0, 1, 21
"/Users/neilluo/workspaces/full-stack/misskey/packages/backend/assets/embed.js", "JavaScript", 0, 0, 0, 0, 0, 0, 22, 0, 0, 0, 0, 0, 0, 0, 0, 0, 0, 6, 4, 32
"/Users/neilluo/workspaces/full-stack/misskey/packages/backend/eslint.config.js", "JavaScript", 0, 0, 0, 0, 0, 0, 45, 0, 0, 0, 0, 0, 0, 0, 0, 0, 0, 0, 2, 47
"/Users/neilluo/workspaces/full-stack/misskey/packages/backend/jest.config.cjs", "JavaScript", 0, 0, 0, 0, 0, 0, 29, 0, 0, 0, 0, 0, 0, 0, 0, 0, 0, 133, 59, 221
"/Users/neilluo/workspaces/full-stack/misskey/packages/backend/jest.config.e2e.cjs", "JavaScript", 0, 0, 0, 0, 0, 0, 9, 0, 0, 0, 0, 0, 0, 0, 0, 0, 0, 4, 3, 16
"/Users/neilluo/workspaces/full-stack/misskey/packages/backend/jest.config.fed.cjs", "JavaScript", 0, 0, 0, 0, 0, 0, 7, 0, 0, 0, 0, 0, 0, 0, 0, 0, 0, 4, 3, 14
"/Users/neilluo/workspaces/full-stack/misskey/packages/backend/jest.config.unit.cjs", "JavaScript", 0, 0, 0, 0, 0, 0, 8, 0, 0, 0, 0, 0, 0, 0, 0, 0, 0, 4, 3, 15
"/Users/neilluo/workspaces/full-stack/misskey/packages/backend/jsconfig.json", "JSON with Comments", 0, 0, 0, 0, 0, 0, 0, 13, 0, 0, 0, 0, 0, 0, 0, 0, 0, 0, 1, 14
"/Users/neilluo/workspaces/full-stack/misskey/packages/backend/migration/1000000000000-Init.js", "JavaScript", 0, 0, 0, 0, 0, 0, 480, 0, 0, 0, 0, 0, 0, 0, 0, 0, 0, 4, 2, 486
"/Users/neilluo/workspaces/full-stack/misskey/packages/backend/migration/1556348509290-Pages.js", "JavaScript", 0, 0, 0, 0, 0, 0, 26, 0, 0, 0, 0, 0, 0, 0, 0, 0, 0, 4, 2, 32
"/Users/neilluo/workspaces/full-stack/misskey/packages/backend/migration/1556746559567-UserProfile.js", "JavaScript", 0, 0, 0, 0, 0, 0, 11, 0, 0, 0, 0, 0, 0, 0, 0, 0, 0, 4, 2, 17
"/Users/neilluo/workspaces/full-stack/misskey/packages/backend/migration/1557476068003-PinnedUsers.js", "JavaScript", 0, 0, 0, 0, 0, 0, 8, 0, 0, 0, 0, 0, 0, 0, 0, 0, 0, 4, 2, 14
"/Users/neilluo/workspaces/full-stack/misskey/packages/backend/migration/1557761316509-AddSomeUrls.js", "JavaScript", 0, 0, 0, 0, 0, 0, 12, 0, 0, 0, 0, 0, 0, 0, 0, 0, 0, 4, 2, 18
"/Users/neilluo/workspaces/full-stack/misskey/packages/backend/migration/1557932705754-ObjectStorageSetting.js", "JavaScript", 0, 0, 0, 0, 0, 0, 26, 0, 0, 0, 0, 0, 0, 0, 0, 0, 0, 4, 2, 32
"/Users/neilluo/workspaces/full-stack/misskey/packages/backend/migration/1558072954435-PageLike.js", "JavaScript", 0, 0, 0, 0, 0, 0, 18, 0, 0, 0, 0, 0, 0, 0, 0, 0, 0, 4, 2, 24
"/Users/neilluo/workspaces/full-stack/misskey/packages/backend/migration/1558103093633-UserGroup.js", "JavaScript", 0, 0, 0, 0, 0, 0, 36, 0, 0, 0, 0, 0, 0, 0, 0, 0, 0, 4, 2, 42
"/Users/neilluo/workspaces/full-stack/misskey/packages/backend/migration/1558257926829-UserGroupInvite.js", "JavaScript", 0, 0, 0, 0, 0, 0, 20, 0, 0, 0, 0, 0, 0, 0, 0, 0, 0, 4, 2, 26
"/Users/neilluo/workspaces/full-stack/misskey/packages/backend/migration/1558266512381-UserListJoining.js", "JavaScript", 0, 0, 0, 0, 0, 0, 8, 0, 0, 0, 0, 0, 0, 0, 0, 0, 0, 4, 2, 14
"/Users/neilluo/workspaces/full-stack/misskey/packages/backend/migration/1561706992953-webauthn.js", "JavaScript", 0, 0, 0, 0, 0, 0, 24, 0, 0, 0, 0, 0, 0, 0, 0, 0, 0, 4, 2, 30
"/Users/neilluo/workspaces/full-stack/misskey/packages/backend/migration/1561873850023-ChartIndexes.js", "JavaScript", 0, 0, 0, 0, 0, 0, 196, 0, 0, 0, 0, 0, 0, 0, 0, 0, 0, 4, 2, 202
"/Users/neilluo/workspaces/full-stack/misskey/packages/backend/migration/1562422242907-PasswordLessLogin.js", "JavaScript", 0, 0, 0, 0, 0, 0, 8, 0, 0, 0, 0, 0, 0, 0, 0, 0, 0, 4, 2, 14
"/Users/neilluo/workspaces/full-stack/misskey/packages/backend/migration/1562444565093-PinnedPage.js", "JavaScript", 0, 0, 0, 0, 0, 0, 12, 0, 0, 0, 0, 0, 0, 0, 0, 0, 0, 4, 2, 18
"/Users/neilluo/workspaces/full-stack/misskey/packages/backend/migration/1562448332510-PageTitleHideOption.js", "JavaScript", 0, 0, 0, 0, 0, 0, 8, 0, 0, 0, 0, 0, 0, 0, 0, 0, 0, 4, 2, 14
"/Users/neilluo/workspaces/full-stack/misskey/packages/backend/migration/1562869971568-ModerationLog.js", "JavaScript", 0, 0, 0, 0, 0, 0, 12, 0, 0, 0, 0, 0, 0, 0, 0, 0, 0, 4, 2, 18
"/Users/neilluo/workspaces/full-stack/misskey/packages/backend/migration/1563757595828-UsedUsername.js", "JavaScript", 0, 0, 0, 0, 0, 0, 8, 0, 0, 0, 0, 0, 0, 0, 0, 0, 0, 4, 2, 14
"/Users/neilluo/workspaces/full-stack/misskey/packages/backend/migration/1565634203341-room.js", "JavaScript", 0, 0, 0, 0, 0, 0, 8, 0, 0, 0, 0, 0, 0, 0, 0, 0, 0, 4, 2, 14
"/Users/neilluo/workspaces/full-stack/misskey/packages/backend/migration/1571220798684-CustomEmojiCategory.js", "JavaScript", 0, 0, 0, 0, 0, 0, 8, 0, 0, 0, 0, 0, 0, 0, 0, 0, 0, 4, 2, 14
"/Users/neilluo/workspaces/full-stack/misskey/packages/backend/migration/1572760203493-nodeinfo.js", "JavaScript", 0, 0, 0, 0, 0, 0, 24, 0, 0, 0, 0, 0, 0, 0, 0, 0, 0, 4, 2, 30
"/Users/neilluo/workspaces/full-stack/misskey/packages/backend/migration/1576269851876-TalkFederationId.js", "JavaScript", 0, 0, 0, 0, 0, 0, 11, 0, 0, 0, 0, 0, 0, 0, 0, 0, 0, 4, 2, 17
"/Users/neilluo/workspaces/full-stack/misskey/packages/backend/migration/1576869585998-ProxyRemoteFiles.js", "JavaScript", 0, 0, 0, 0, 0, 0, 11, 0, 0, 0, 0, 0, 0, 0, 0, 0, 0, 4, 2, 17
"/Users/neilluo/workspaces/full-stack/misskey/packages/backend/migration/1579267006611-v12.js", "JavaScript", 0, 0, 0, 0, 0, 0, 31, 0, 0, 0, 0, 0, 0, 0, 0, 0, 0, 4, 2, 37
"/Users/neilluo/workspaces/full-stack/misskey/packages/backend/migration/1579270193251-v12-2.js", "JavaScript", 0, 0, 0, 0, 0, 0, 11, 0, 0, 0, 0, 0, 0, 0, 0, 0, 0, 4, 2, 17
"/Users/neilluo/workspaces/full-stack/misskey/packages/backend/migration/1579282808087-v12-3.js", "JavaScript", 0, 0, 0, 0, 0, 0, 11, 0, 0, 0, 0, 0, 0, 0, 0, 0, 0, 4, 2, 17
"/Users/neilluo/workspaces/full-stack/misskey/packages/backend/migration/1579544426412-v12-4.js", "JavaScript", 0, 0, 0, 0, 0, 0, 13, 0, 0, 0, 0, 0, 0, 0, 0, 0, 0, 4, 2, 19
"/Users/neilluo/workspaces/full-stack/misskey/packages/backend/migration/1579977526288-v12-5.js", "JavaScript", 0, 0, 0, 0, 0, 0, 51, 0, 0, 0, 0, 0, 0, 0, 0, 0, 0, 4, 2, 57
"/Users/neilluo/workspaces/full-stack/misskey/packages/backend/migration/1579993013959-v12-6.js", "JavaScript", 0, 0, 0, 0, 0, 0, 15, 0, 0, 0, 0, 0, 0, 0, 0, 0, 0, 4, 2, 21
"/Users/neilluo/workspaces/full-stack/misskey/packages/backend/migration/1580069531114-v12-7.js", "JavaScript", 0, 0, 0, 0, 0, 0, 21, 0, 0, 0, 0, 0, 0, 0, 0, 0, 0, 4, 2, 27
"/Users/neilluo/workspaces/full-stack/misskey/packages/backend/migration/1580148575182-v12-8.js", "JavaScript", 0, 0, 0, 0, 0, 0, 13, 0, 0, 0, 0, 0, 0, 0, 0, 0, 0, 4, 2, 19
"/Users/neilluo/workspaces/full-stack/misskey/packages/backend/migration/1580154400017-v12-9.js", "JavaScript", 0, 0, 0, 0, 0, 0, 11, 0, 0, 0, 0, 0, 0, 0, 0, 0, 0, 4, 2, 17
"/Users/neilluo/workspaces/full-stack/misskey/packages/backend/migration/1580276619901-v12-10.js", "JavaScript", 0, 0, 0, 0, 0, 0, 16, 0, 0, 0, 0, 0, 0, 0, 0, 0, 0, 4, 2, 22
"/Users/neilluo/workspaces/full-stack/misskey/packages/backend/migration/1580331224276-v12-11.js", "JavaScript", 0, 0, 0, 0, 0, 0, 15, 0, 0, 0, 0, 0, 0, 0, 0, 0, 0, 4, 2, 21
"/Users/neilluo/workspaces/full-stack/misskey/packages/backend/migration/1580508795118-v12-12.js", "JavaScript", 0, 0, 0, 0, 0, 0, 43, 0, 0, 0, 0, 0, 0, 0, 0, 0, 0, 4, 2, 49
"/Users/neilluo/workspaces/full-stack/misskey/packages/backend/migration/1580543501339-v12-13.js", "JavaScript", 0, 0, 0, 0, 0, 0, 11, 0, 0, 0, 0, 0, 0, 0, 0, 0, 0, 4, 2, 17
"/Users/neilluo/workspaces/full-stack/misskey/packages/backend/migration/1580864313253-v12-14.js", "JavaScript", 0, 0, 0, 0, 0, 0, 17, 0, 0, 0, 0, 0, 0, 0, 0, 0, 0, 4, 2, 23
"/Users/neilluo/workspaces/full-stack/misskey/packages/backend/migration/1581526429287-user-group-invitation.js", "JavaScript", 0, 0, 0, 0, 0, 0, 35, 0, 0, 0, 0, 0, 0, 0, 0, 0, 0, 4, 2, 41
"/Users/neilluo/workspaces/full-stack/misskey/packages/backend/migration/1581695816408-user-group-antenna.js", "JavaScript", 0, 0, 0, 0, 0, 0, 25, 0, 0, 0, 0, 0, 0, 0, 0, 0, 0, 4, 2, 31
"/Users/neilluo/workspaces/full-stack/misskey/packages/backend/migration/1581708415836-drive-user-folder-id-index.js", "JavaScript", 0, 0, 0, 0, 0, 0, 11, 0, 0, 0, 0, 0, 0, 0, 0, 0, 0, 4, 2, 17
"/Users/neilluo/workspaces/full-stack/misskey/packages/backend/migration/1581979837262-promo.js", "JavaScript", 0, 0, 0, 0, 0, 0, 25, 0, 0, 0, 0, 0, 0, 0, 0, 0, 0, 4, 2, 31
"/Users/neilluo/workspaces/full-stack/misskey/packages/backend/migration/1582019042083-featured-injecttion.js", "JavaScript", 0, 0, 0, 0, 0, 0, 11, 0, 0, 0, 0, 0, 0, 0, 0, 0, 0, 4, 2, 17
"/Users/neilluo/workspaces/full-stack/misskey/packages/backend/migration/1582210532752-antenna-exclude.js", "JavaScript", 0, 0, 0, 0, 0, 0, 11, 0, 0, 0, 0, 0, 0, 0, 0, 0, 0, 4, 2, 17
"/Users/neilluo/workspaces/full-stack/misskey/packages/backend/migration/1582875306439-note-reaction-length.js", "JavaScript", 0, 0, 0, 0, 0, 0, 11, 0, 0, 0, 0, 0, 0, 0, 0, 0, 0, 4, 2, 17
"/Users/neilluo/workspaces/full-stack/misskey/packages/backend/migration/1585361548360-miauth.js", "JavaScript", 0, 0, 0, 0, 0, 0, 33, 0, 0, 0, 0, 0, 0, 0, 0, 0, 0, 4, 2, 39
"/Users/neilluo/workspaces/full-stack/misskey/packages/backend/migration/1585385921215-custom-notification.js", "JavaScript", 0, 0, 0, 0, 0, 0, 45, 0, 0, 0, 0, 0, 0, 0, 0, 0, 0, 4, 2, 51
"/Users/neilluo/workspaces/full-stack/misskey/packages/backend/migration/1585772678853-ap-url.js", "JavaScript", 0, 0, 0, 0, 0, 0, 11, 0, 0, 0, 0, 0, 0, 0, 0, 0, 0, 4, 2, 17
"/Users/neilluo/workspaces/full-stack/misskey/packages/backend/migration/1586624197029-AddObjectStorageUseProxy.js", "JavaScript", 0, 0, 0, 0, 0, 0, 11, 0, 0, 0, 0, 0, 0, 0, 0, 0, 0, 4, 2, 17
"/Users/neilluo/workspaces/full-stack/misskey/packages/backend/migration/1586641139527-remote-reaction.js", "JavaScript", 0, 0, 0, 0, 0, 0, 11, 0, 0, 0, 0, 0, 0, 0, 0, 0, 0, 4, 2, 17
"/Users/neilluo/workspaces/full-stack/misskey/packages/backend/migration/1586708940386-pageAiScript.js", "JavaScript", 0, 0, 0, 0, 0, 0, 11, 0, 0, 0, 0, 0, 0, 0, 0, 0, 0, 4, 2, 17
"/Users/neilluo/workspaces/full-stack/misskey/packages/backend/migration/1588044505511-hCaptcha.js", "JavaScript", 0, 0, 0, 0, 0, 0, 15, 0, 0, 0, 0, 0, 0, 0, 0, 0, 0, 4, 2, 21
"/Users/neilluo/workspaces/full-stack/misskey/packages/backend/migration/1589023282116-pubRelay.js", "JavaScript", 0, 0, 0, 0, 0, 0, 15, 0, 0, 0, 0, 0, 0, 0, 0, 0, 0, 4, 2, 21
"/Users/neilluo/workspaces/full-stack/misskey/packages/backend/migration/1595075960584-blurhash.js", "JavaScript", 0, 0, 0, 0, 0, 0, 11, 0, 0, 0, 0, 0, 0, 0, 0, 0, 0, 4, 2, 17
"/Users/neilluo/workspaces/full-stack/misskey/packages/backend/migration/1595077605646-blurhash-for-avatar-banner.js", "JavaScript", 0, 0, 0, 0, 0, 0, 17, 0, 0, 0, 0, 0, 0, 0, 0, 0, 0, 4, 2, 23
"/Users/neilluo/workspaces/full-stack/misskey/packages/backend/migration/1595676934834-instance-icon-url.js", "JavaScript", 0, 0, 0, 0, 0, 0, 11, 0, 0, 0, 0, 0, 0, 0, 0, 0, 0, 4, 2, 17
"/Users/neilluo/workspaces/full-stack/misskey/packages/backend/migration/1595771249699-word-mute.js", "JavaScript", 0, 0, 0, 0, 0, 0, 27, 0, 0, 0, 0, 0, 0, 0, 0, 0, 0, 4, 2, 33
"/Users/neilluo/workspaces/full-stack/misskey/packages/backend/migration/1595782306083-word-mute2.js", "JavaScript", 0, 0, 0, 0, 0, 0, 15, 0, 0, 0, 0, 0, 0, 0, 0, 0, 0, 4, 2, 21
"/Users/neilluo/workspaces/full-stack/misskey/packages/backend/migration/1596548170836-channel.js", "JavaScript", 0, 0, 0, 0, 0, 0, 55, 0, 0, 0, 0, 0, 0, 0, 0, 0, 0, 4, 2, 61
"/Users/neilluo/workspaces/full-stack/misskey/packages/backend/migration/1596786425167-channel2.js", "JavaScript", 0, 0, 0, 0, 0, 0, 11, 0, 0, 0, 0, 0, 0, 0, 0, 0, 0, 4, 2, 17
"/Users/neilluo/workspaces/full-stack/misskey/packages/backend/migration/1597230137744-objectStorageSetPublicRead.js", "JavaScript", 0, 0, 0, 0, 0, 0, 11, 0, 0, 0, 0, 0, 0, 0, 0, 0, 0, 4, 2, 17
"/Users/neilluo/workspaces/full-stack/misskey/packages/backend/migration/1597236229720-IncludingNotificationTypes.js", "JavaScript", 0, 0, 0, 0, 0, 0, 13, 0, 0, 0, 0, 0, 0, 0, 0, 0, 0, 4, 2, 19
"/Users/neilluo/workspaces/full-stack/misskey/packages/backend/migration/1597385880794-add-sensitive-index.js", "JavaScript", 0, 0, 0, 0, 0, 0, 11, 0, 0, 0, 0, 0, 0, 0, 0, 0, 0, 4, 2, 17
"/Users/neilluo/workspaces/full-stack/misskey/packages/backend/migration/1597459042300-channel-unread.js", "JavaScript", 0, 0, 0, 0, 0, 0, 24, 0, 0, 0, 0, 0, 0, 0, 0, 0, 0, 4, 2, 30
"/Users/neilluo/workspaces/full-stack/misskey/packages/backend/migration/1597893996136-ChannelNoteIdDescIndex.js", "JavaScript", 0, 0, 0, 0, 0, 0, 13, 0, 0, 0, 0, 0, 0, 0, 0, 0, 0, 4, 2, 19
"/Users/neilluo/workspaces/full-stack/misskey/packages/backend/migration/1600353287890-mutingNotificationTypes.js", "JavaScript", 0, 0, 0, 0, 0, 0, 17, 0, 0, 0, 0, 0, 0, 0, 0, 0, 0, 4, 2, 23
"/Users/neilluo/workspaces/full-stack/misskey/packages/backend/migration/1603094348345-refine-abuse-user-report.js", "JavaScript", 0, 0, 0, 0, 0, 0, 29, 0, 0, 0, 0, 0, 0, 0, 0, 0, 0, 4, 2, 35
"/Users/neilluo/workspaces/full-stack/misskey/packages/backend/migration/1603095701770-refine-abuse-user-report2.js", "JavaScript", 0, 0, 0, 0, 0, 0, 17, 0, 0, 0, 0, 0, 0, 0, 0, 0, 0, 4, 2, 23
"/Users/neilluo/workspaces/full-stack/misskey/packages/backend/migration/1603776877564-instance-theme-color.js", "JavaScript", 0, 0, 0, 0, 0, 0, 11, 0, 0, 0, 0, 0, 0, 0, 0, 0, 0, 4, 2, 17
"/Users/neilluo/workspaces/full-stack/misskey/packages/backend/migration/1603781553011-instance-favicon.js", "JavaScript", 0, 0, 0, 0, 0, 0, 11, 0, 0, 0, 0, 0, 0, 0, 0, 0, 0, 4, 2, 17
"/Users/neilluo/workspaces/full-stack/misskey/packages/backend/migration/1604821689616-delete-auto-watch.js", "JavaScript", 0, 0, 0, 0, 0, 0, 11, 0, 0, 0, 0, 0, 0, 0, 0, 0, 0, 4, 2, 17
"/Users/neilluo/workspaces/full-stack/misskey/packages/backend/migration/1605408848373-clip-description.js", "JavaScript", 0, 0, 0, 0, 0, 0, 11, 0, 0, 0, 0, 0, 0, 0, 0, 0, 0, 4, 2, 17
"/Users/neilluo/workspaces/full-stack/misskey/packages/backend/migration/1605408971051-comments.js", "JavaScript", 0, 0, 0, 0, 0, 0, 431, 0, 0, 0, 0, 0, 0, 0, 0, 0, 0, 4, 2, 437
"/Users/neilluo/workspaces/full-stack/misskey/packages/backend/migration/1605585339718-instance-pinned-pages.js", "JavaScript", 0, 0, 0, 0, 0, 0, 11, 0, 0, 0, 0, 0, 0, 0, 0, 0, 0, 4, 2, 17
"/Users/neilluo/workspaces/full-stack/misskey/packages/backend/migration/1605965516823-instance-images.js", "JavaScript", 0, 0, 0, 0, 0, 0, 13, 0, 0, 0, 0, 0, 0, 0, 0, 0, 0, 4, 2, 19
"/Users/neilluo/workspaces/full-stack/misskey/packages/backend/migration/1606191203881-no-crawle.js", "JavaScript", 0, 0, 0, 0, 0, 0, 13, 0, 0, 0, 0, 0, 0, 0, 0, 0, 0, 4, 2, 19
"/Users/neilluo/workspaces/full-stack/misskey/packages/backend/migration/1607151207216-instance-pinned-clip.js", "JavaScript", 0, 0, 0, 0, 0, 0, 11, 0, 0, 0, 0, 0, 0, 0, 0, 0, 0, 4, 2, 17
"/Users/neilluo/workspaces/full-stack/misskey/packages/backend/migration/1607353487793-isExplorable.js", "JavaScript", 0, 0, 0, 0, 0, 0, 15, 0, 0, 0, 0, 0, 0, 0, 0, 0, 0, 4, 2, 21
"/Users/neilluo/workspaces/full-stack/misskey/packages/backend/migration/1610277136869-registry.js", "JavaScript", 0, 0, 0, 0, 0, 0, 19, 0, 0, 0, 0, 0, 0, 0, 0, 0, 0, 4, 2, 25
"/Users/neilluo/workspaces/full-stack/misskey/packages/backend/migration/1610277585759-registry2.js", "JavaScript", 0, 0, 0, 0, 0, 0, 13, 0, 0, 0, 0, 0, 0, 0, 0, 0, 0, 4, 2, 19
"/Users/neilluo/workspaces/full-stack/misskey/packages/backend/migration/1610283021566-registry3.js", "JavaScript", 0, 0, 0, 0, 0, 0, 11, 0, 0, 0, 0, 0, 0, 0, 0, 0, 0, 4, 2, 17
"/Users/neilluo/workspaces/full-stack/misskey/packages/backend/migration/1611354329133-followersUri.js", "JavaScript", 0, 0, 0, 0, 0, 0, 13, 0, 0, 0, 0, 0, 0, 0, 0, 0, 0, 4, 2, 19
"/Users/neilluo/workspaces/full-stack/misskey/packages/backend/migration/1611397665007-gallery.js", "JavaScript", 0, 0, 0, 0, 0, 0, 37, 0, 0, 0, 0, 0, 0, 0, 0, 0, 0, 4, 2, 43
"/Users/neilluo/workspaces/full-stack/misskey/packages/backend/migration/1611547387175-objectStorageS3ForcePathStyle.js", "JavaScript", 0, 0, 0, 0, 0, 0, 11, 0, 0, 0, 0, 0, 0, 0, 0, 0, 0, 4, 2, 17
"/Users/neilluo/workspaces/full-stack/misskey/packages/backend/migration/1612619156584-announcement-email.js", "JavaScript", 0, 0, 0, 0, 0, 0, 11, 0, 0, 0, 0, 0, 0, 0, 0, 0, 0, 4, 2, 17
"/Users/neilluo/workspaces/full-stack/misskey/packages/backend/migration/1613155914446-emailNotificationTypes.js", "JavaScript", 0, 0, 0, 0, 0, 0, 11, 0, 0, 0, 0, 0, 0, 0, 0, 0, 0, 4, 2, 17
"/Users/neilluo/workspaces/full-stack/misskey/packages/backend/migration/1613181457597-user-lang.js", "JavaScript", 0, 0, 0, 0, 0, 0, 11, 0, 0, 0, 0, 0, 0, 0, 0, 0, 0, 4, 2, 17
"/Users/neilluo/workspaces/full-stack/misskey/packages/backend/migration/1613503367223-use-bigint-for-driveUsage.js", "JavaScript", 0, 0, 0, 0, 0, 0, 12, 0, 0, 0, 0, 0, 0, 0, 0, 0, 0, 4, 2, 18
"/Users/neilluo/workspaces/full-stack/misskey/packages/backend/migration/1615965918224-chart-v2.js", "JavaScript", 0, 0, 0, 0, 0, 0, 214, 0, 0, 0, 0, 0, 0, 0, 0, 0, 0, 4, 2, 220
"/Users/neilluo/workspaces/full-stack/misskey/packages/backend/migration/1615966519402-chart-v2-2.js", "JavaScript", 0, 0, 0, 0, 0, 0, 19, 0, 0, 0, 0, 0, 0, 0, 0, 0, 0, 4, 2, 25
"/Users/neilluo/workspaces/full-stack/misskey/packages/backend/migration/1618637372000-user-last-active-date.js", "JavaScript", 0, 0, 0, 0, 0, 0, 13, 0, 0, 0, 0, 0, 0, 0, 0, 0, 0, 4, 2, 19
"/Users/neilluo/workspaces/full-stack/misskey/packages/backend/migration/1618639857000-user-hide-online-status.js", "JavaScript", 0, 0, 0, 0, 0, 0, 11, 0, 0, 0, 0, 0, 0, 0, 0, 0, 0, 4, 2, 17
"/Users/neilluo/workspaces/full-stack/misskey/packages/backend/migration/1619942102890-password-reset.js", "JavaScript", 0, 0, 0, 0, 0, 0, 17, 0, 0, 0, 0, 0, 0, 0, 0, 0, 0, 4, 2, 23
"/Users/neilluo/workspaces/full-stack/misskey/packages/backend/migration/1620019354680-ad.js", "JavaScript", 0, 0, 0, 0, 0, 0, 15, 0, 0, 0, 0, 0, 0, 0, 0, 0, 0, 4, 2, 21
"/Users/neilluo/workspaces/full-stack/misskey/packages/backend/migration/1620364649428-ad2.js", "JavaScript", 0, 0, 0, 0, 0, 0, 11, 0, 0, 0, 0, 0, 0, 0, 0, 0, 0, 4, 2, 17
"/Users/neilluo/workspaces/full-stack/misskey/packages/backend/migration/1621479946000-add-note-indexes.js", "JavaScript", 0, 0, 0, 0, 0, 0, 13, 0, 0, 0, 0, 0, 0, 0, 0, 0, 0, 4, 2, 19
"/Users/neilluo/workspaces/full-stack/misskey/packages/backend/migration/1622679304522-user-profile-description-length.js", "JavaScript", 0, 0, 0, 0, 0, 0, 11, 0, 0, 0, 0, 0, 0, 0, 0, 0, 0, 4, 2, 17
"/Users/neilluo/workspaces/full-stack/misskey/packages/backend/migration/1622681548499-log-message-length.js", "JavaScript", 0, 0, 0, 0, 0, 0, 11, 0, 0, 0, 0, 0, 0, 0, 0, 0, 0, 4, 2, 17
"/Users/neilluo/workspaces/full-stack/misskey/packages/backend/migration/1626509500668-fix-remote-file-proxy.js", "JavaScript", 0, 0, 0, 0, 0, 0, 19, 0, 0, 0, 0, 0, 0, 0, 0, 0, 0, 4, 3, 26
"/Users/neilluo/workspaces/full-stack/misskey/packages/backend/migration/1629004542760-chart-reindex.js", "JavaScript", 0, 0, 0, 0, 0, 0, 179, 0, 0, 0, 0, 0, 0, 0, 0, 0, 0, 4, 2, 185
"/Users/neilluo/workspaces/full-stack/misskey/packages/backend/migration/1629024377804-deepl-integration.js", "JavaScript", 0, 0, 0, 0, 0, 0, 11, 0, 0, 0, 0, 0, 0, 0, 0, 0, 0, 4, 2, 17
"/Users/neilluo/workspaces/full-stack/misskey/packages/backend/migration/1629288472000-fix-channel-userId.js", "JavaScript", 0, 0, 0, 0, 0, 0, 11, 0, 0, 0, 0, 0, 0, 0, 0, 0, 0, 4, 2, 17
"/Users/neilluo/workspaces/full-stack/misskey/packages/backend/migration/1629512953000-user-is-deleted.js", "JavaScript", 0, 0, 0, 0, 0, 0, 12, 0, 0, 0, 0, 0, 0, 0, 0, 0, 0, 4, 2, 18
"/Users/neilluo/workspaces/full-stack/misskey/packages/backend/migration/1629778475000-deepl-integration2.js", "JavaScript", 0, 0, 0, 0, 0, 0, 11, 0, 0, 0, 0, 0, 0, 0, 0, 0, 0, 4, 2, 17
"/Users/neilluo/workspaces/full-stack/misskey/packages/backend/migration/1629833361000-AddShowTLReplies.js", "JavaScript", 0, 0, 0, 0, 0, 0, 12, 0, 0, 0, 0, 0, 0, 0, 0, 0, 0, 4, 2, 18
"/Users/neilluo/workspaces/full-stack/misskey/packages/backend/migration/1629968054000_userInstanceBlocks.js", "JavaScript", 0, 0, 0, 0, 0, 0, 12, 0, 0, 0, 0, 0, 0, 0, 0, 0, 0, 4, 2, 18
"/Users/neilluo/workspaces/full-stack/misskey/packages/backend/migration/1633068642000-email-required-for-signup.js", "JavaScript", 0, 0, 0, 0, 0, 0, 11, 0, 0, 0, 0, 0, 0, 0, 0, 0, 0, 4, 2, 17
"/Users/neilluo/workspaces/full-stack/misskey/packages/backend/migration/1633071909016-user-pending.js", "JavaScript", 0, 0, 0, 0, 0, 0, 13, 0, 0, 0, 0, 0, 0, 0, 0, 0, 0, 4, 2, 19
"/Users/neilluo/workspaces/full-stack/misskey/packages/backend/migration/1634486652000-user-public-reactions.js", "JavaScript", 0, 0, 0, 0, 0, 0, 11, 0, 0, 0, 0, 0, 0, 0, 0, 0, 0, 4, 2, 17
"/Users/neilluo/workspaces/full-stack/misskey/packages/backend/migration/1634902659689-delete-log.js", "JavaScript", 0, 0, 0, 0, 0, 0, 10, 0, 0, 0, 0, 0, 0, 0, 0, 0, 0, 4, 2, 16
"/Users/neilluo/workspaces/full-stack/misskey/packages/backend/migration/1635500777168-note-thread-mute.js", "JavaScript", 0, 0, 0, 0, 0, 0, 23, 0, 0, 0, 0, 0, 0, 0, 0, 0, 0, 4, 2, 29
"/Users/neilluo/workspaces/full-stack/misskey/packages/backend/migration/1636197624383-ff-visibility.js", "JavaScript", 0, 0, 0, 0, 0, 0, 13, 0, 0, 0, 0, 0, 0, 0, 0, 0, 0, 4, 2, 19
"/Users/neilluo/workspaces/full-stack/misskey/packages/backend/migration/1636697408073-remove-via-mobile.js", "JavaScript", 0, 0, 0, 0, 0, 0, 9, 0, 0, 0, 0, 0, 0, 0, 0, 0, 0, 4, 4, 17
"/Users/neilluo/workspaces/full-stack/misskey/packages/backend/migration/1637320813000-forwarded-report.js", "JavaScript", 0, 0, 0, 0, 0, 0, 9, 0, 0, 0, 0, 0, 0, 0, 0, 0, 0, 4, 4, 17
"/Users/neilluo/workspaces/full-stack/misskey/packages/backend/migration/1639325650583-chart-v3.js", "JavaScript", 0, 0, 0, 0, 0, 0, 184, 0, 0, 0, 0, 0, 0, 0, 0, 0, 0, 4, 5, 193
"/Users/neilluo/workspaces/full-stack/misskey/packages/backend/migration/1642611822809-emoji-url.js", "JavaScript", 0, 0, 0, 0, 0, 0, 11, 0, 0, 0, 0, 0, 0, 0, 0, 0, 0, 4, 4, 19
"/Users/neilluo/workspaces/full-stack/misskey/packages/backend/migration/1642613870898-drive-file-webpublic-type.js", "JavaScript", 0, 0, 0, 0, 0, 0, 9, 0, 0, 0, 0, 0, 0, 0, 0, 0, 0, 4, 4, 17
"/Users/neilluo/workspaces/full-stack/misskey/packages/backend/migration/1643963705770-chart-v4.js", "JavaScript", 0, 0, 0, 0, 0, 0, 59, 0, 0, 0, 0, 0, 0, 0, 0, 0, 0, 4, 4, 67
"/Users/neilluo/workspaces/full-stack/misskey/packages/backend/migration/1643966656277-chart-v5.js", "JavaScript", 0, 0, 0, 0, 0, 0, 23, 0, 0, 0, 0, 0, 0, 0, 0, 0, 0, 4, 4, 31
"/Users/neilluo/workspaces/full-stack/misskey/packages/backend/migration/1643967331284-chart-v6.js", "JavaScript", 0, 0, 0, 0, 0, 0, 339, 0, 0, 0, 0, 0, 0, 0, 0, 0, 0, 4, 4, 347
"/Users/neilluo/workspaces/full-stack/misskey/packages/backend/migration/1644010796173-convert-hard-mutes.js", "JavaScript", 0, 0, 0, 0, 0, 0, 53, 0, 0, 0, 0, 0, 0, 0, 0, 0, 0, 10, 7, 70
"/Users/neilluo/workspaces/full-stack/misskey/packages/backend/migration/1644058404077-chart-v7.js", "JavaScript", 0, 0, 0, 0, 0, 0, 495, 0, 0, 0, 0, 0, 0, 0, 0, 0, 0, 4, 6, 505
"/Users/neilluo/workspaces/full-stack/misskey/packages/backend/migration/1644059847460-chart-v8.js", "JavaScript", 0, 0, 0, 0, 0, 0, 19, 0, 0, 0, 0, 0, 0, 0, 0, 0, 0, 4, 6, 29
"/Users/neilluo/workspaces/full-stack/misskey/packages/backend/migration/1644060125705-chart-v9.js", "JavaScript", 0, 0, 0, 0, 0, 0, 19, 0, 0, 0, 0, 0, 0, 0, 0, 0, 0, 4, 6, 29
"/Users/neilluo/workspaces/full-stack/misskey/packages/backend/migration/1644073149413-chart-v10.js", "JavaScript", 0, 0, 0, 0, 0, 0, 31, 0, 0, 0, 0, 0, 0, 0, 0, 0, 0, 4, 4, 39
"/Users/neilluo/workspaces/full-stack/misskey/packages/backend/migration/1644095659741-chart-v11.js", "JavaScript", 0, 0, 0, 0, 0, 0, 87, 0, 0, 0, 0, 0, 0, 0, 0, 0, 0, 4, 4, 95
"/Users/neilluo/workspaces/full-stack/misskey/packages/backend/migration/1644328606241-chart-v12.js", "JavaScript", 0, 0, 0, 0, 0, 0, 23, 0, 0, 0, 0, 0, 0, 0, 0, 0, 0, 4, 4, 31
"/Users/neilluo/workspaces/full-stack/misskey/packages/backend/migration/1644331238153-chart-v13.js", "JavaScript", 0, 0, 0, 0, 0, 0, 15, 0, 0, 0, 0, 0, 0, 0, 0, 0, 0, 4, 4, 23
"/Users/neilluo/workspaces/full-stack/misskey/packages/backend/migration/1644344266289-chart-v14.js", "JavaScript", 0, 0, 0, 0, 0, 0, 43, 0, 0, 0, 0, 0, 0, 0, 0, 0, 0, 4, 4, 51
"/Users/neilluo/workspaces/full-stack/misskey/packages/backend/migration/1644395759931-instance-theme-color.js", "JavaScript", 0, 0, 0, 0, 0, 0, 9, 0, 0, 0, 0, 0, 0, 0, 0, 0, 0, 4, 4, 17
"/Users/neilluo/workspaces/full-stack/misskey/packages/backend/migration/1644481657998-chart-v15.js", "JavaScript", 0, 0, 0, 0, 0, 0, 27, 0, 0, 0, 0, 0, 0, 0, 0, 0, 0, 4, 4, 35
"/Users/neilluo/workspaces/full-stack/misskey/packages/backend/migration/1644551208096-following-indexes.js", "JavaScript", 0, 0, 0, 0, 0, 0, 11, 0, 0, 0, 0, 0, 0, 0, 0, 0, 0, 4, 4, 19
"/Users/neilluo/workspaces/full-stack/misskey/packages/backend/migration/1645340161439-remove-max-note-text-length.js", "JavaScript", 0, 0, 0, 0, 0, 0, 9, 0, 0, 0, 0, 0, 0, 0, 0, 0, 0, 4, 4, 17
"/Users/neilluo/workspaces/full-stack/misskey/packages/backend/migration/1645599900873-federation-chart-pubsub.js", "JavaScript", 0, 0, 0, 0, 0, 0, 11, 0, 0, 0, 0, 0, 0, 0, 0, 0, 0, 4, 4, 19
"/Users/neilluo/workspaces/full-stack/misskey/packages/backend/migration/1646143552768-instance-default-theme.js", "JavaScript", 0, 0, 0, 0, 0, 0, 11, 0, 0, 0, 0, 0, 0, 0, 0, 0, 0, 4, 4, 19
"/Users/neilluo/workspaces/full-stack/misskey/packages/backend/migration/1646387162108-mute-expires-at.js", "JavaScript", 0, 0, 0, 0, 0, 0, 11, 0, 0, 0, 0, 0, 0, 0, 0, 0, 0, 4, 4, 19
"/Users/neilluo/workspaces/full-stack/misskey/packages/backend/migration/1646549089451-poll-ended-notification.js", "JavaScript", 0, 0, 0, 0, 0, 0, 15, 0, 0, 0, 0, 0, 0, 0, 0, 0, 0, 4, 4, 23
"/Users/neilluo/workspaces/full-stack/misskey/packages/backend/migration/1646633030285-chart-federation-active.js", "JavaScript", 0, 0, 0, 0, 0, 0, 11, 0, 0, 0, 0, 0, 0, 0, 0, 0, 0, 4, 4, 19
"/Users/neilluo/workspaces/full-stack/misskey/packages/backend/migration/1646655454495-remove-instance-drive-columns.js", "JavaScript", 0, 0, 0, 0, 0, 0, 11, 0, 0, 0, 0, 0, 0, 0, 0, 0, 0, 4, 4, 19
"/Users/neilluo/workspaces/full-stack/misskey/packages/backend/migration/1646732390560-chart-federation-active-sub-pub.js", "JavaScript", 0, 0, 0, 0, 0, 0, 19, 0, 0, 0, 0, 0, 0, 0, 0, 0, 0, 4, 4, 27
"/Users/neilluo/workspaces/full-stack/misskey/packages/backend/migration/1648548247382-webhook.js", "JavaScript", 0, 0, 0, 0, 0, 0, 17, 0, 0, 0, 0, 0, 0, 0, 0, 0, 0, 4, 4, 25
"/Users/neilluo/workspaces/full-stack/misskey/packages/backend/migration/1648816172177-webhook-2.js", "JavaScript", 0, 0, 0, 0, 0, 0, 11, 0, 0, 0, 0, 0, 0, 0, 0, 0, 0, 4, 4, 19
"/Users/neilluo/workspaces/full-stack/misskey/packages/backend/migration/1651224615271-foreign-key.js", "JavaScript", 0, 0, 0, 0, 0, 0, 67, 0, 0, 0, 0, 0, 0, 0, 0, 0, 0, 12, 16, 95
"/Users/neilluo/workspaces/full-stack/misskey/packages/backend/migration/1652859567549-uniform-themecolor.js", "JavaScript", 0, 0, 0, 0, 0, 0, 26, 0, 0, 0, 0, 0, 0, 0, 0, 0, 0, 9, 7, 42
"/Users/neilluo/workspaces/full-stack/misskey/packages/backend/migration/1655368940105-nsfw-detection.js", "JavaScript", 0, 0, 0, 0, 0, 0, 21, 0, 0, 0, 0, 0, 0, 0, 0, 0, 0, 4, 4, 29
"/Users/neilluo/workspaces/full-stack/misskey/packages/backend/migration/1655371960534-nsfw-detection-2.js", "JavaScript", 0, 0, 0, 0, 0, 0, 13, 0, 0, 0, 0, 0, 0, 0, 0, 0, 0, 4, 4, 21
"/Users/neilluo/workspaces/full-stack/misskey/packages/backend/migration/1655388169582-nsfw-detection-3.js", "JavaScript", 0, 0, 0, 0, 0, 0, 19, 0, 0, 0, 0, 0, 0, 0, 0, 0, 0, 4, 4, 27
"/Users/neilluo/workspaces/full-stack/misskey/packages/backend/migration/1655393015659-nsfw-detection-4.js", "JavaScript", 0, 0, 0, 0, 0, 0, 23, 0, 0, 0, 0, 0, 0, 0, 0, 0, 0, 4, 4, 31
"/Users/neilluo/workspaces/full-stack/misskey/packages/backend/migration/1655813815729-driveCapacityOverrideMb.js", "JavaScript", 0, 0, 0, 0, 0, 0, 11, 0, 0, 0, 0, 0, 0, 0, 0, 0, 0, 4, 4, 19
"/Users/neilluo/workspaces/full-stack/misskey/packages/backend/migration/1655918165614-user-ip.js", "JavaScript", 0, 0, 0, 0, 0, 0, 15, 0, 0, 0, 0, 0, 0, 0, 0, 0, 0, 4, 4, 23
"/Users/neilluo/workspaces/full-stack/misskey/packages/backend/migration/1656122560740-file-ip.js", "JavaScript", 0, 0, 0, 0, 0, 0, 11, 0, 0, 0, 0, 0, 0, 0, 0, 0, 0, 4, 4, 19
"/Users/neilluo/workspaces/full-stack/misskey/packages/backend/migration/1656251734807-nsfw-detection-5.js", "JavaScript", 0, 0, 0, 0, 0, 0, 31, 0, 0, 0, 0, 0, 0, 0, 0, 0, 0, 4, 4, 39
"/Users/neilluo/workspaces/full-stack/misskey/packages/backend/migration/1656328812281-ip-2.js", "JavaScript", 0, 0, 0, 0, 0, 0, 11, 0, 0, 0, 0, 0, 0, 0, 0, 0, 0, 4, 4, 19
"/Users/neilluo/workspaces/full-stack/misskey/packages/backend/migration/1656408772602-nsfw-detection-6.js", "JavaScript", 0, 0, 0, 0, 0, 0, 9, 0, 0, 0, 0, 0, 0, 0, 0, 0, 0, 4, 4, 17
"/Users/neilluo/workspaces/full-stack/misskey/packages/backend/migration/1656772790599-user-moderation-note.js", "JavaScript", 0, 0, 0, 0, 0, 0, 9, 0, 0, 0, 0, 0, 0, 0, 0, 0, 0, 4, 4, 17
"/Users/neilluo/workspaces/full-stack/misskey/packages/backend/migration/1657346559800-active-email-validation.js", "JavaScript", 0, 0, 0, 0, 0, 0, 9, 0, 0, 0, 0, 0, 0, 0, 0, 0, 0, 4, 4, 17
"/Users/neilluo/workspaces/full-stack/misskey/packages/backend/migration/1664694635394-turnstile.js", "JavaScript", 0, 0, 0, 0, 0, 0, 13, 0, 0, 0, 0, 0, 0, 0, 0, 0, 0, 4, 4, 21
"/Users/neilluo/workspaces/full-stack/misskey/packages/backend/migration/1665091090561-add-renote-muting.js", "JavaScript", 0, 0, 0, 0, 0, 0, 17, 0, 0, 0, 0, 0, 0, 0, 0, 0, 0, 4, 4, 25
"/Users/neilluo/workspaces/full-stack/misskey/packages/backend/migration/1669138716634-whetherPushNotifyToSendReadMessage.js", "JavaScript", 0, 0, 0, 0, 0, 0, 9, 0, 0, 0, 0, 0, 0, 0, 0, 0, 0, 4, 4, 17
"/Users/neilluo/workspaces/full-stack/misskey/packages/backend/migration/1671924750884-RetentionAggregation.js", "JavaScript", 0, 0, 0, 0, 0, 0, 11, 0, 0, 0, 0, 0, 0, 0, 0, 0, 0, 4, 4, 19
"/Users/neilluo/workspaces/full-stack/misskey/packages/backend/migration/1671926422832-RetentionAggregation2.js", "JavaScript", 0, 0, 0, 0, 0, 0, 13, 0, 0, 0, 0, 0, 0, 0, 0, 0, 0, 4, 4, 21
"/Users/neilluo/workspaces/full-stack/misskey/packages/backend/migration/1672562400597-PerUserPvChart.js", "JavaScript", 0, 0, 0, 0, 0, 0, 15, 0, 0, 0, 0, 0, 0, 0, 0, 0, 0, 4, 4, 23
"/Users/neilluo/workspaces/full-stack/misskey/packages/backend/migration/1672703171386-remove-latestRequestSentAt.js", "JavaScript", 0, 0, 0, 0, 0, 0, 9, 0, 0, 0, 0, 0, 0, 0, 0, 0, 0, 4, 4, 17
"/Users/neilluo/workspaces/full-stack/misskey/packages/backend/migration/1672704017999-remove-lastCommunicatedAt.js", "JavaScript", 0, 0, 0, 0, 0, 0, 9, 0, 0, 0, 0, 0, 0, 0, 0, 0, 0, 4, 4, 17
"/Users/neilluo/workspaces/full-stack/misskey/packages/backend/migration/1672704136584-remove-latestStatus.js", "JavaScript", 0, 0, 0, 0, 0, 0, 9, 0, 0, 0, 0, 0, 0, 0, 0, 0, 0, 4, 4, 17
"/Users/neilluo/workspaces/full-stack/misskey/packages/backend/migration/1672822262496-Flash.js", "JavaScript", 0, 0, 0, 0, 0, 0, 27, 0, 0, 0, 0, 0, 0, 0, 0, 0, 0, 4, 4, 35
"/Users/neilluo/workspaces/full-stack/misskey/packages/backend/migration/1673336077243-PollChoiceLength.js", "JavaScript", 0, 0, 0, 0, 0, 0, 9, 0, 0, 0, 0, 0, 0, 0, 0, 0, 0, 4, 4, 17
"/Users/neilluo/workspaces/full-stack/misskey/packages/backend/migration/1673500412259-Role.js", "JavaScript", 0, 0, 0, 0, 0, 0, 35, 0, 0, 0, 0, 0, 0, 0, 0, 0, 0, 4, 4, 43
"/Users/neilluo/workspaces/full-stack/misskey/packages/backend/migration/1673515526953-RoleColor.js", "JavaScript", 0, 0, 0, 0, 0, 0, 9, 0, 0, 0, 0, 0, 0, 0, 0, 0, 0, 4, 4, 17
"/Users/neilluo/workspaces/full-stack/misskey/packages/backend/migration/1673522856499-RoleIroiro.js", "JavaScript", 0, 0, 0, 0, 0, 0, 11, 0, 0, 0, 0, 0, 0, 0, 0, 0, 0, 4, 4, 19
"/Users/neilluo/workspaces/full-stack/misskey/packages/backend/migration/1673524604156-RoleLastUsedAt.js", "JavaScript", 0, 0, 0, 0, 0, 0, 11, 0, 0, 0, 0, 0, 0, 0, 0, 0, 0, 4, 4, 19
"/Users/neilluo/workspaces/full-stack/misskey/packages/backend/migration/1673570377815-RoleConditional.js", "JavaScript", 0, 0, 0, 0, 0, 0, 13, 0, 0, 0, 0, 0, 0, 0, 0, 0, 0, 4, 4, 21
"/Users/neilluo/workspaces/full-stack/misskey/packages/backend/migration/1673575973645-MetaClean.js", "JavaScript", 0, 0, 0, 0, 0, 0, 9, 0, 0, 0, 0, 0, 0, 0, 0, 0, 0, 4, 4, 17
"/Users/neilluo/workspaces/full-stack/misskey/packages/backend/migration/1673783015567-Policies.js", "JavaScript", 0, 0, 0, 0, 0, 0, 11, 0, 0, 0, 0, 0, 0, 0, 0, 0, 0, 4, 4, 19
"/Users/neilluo/workspaces/full-stack/misskey/packages/backend/migration/1673812883772-firstRetrievedAt.js", "JavaScript", 0, 0, 0, 0, 0, 0, 9, 0, 0, 0, 0, 0, 0, 0, 0, 0, 0, 4, 4, 17
"/Users/neilluo/workspaces/full-stack/misskey/packages/backend/migration/1674086433654-flashScriptLength.js", "JavaScript", 0, 0, 0, 0, 0, 0, 9, 0, 0, 0, 0, 0, 0, 0, 0, 0, 0, 4, 4, 17
"/Users/neilluo/workspaces/full-stack/misskey/packages/backend/migration/1674118260469-achievement.js", "JavaScript", 0, 0, 0, 0, 0, 0, 31, 0, 0, 0, 0, 0, 0, 0, 0, 0, 0, 4, 4, 39
"/Users/neilluo/workspaces/full-stack/misskey/packages/backend/migration/1674255666603-loggedInDates.js", "JavaScript", 0, 0, 0, 0, 0, 0, 9, 0, 0, 0, 0, 0, 0, 0, 0, 0, 0, 4, 4, 17
"/Users/neilluo/workspaces/full-stack/misskey/packages/backend/migration/1675053125067-fixforeignkeyreports.js", "JavaScript", 0, 0, 0, 0, 0, 0, 13, 0, 0, 0, 0, 0, 0, 0, 0, 0, 0, 4, 4, 21
"/Users/neilluo/workspaces/full-stack/misskey/packages/backend/migration/1675404035646-cleanup.js", "JavaScript", 0, 0, 0, 0, 0, 0, 27, 0, 0, 0, 0, 0, 0, 0, 0, 0, 0, 4, 4, 35
"/Users/neilluo/workspaces/full-stack/misskey/packages/backend/migration/1675557528704-role-icon-badge.js", "JavaScript", 0, 0, 0, 0, 0, 0, 11, 0, 0, 0, 0, 0, 0, 0, 0, 0, 0, 4, 4, 19
"/Users/neilluo/workspaces/full-stack/misskey/packages/backend/migration/1676434944993-drop-group.js", "JavaScript", 0, 0, 0, 0, 0, 0, 25, 0, 0, 0, 0, 0, 0, 0, 0, 0, 0, 4, 4, 33
"/Users/neilluo/workspaces/full-stack/misskey/packages/backend/migration/1676438468213-ad3.js", "JavaScript", 0, 0, 0, 0, 0, 0, 9, 0, 0, 0, 0, 0, 0, 0, 0, 0, 0, 4, 2, 15
"/Users/neilluo/workspaces/full-stack/misskey/packages/backend/migration/1677054292210-ad4.js", "JavaScript", 0, 0, 0, 0, 0, 0, 9, 0, 0, 0, 0, 0, 0, 0, 0, 0, 0, 4, 2, 15
"/Users/neilluo/workspaces/full-stack/misskey/packages/backend/migration/1677570181236-role-assignment-expires-at.js", "JavaScript", 0, 0, 0, 0, 0, 0, 11, 0, 0, 0, 0, 0, 0, 0, 0, 0, 0, 4, 4, 19
"/Users/neilluo/workspaces/full-stack/misskey/packages/backend/migration/1678164627293-per-note-reaction-acceptance.js", "JavaScript", 0, 0, 0, 0, 0, 0, 9, 0, 0, 0, 0, 0, 0, 0, 0, 0, 0, 4, 4, 17
"/Users/neilluo/workspaces/full-stack/misskey/packages/backend/migration/1678426061773-tweak-varchar-length.js", "JavaScript", 0, 0, 0, 0, 0, 0, 66, 0, 0, 0, 0, 0, 0, 0, 0, 0, 0, 4, 4, 74
"/Users/neilluo/workspaces/full-stack/misskey/packages/backend/migration/1678427401214-remove-unused.js", "JavaScript", 0, 0, 0, 0, 0, 0, 11, 0, 0, 0, 0, 0, 0, 0, 0, 0, 0, 4, 4, 19
"/Users/neilluo/workspaces/full-stack/misskey/packages/backend/migration/1678602320354-role-display-order.js", "JavaScript", 0, 0, 0, 0, 0, 0, 9, 0, 0, 0, 0, 0, 0, 0, 0, 0, 0, 4, 4, 17
"/Users/neilluo/workspaces/full-stack/misskey/packages/backend/migration/1678694614599-sensitive-words.js", "JavaScript", 0, 0, 0, 0, 0, 0, 9, 0, 0, 0, 0, 0, 0, 0, 0, 0, 0, 4, 4, 17
"/Users/neilluo/workspaces/full-stack/misskey/packages/backend/migration/1678869617549-retention-date-key.js", "JavaScript", 0, 0, 0, 0, 0, 0, 12, 0, 0, 0, 0, 0, 0, 0, 0, 0, 0, 4, 4, 20
"/Users/neilluo/workspaces/full-stack/misskey/packages/backend/migration/1678945242650-add-props-for-custom-emoji.js", "JavaScript", 0, 0, 0, 0, 0, 0, 9, 0, 0, 0, 0, 0, 0, 0, 0, 0, 0, 4, 4, 17
"/Users/neilluo/workspaces/full-stack/misskey/packages/backend/migration/1678953978856-clip-favorite.js", "JavaScript", 0, 0, 0, 0, 0, 0, 21, 0, 0, 0, 0, 0, 0, 0, 0, 0, 0, 4, 4, 29
"/Users/neilluo/workspaces/full-stack/misskey/packages/backend/migration/1679309757174-antenna-active.js", "JavaScript", 0, 0, 0, 0, 0, 0, 15, 0, 0, 0, 0, 0, 0, 0, 0, 0, 0, 4, 4, 23
"/Users/neilluo/workspaces/full-stack/misskey/packages/backend/migration/1679639483253-enableChartsForRemoteUser.js", "JavaScript", 0, 0, 0, 0, 0, 0, 9, 0, 0, 0, 0, 0, 0, 0, 0, 0, 0, 4, 4, 17
"/Users/neilluo/workspaces/full-stack/misskey/packages/backend/migration/1679651580149-cleanup.js", "JavaScript", 0, 0, 0, 0, 0, 0, 9, 0, 0, 0, 0, 0, 0, 0, 0, 0, 0, 4, 4, 17
"/Users/neilluo/workspaces/full-stack/misskey/packages/backend/migration/1679652081809-enableChartsForFederatedInstances.js", "JavaScript", 0, 0, 0, 0, 0, 0, 9, 0, 0, 0, 0, 0, 0, 0, 0, 0, 0, 4, 4, 17
"/Users/neilluo/workspaces/full-stack/misskey/packages/backend/migration/1680228513388-channelFavorite.js", "JavaScript", 0, 0, 0, 0, 0, 0, 19, 0, 0, 0, 0, 0, 0, 0, 0, 0, 0, 4, 4, 27
"/Users/neilluo/workspaces/full-stack/misskey/packages/backend/migration/1680238118084-channelNotePining.js", "JavaScript", 0, 0, 0, 0, 0, 0, 9, 0, 0, 0, 0, 0, 0, 0, 0, 0, 0, 4, 4, 17
"/Users/neilluo/workspaces/full-stack/misskey/packages/backend/migration/1680491187535-cleanup.js", "JavaScript", 0, 0, 0, 0, 0, 0, 8, 0, 0, 0, 0, 0, 0, 0, 0, 0, 0, 4, 4, 16
"/Users/neilluo/workspaces/full-stack/misskey/packages/backend/migration/1680582195041-cleanup.js", "JavaScript", 0, 0, 0, 0, 0, 0, 8, 0, 0, 0, 0, 0, 0, 0, 0, 0, 0, 4, 5, 17
"/Users/neilluo/workspaces/full-stack/misskey/packages/backend/migration/1680702787050-UserMemo.js", "JavaScript", 0, 0, 0, 0, 0, 0, 16, 0, 0, 0, 0, 0, 0, 0, 0, 0, 0, 4, 4, 24
"/Users/neilluo/workspaces/full-stack/misskey/packages/backend/migration/1680775031481-avatar-url-and-banner-url.js", "JavaScript", 0, 0, 0, 0, 0, 0, 15, 0, 0, 0, 0, 0, 0, 0, 0, 0, 0, 4, 4, 23
"/Users/neilluo/workspaces/full-stack/misskey/packages/backend/migration/1680931179228-account-move.js", "JavaScript", 0, 0, 0, 0, 0, 0, 15, 0, 0, 0, 0, 0, 0, 0, 0, 0, 0, 4, 4, 23
"/Users/neilluo/workspaces/full-stack/misskey/packages/backend/migration/1681400427971-serverRules.js", "JavaScript", 0, 0, 0, 0, 0, 0, 9, 0, 0, 0, 0, 0, 0, 0, 0, 0, 0, 4, 4, 17
"/Users/neilluo/workspaces/full-stack/misskey/packages/backend/migration/1681870960239-RoleTLSetting.js", "JavaScript", 0, 0, 0, 0, 0, 0, 9, 0, 0, 0, 0, 0, 0, 0, 0, 0, 0, 4, 5, 18
"/Users/neilluo/workspaces/full-stack/misskey/packages/backend/migration/1682190963894-movedAt.js", "JavaScript", 0, 0, 0, 0, 0, 0, 11, 0, 0, 0, 0, 0, 0, 0, 0, 0, 0, 4, 4, 19
"/Users/neilluo/workspaces/full-stack/misskey/packages/backend/migration/1682754135458-preservedUsernames.js", "JavaScript", 0, 0, 0, 0, 0, 0, 9, 0, 0, 0, 0, 0, 0, 0, 0, 0, 0, 4, 4, 17
"/Users/neilluo/workspaces/full-stack/misskey/packages/backend/migration/1682985520254-channelColor.js", "JavaScript", 0, 0, 0, 0, 0, 0, 9, 0, 0, 0, 0, 0, 0, 0, 0, 0, 0, 4, 4, 17
"/Users/neilluo/workspaces/full-stack/misskey/packages/backend/migration/1683328299359-channelArchive.js", "JavaScript", 0, 0, 0, 0, 0, 0, 11, 0, 0, 0, 0, 0, 0, 0, 0, 0, 0, 4, 4, 19
"/Users/neilluo/workspaces/full-stack/misskey/packages/backend/migration/1683682889948-prevent-ai-larning.js", "JavaScript", 0, 0, 0, 0, 0, 0, 9, 0, 0, 0, 0, 0, 0, 0, 0, 0, 0, 4, 4, 17
"/Users/neilluo/workspaces/full-stack/misskey/packages/backend/migration/1683683083083-public-reactions-default-true.js", "JavaScript", 0, 0, 0, 0, 0, 0, 9, 0, 0, 0, 0, 0, 0, 0, 0, 0, 0, 4, 4, 17
"/Users/neilluo/workspaces/full-stack/misskey/packages/backend/migration/1683789676867-fix-typo.js", "JavaScript", 0, 0, 0, 0, 0, 0, 9, 0, 0, 0, 0, 0, 0, 0, 0, 0, 0, 4, 4, 17
"/Users/neilluo/workspaces/full-stack/misskey/packages/backend/migration/1683847157541-UserList.js", "JavaScript", 0, 0, 0, 0, 0, 0, 11, 0, 0, 0, 0, 0, 0, 0, 0, 0, 0, 4, 4, 19
"/Users/neilluo/workspaces/full-stack/misskey/packages/backend/migration/1683869758873-UserListFavorites.js", "JavaScript", 0, 0, 0, 0, 0, 0, 17, 0, 0, 0, 0, 0, 0, 0, 0, 0, 0, 4, 4, 25
"/Users/neilluo/workspaces/full-stack/misskey/packages/backend/migration/1684206886988-remove-showTimelineReplies.js", "JavaScript", 0, 0, 0, 0, 0, 0, 9, 0, 0, 0, 0, 0, 0, 0, 0, 0, 0, 4, 4, 17
"/Users/neilluo/workspaces/full-stack/misskey/packages/backend/migration/1684386446061-emoji-improve.js", "JavaScript", 0, 0, 0, 0, 0, 0, 13, 0, 0, 0, 0, 0, 0, 0, 0, 0, 0, 4, 4, 21
"/Users/neilluo/workspaces/full-stack/misskey/packages/backend/migration/1685973839966-errorImageUrl.js", "JavaScript", 0, 0, 0, 0, 0, 0, 15, 0, 0, 0, 0, 0, 0, 0, 0, 0, 0, 4, 4, 23
"/Users/neilluo/workspaces/full-stack/misskey/packages/backend/migration/1688280713783-add-meta-options.js", "JavaScript", 0, 0, 0, 0, 0, 0, 11, 0, 0, 0, 0, 0, 0, 0, 0, 0, 0, 4, 4, 19
"/Users/neilluo/workspaces/full-stack/misskey/packages/backend/migration/1688720440658-refactor-invite-system.js", "JavaScript", 0, 0, 0, 0, 0, 0, 23, 0, 0, 0, 0, 0, 0, 0, 0, 0, 0, 4, 4, 31
"/Users/neilluo/workspaces/full-stack/misskey/packages/backend/migration/1688880985544-add-index-to-relations.js", "JavaScript", 0, 0, 0, 0, 0, 0, 11, 0, 0, 0, 0, 0, 0, 0, 0, 0, 0, 4, 4, 19
"/Users/neilluo/workspaces/full-stack/misskey/packages/backend/migration/1689102832143-nsfw-cache.js", "JavaScript", 0, 0, 0, 0, 0, 0, 9, 0, 0, 0, 0, 0, 0, 0, 0, 0, 0, 4, 4, 17
"/Users/neilluo/workspaces/full-stack/misskey/packages/backend/migration/1689325027964-UserBlacklistAnntena.js", "JavaScript", 0, 0, 0, 0, 0, 0, 8, 0, 0, 0, 0, 0, 0, 0, 0, 0, 0, 4, 4, 16
"/Users/neilluo/workspaces/full-stack/misskey/packages/backend/migration/1690417561185-fix-renote-muting.js", "JavaScript", 0, 0, 0, 0, 0, 0, 9, 0, 0, 0, 0, 0, 0, 0, 0, 0, 0, 4, 5, 18
"/Users/neilluo/workspaces/full-stack/misskey/packages/backend/migration/1690417561186-ChangeCacheRemoteFilesDefault.js", "JavaScript", 0, 0, 0, 0, 0, 0, 9, 0, 0, 0, 0, 0, 0, 0, 0, 0, 0, 4, 4, 17
"/Users/neilluo/workspaces/full-stack/misskey/packages/backend/migration/1690417561187-Fix.js", "JavaScript", 0, 0, 0, 0, 0, 0, 79, 0, 0, 0, 0, 0, 0, 0, 0, 0, 0, 4, 4, 87
"/Users/neilluo/workspaces/full-stack/misskey/packages/backend/migration/1690569881926-user-2fa-backup-codes.js", "JavaScript", 0, 0, 0, 0, 0, 0, 9, 0, 0, 0, 0, 0, 0, 0, 0, 0, 0, 4, 4, 17
"/Users/neilluo/workspaces/full-stack/misskey/packages/backend/migration/1690782653311-SensitiveChannel.js", "JavaScript", 0, 0, 0, 0, 0, 0, 10, 0, 0, 0, 0, 0, 0, 0, 0, 0, 0, 4, 4, 18
"/Users/neilluo/workspaces/full-stack/misskey/packages/backend/migration/1690796169261-play-visibility.js", "JavaScript", 0, 0, 0, 0, 0, 0, 9, 0, 0, 0, 0, 0, 0, 0, 0, 0, 0, 4, 3, 16
"/Users/neilluo/workspaces/full-stack/misskey/packages/backend/migration/1691649257651-refine-announcement.js", "JavaScript", 0, 0, 0, 0, 0, 0, 25, 0, 0, 0, 0, 0, 0, 0, 0, 0, 0, 4, 4, 33
"/Users/neilluo/workspaces/full-stack/misskey/packages/backend/migration/1691657412740-refine-announcement-2.js", "JavaScript", 0, 0, 0, 0, 0, 0, 9, 0, 0, 0, 0, 0, 0, 0, 0, 0, 0, 4, 4, 17
"/Users/neilluo/workspaces/full-stack/misskey/packages/backend/migration/1691959191872-passkey-support.js", "JavaScript", 0, 0, 0, 0, 0, 0, 42, 0, 0, 0, 0, 0, 0, 0, 0, 0, 0, 4, 4, 50
"/Users/neilluo/workspaces/full-stack/misskey/packages/backend/migration/1694850832075-server-icons-and-manifest.js", "JavaScript", 0, 0, 0, 0, 0, 0, 13, 0, 0, 0, 0, 0, 0, 0, 0, 0, 0, 4, 4, 21
"/Users/neilluo/workspaces/full-stack/misskey/packages/backend/migration/1694915420864-clipped-count.js", "JavaScript", 0, 0, 0, 0, 0, 0, 9, 0, 0, 0, 0, 0, 0, 0, 0, 0, 0, 4, 4, 17
"/Users/neilluo/workspaces/full-stack/misskey/packages/backend/migration/1695260774117-verified-links.js", "JavaScript", 0, 0, 0, 0, 0, 0, 9, 0, 0, 0, 0, 0, 0, 0, 0, 0, 0, 4, 4, 17
"/Users/neilluo/workspaces/full-stack/misskey/packages/backend/migration/1695288787870-following-notify.js", "JavaScript", 0, 0, 0, 0, 0, 0, 11, 0, 0, 0, 0, 0, 0, 0, 0, 0, 0, 4, 4, 19
"/Users/neilluo/workspaces/full-stack/misskey/packages/backend/migration/1695440131671-short-name.js", "JavaScript", 0, 0, 0, 0, 0, 0, 9, 0, 0, 0, 0, 0, 0, 0, 0, 0, 0, 4, 4, 17
"/Users/neilluo/workspaces/full-stack/misskey/packages/backend/migration/1695605508898-mutingNotificationTypes.js", "JavaScript", 0, 0, 0, 0, 0, 0, 19, 0, 0, 0, 0, 0, 0, 0, 0, 0, 0, 4, 4, 27
"/Users/neilluo/workspaces/full-stack/misskey/packages/backend/migration/1695901659683-note-updated-at.js", "JavaScript", 0, 0, 0, 0, 0, 0, 9, 0, 0, 0, 0, 0, 0, 0, 0, 0, 0, 4, 4, 17
"/Users/neilluo/workspaces/full-stack/misskey/packages/backend/migration/1695944637565-notificationRecieveConfig.js", "JavaScript", 0, 0, 0, 0, 0, 0, 11, 0, 0, 0, 0, 0, 0, 0, 0, 0, 0, 4, 4, 19
"/Users/neilluo/workspaces/full-stack/misskey/packages/backend/migration/1696003580220-AddSomeUrls.js", "JavaScript", 0, 0, 0, 0, 0, 0, 11, 0, 0, 0, 0, 0, 0, 0, 0, 0, 0, 4, 3, 18
"/Users/neilluo/workspaces/full-stack/misskey/packages/backend/migration/1696222183852-withReplies.js", "JavaScript", 0, 0, 0, 0, 0, 0, 13, 0, 0, 0, 0, 0, 0, 0, 0, 0, 0, 4, 4, 21
"/Users/neilluo/workspaces/full-stack/misskey/packages/backend/migration/1696323464251-user-list-membership.js", "JavaScript", 0, 0, 0, 0, 0, 0, 9, 0, 0, 0, 0, 0, 0, 0, 0, 0, 0, 4, 4, 17
"/Users/neilluo/workspaces/full-stack/misskey/packages/backend/migration/1696331570827-hibernation.js", "JavaScript", 0, 0, 0, 0, 0, 0, 15, 0, 0, 0, 0, 0, 0, 0, 0, 0, 0, 4, 4, 23
"/Users/neilluo/workspaces/full-stack/misskey/packages/backend/migration/1696332072038-clean.js", "JavaScript", 0, 0, 0, 0, 0, 0, 31, 0, 0, 0, 0, 0, 0, 0, 0, 0, 0, 4, 4, 39
"/Users/neilluo/workspaces/full-stack/misskey/packages/backend/migration/1696373953614-meta-cache-settings.js", "JavaScript", 0, 0, 0, 0, 0, 0, 15, 0, 0, 0, 0, 0, 0, 0, 0, 0, 0, 4, 4, 23
"/Users/neilluo/workspaces/full-stack/misskey/packages/backend/migration/1696388600237-revert-note-edit.js", "JavaScript", 0, 0, 0, 0, 0, 0, 9, 0, 0, 0, 0, 0, 0, 0, 0, 0, 0, 4, 4, 17
"/Users/neilluo/workspaces/full-stack/misskey/packages/backend/migration/1696405744672-clean-up.js", "JavaScript", 0, 0, 0, 0, 0, 0, 11, 0, 0, 0, 0, 0, 0, 0, 0, 0, 0, 4, 4, 19
"/Users/neilluo/workspaces/full-stack/misskey/packages/backend/migration/1696569742153-clean-up.js", "JavaScript", 0, 0, 0, 0, 0, 0, 11, 0, 0, 0, 0, 0, 0, 0, 0, 0, 0, 4, 4, 19
"/Users/neilluo/workspaces/full-stack/misskey/packages/backend/migration/1696581429196-clean-up.js", "JavaScript", 0, 0, 0, 0, 0, 0, 8, 0, 0, 0, 0, 0, 0, 0, 0, 0, 0, 4, 4, 16
"/Users/neilluo/workspaces/full-stack/misskey/packages/backend/migration/1696743032098-AdsOnStream.js", "JavaScript", 0, 0, 0, 0, 0, 0, 9, 0, 0, 0, 0, 0, 0, 0, 0, 0, 0, 4, 4, 17
"/Users/neilluo/workspaces/full-stack/misskey/packages/backend/migration/1696807733453-userListUserId.js", "JavaScript", 0, 0, 0, 0, 0, 0, 14, 0, 0, 0, 0, 0, 0, 0, 0, 0, 0, 4, 4, 22
"/Users/neilluo/workspaces/full-stack/misskey/packages/backend/migration/1696808725134-userListUserId-2.js", "JavaScript", 0, 0, 0, 0, 0, 0, 9, 0, 0, 0, 0, 0, 0, 0, 0, 0, 0, 4, 4, 17
"/Users/neilluo/workspaces/full-stack/misskey/packages/backend/migration/1697247230117-InstanceSilence.js", "JavaScript", 0, 0, 0, 0, 0, 0, 9, 0, 0, 0, 0, 0, 0, 0, 0, 0, 0, 4, 4, 17
"/Users/neilluo/workspaces/full-stack/misskey/packages/backend/migration/1697420555911-deleteCreatedAt.js", "JavaScript", 0, 0, 0, 0, 0, 0, 137, 0, 0, 0, 0, 0, 0, 0, 0, 0, 0, 4, 4, 145
"/Users/neilluo/workspaces/full-stack/misskey/packages/backend/migration/1697436246389-antenna-localOnly.js", "JavaScript", 0, 0, 0, 0, 0, 0, 9, 0, 0, 0, 0, 0, 0, 0, 0, 0, 0, 4, 4, 17
"/Users/neilluo/workspaces/full-stack/misskey/packages/backend/migration/1697441463087-FollowRequestWithReplies.js", "JavaScript", 0, 0, 0, 0, 0, 0, 9, 0, 0, 0, 0, 0, 0, 0, 0, 0, 0, 4, 5, 18
"/Users/neilluo/workspaces/full-stack/misskey/packages/backend/migration/1697673894459-note-reactionAndUserPairCache.js", "JavaScript", 0, 0, 0, 0, 0, 0, 9, 0, 0, 0, 0, 0, 0, 0, 0, 0, 0, 4, 5, 18
"/Users/neilluo/workspaces/full-stack/misskey/packages/backend/migration/1697847397844-avatar-decoration.js", "JavaScript", 0, 0, 0, 0, 0, 0, 11, 0, 0, 0, 0, 0, 0, 0, 0, 0, 0, 4, 4, 19
"/Users/neilluo/workspaces/full-stack/misskey/packages/backend/migration/1697941908548-avatar-decoration2.js", "JavaScript", 0, 0, 0, 0, 0, 0, 11, 0, 0, 0, 0, 0, 0, 0, 0, 0, 0, 4, 4, 19
"/Users/neilluo/workspaces/full-stack/misskey/packages/backend/migration/1698041201306-enable-ftt.js", "JavaScript", 0, 0, 0, 0, 0, 0, 9, 0, 0, 0, 0, 0, 0, 0, 0, 0, 0, 4, 4, 17
"/Users/neilluo/workspaces/full-stack/misskey/packages/backend/migration/1698840138000-add-allow-renote-to-external.js", "JavaScript", 0, 0, 0, 0, 0, 0, 9, 0, 0, 0, 0, 0, 0, 0, 0, 0, 0, 4, 4, 17
"/Users/neilluo/workspaces/full-stack/misskey/packages/backend/migration/1699141698112-announcement-silence.js", "JavaScript", 0, 0, 0, 0, 0, 0, 11, 0, 0, 0, 0, 0, 0, 0, 0, 0, 0, 4, 4, 19
"/Users/neilluo/workspaces/full-stack/misskey/packages/backend/migration/1700096812223-enableFanoutTimelineDbFallback.js", "JavaScript", 0, 0, 0, 0, 0, 0, 9, 0, 0, 0, 0, 0, 0, 0, 0, 0, 0, 4, 4, 17
"/Users/neilluo/workspaces/full-stack/misskey/packages/backend/migration/1700303245007-supportVerifyMailApi.js", "JavaScript", 0, 0, 0, 0, 0, 0, 11, 0, 0, 0, 0, 0, 0, 0, 0, 0, 0, 4, 4, 19
"/Users/neilluo/workspaces/full-stack/misskey/packages/backend/migration/1700383825690-hard-mute.js", "JavaScript", 0, 0, 0, 0, 0, 0, 9, 0, 0, 0, 0, 0, 0, 0, 0, 0, 0, 4, 4, 17
"/Users/neilluo/workspaces/full-stack/misskey/packages/backend/migration/1700902349231-add-bday-index.js", "JavaScript", 0, 0, 0, 0, 0, 0, 9, 0, 0, 0, 0, 0, 0, 0, 0, 0, 0, 4, 4, 17
"/Users/neilluo/workspaces/full-stack/misskey/packages/backend/migration/1702718871541-ffVisibility.js", "JavaScript", 0, 0, 0, 0, 0, 0, 30, 0, 0, 0, 0, 0, 0, 0, 0, 0, 0, 4, 4, 38
"/Users/neilluo/workspaces/full-stack/misskey/packages/backend/migration/1703209889304-bannedEmailDomains.js", "JavaScript", 0, 0, 0, 0, 0, 0, 11, 0, 0, 0, 0, 0, 0, 0, 0, 0, 0, 4, 4, 19
"/Users/neilluo/workspaces/full-stack/misskey/packages/backend/migration/1703658526000-supportTrueMailApi.js", "JavaScript", 0, 0, 0, 0, 0, 0, 13, 0, 0, 0, 0, 0, 0, 0, 0, 0, 0, 4, 4, 21
"/Users/neilluo/workspaces/full-stack/misskey/packages/backend/migration/1704373210054-support-mcaptcha.js", "JavaScript", 0, 0, 0, 0, 0, 0, 15, 0, 0, 0, 0, 0, 0, 0, 0, 0, 0, 4, 4, 23
"/Users/neilluo/workspaces/full-stack/misskey/packages/backend/migration/1704959805077-bubble-game-record.js", "JavaScript", 0, 0, 0, 0, 0, 0, 17, 0, 0, 0, 0, 0, 0, 0, 0, 0, 0, 4, 4, 25
"/Users/neilluo/workspaces/full-stack/misskey/packages/backend/migration/1705222772858-optimize-note-index-for-array-column.js", "JavaScript", 0, 0, 0, 0, 0, 0, 17, 0, 0, 0, 0, 0, 0, 0, 0, 0, 0, 4, 4, 25
"/Users/neilluo/workspaces/full-stack/misskey/packages/backend/migration/1705475608437-reversi.js", "JavaScript", 0, 0, 0, 0, 0, 0, 15, 0, 0, 0, 0, 0, 0, 0, 0, 0, 0, 4, 4, 23
"/Users/neilluo/workspaces/full-stack/misskey/packages/backend/migration/1705654039457-reversi-2.js", "JavaScript", 0, 0, 0, 0, 0, 0, 11, 0, 0, 0, 0, 0, 0, 0, 0, 0, 0, 4, 4, 19
"/Users/neilluo/workspaces/full-stack/misskey/packages/backend/migration/1705793785675-reversi-3.js", "JavaScript", 0, 0, 0, 0, 0, 0, 11, 0, 0, 0, 0, 0, 0, 0, 0, 0, 0, 4, 4, 19
"/Users/neilluo/workspaces/full-stack/misskey/packages/backend/migration/1705794768153-reversi-4.js", "JavaScript", 0, 0, 0, 0, 0, 0, 11, 0, 0, 0, 0, 0, 0, 0, 0, 0, 0, 4, 4, 19
"/Users/neilluo/workspaces/full-stack/misskey/packages/backend/migration/1705798904141-reversi-5.js", "JavaScript", 0, 0, 0, 0, 0, 0, 9, 0, 0, 0, 0, 0, 0, 0, 0, 0, 0, 4, 4, 17
"/Users/neilluo/workspaces/full-stack/misskey/packages/backend/migration/1706081514499-reversi-6.js", "JavaScript", 0, 0, 0, 0, 0, 0, 9, 0, 0, 0, 0, 0, 0, 0, 0, 0, 0, 4, 4, 17
"/Users/neilluo/workspaces/full-stack/misskey/packages/backend/migration/1706791962000-fix-meta-disableRegistration.js", "JavaScript", 0, 0, 0, 0, 0, 0, 9, 0, 0, 0, 0, 0, 0, 0, 0, 0, 0, 4, 4, 17
"/Users/neilluo/workspaces/full-stack/misskey/packages/backend/migration/1707429690000-prohibited-words.js", "JavaScript", 0, 0, 0, 0, 0, 0, 9, 0, 0, 0, 0, 0, 0, 0, 0, 0, 0, 4, 4, 17
"/Users/neilluo/workspaces/full-stack/misskey/packages/backend/migration/1707808106310-MakeRepositoryUrlNullable.js", "JavaScript", 0, 0, 0, 0, 0, 0, 9, 0, 0, 0, 0, 0, 0, 0, 0, 0, 0, 4, 4, 17
"/Users/neilluo/workspaces/full-stack/misskey/packages/backend/migration/1708266695091-repositoryUrl-from-syuilo-to-misskey-dev.js", "JavaScript", 0, 0, 0, 0, 0, 0, 8, 0, 0, 0, 0, 0, 0, 0, 0, 0, 0, 5, 4, 17
"/Users/neilluo/workspaces/full-stack/misskey/packages/backend/migration/1708399372194-per-instance-mod-note.js", "JavaScript", 0, 0, 0, 0, 0, 0, 9, 0, 0, 0, 0, 0, 0, 0, 0, 0, 0, 4, 4, 17
"/Users/neilluo/workspaces/full-stack/misskey/packages/backend/migration/1709126576000-optimize-emoji-index.js", "JavaScript", 0, 0, 0, 0, 0, 0, 11, 0, 0, 0, 0, 0, 0, 0, 0, 0, 0, 4, 4, 19
"/Users/neilluo/workspaces/full-stack/misskey/packages/backend/migration/1710512074000-url-preview-meta.js", "JavaScript", 0, 0, 0, 0, 0, 0, 35, 0, 0, 0, 0, 0, 0, 0, 0, 0, 0, 4, 4, 43
"/Users/neilluo/workspaces/full-stack/misskey/packages/backend/migration/1710919614510-antenna-exclude-bots.js", "JavaScript", 0, 0, 0, 0, 0, 0, 9, 0, 0, 0, 0, 0, 0, 0, 0, 0, 0, 4, 4, 17
"/Users/neilluo/workspaces/full-stack/misskey/packages/backend/migration/1713656541000-abuse-report-notification.js", "JavaScript", 0, 0, 0, 0, 0, 0, 53, 0, 0, 0, 0, 0, 0, 0, 0, 0, 0, 4, 6, 63
"/Users/neilluo/workspaces/full-stack/misskey/packages/backend/migration/1716129964060-ChannelIdDenormalizedForMiPoll.js", "JavaScript", 0, 0, 0, 0, 0, 0, 14, 0, 0, 0, 0, 0, 0, 0, 0, 0, 0, 4, 4, 22
"/Users/neilluo/workspaces/full-stack/misskey/packages/backend/migration/1716197366117-MediaSilenceForHosts.js", "JavaScript", 0, 0, 0, 0, 0, 0, 9, 0, 0, 0, 0, 0, 0, 0, 0, 0, 0, 4, 4, 17
"/Users/neilluo/workspaces/full-stack/misskey/packages/backend/migration/1716345015347-NotRespondingSince.js", "JavaScript", 0, 0, 0, 0, 0, 0, 9, 0, 0, 0, 0, 0, 0, 0, 0, 0, 0, 4, 4, 17
"/Users/neilluo/workspaces/full-stack/misskey/packages/backend/migration/1716447138870-SuspensionStateInsteadOfIsSspended.js", "JavaScript", 0, 0, 0, 0, 0, 0, 31, 0, 0, 0, 0, 0, 0, 0, 0, 0, 0, 4, 16, 51
"/Users/neilluo/workspaces/full-stack/misskey/packages/backend/migration/1716450883149-RemoveAntennaNotify.js", "JavaScript", 0, 0, 0, 0, 0, 0, 9, 0, 0, 0, 0, 0, 0, 0, 0, 0, 0, 4, 4, 17
"/Users/neilluo/workspaces/full-stack/misskey/packages/backend/migration/1717117195275-inquiryUrl.js", "JavaScript", 0, 0, 0, 0, 0, 0, 9, 0, 0, 0, 0, 0, 0, 0, 0, 0, 0, 4, 4, 17
"/Users/neilluo/workspaces/full-stack/misskey/packages/backend/migration/1721666053703-fixDriveUrl.js", "JavaScript", 0, 0, 0, 0, 0, 0, 17, 0, 0, 0, 0, 0, 0, 0, 0, 0, 0, 4, 4, 25
"/Users/neilluo/workspaces/full-stack/misskey/packages/backend/migration/1723944246767-followedMessage.js", "JavaScript", 0, 0, 0, 0, 0, 0, 9, 0, 0, 0, 0, 0, 0, 0, 0, 0, 0, 4, 4, 17
"/Users/neilluo/workspaces/full-stack/misskey/packages/backend/migration/1726804538569-reactions-buffering.js", "JavaScript", 0, 0, 0, 0, 0, 0, 9, 0, 0, 0, 0, 0, 0, 0, 0, 0, 0, 4, 4, 17
"/Users/neilluo/workspaces/full-stack/misskey/packages/backend/migration/1727318020265-enableStatsForFederatedInstances.js", "JavaScript", 0, 0, 0, 0, 0, 0, 9, 0, 0, 0, 0, 0, 0, 0, 0, 0, 0, 4, 4, 17
"/Users/neilluo/workspaces/full-stack/misskey/packages/backend/migration/1727491883993-user-score.js", "JavaScript", 0, 0, 0, 0, 0, 0, 9, 0, 0, 0, 0, 0, 0, 0, 0, 0, 0, 4, 4, 17
"/Users/neilluo/workspaces/full-stack/misskey/packages/backend/migration/1727512908322-meta-federation.js", "JavaScript", 0, 0, 0, 0, 0, 0, 11, 0, 0, 0, 0, 0, 0, 0, 0, 0, 0, 4, 4, 19
"/Users/neilluo/workspaces/full-stack/misskey/packages/backend/migration/1728085812127-refine-abuse-user-report.js", "JavaScript", 0, 0, 0, 0, 0, 0, 11, 0, 0, 0, 0, 0, 0, 0, 0, 0, 0, 4, 4, 19
"/Users/neilluo/workspaces/full-stack/misskey/packages/backend/migration/1728550878802-testcaptcha.js", "JavaScript", 0, 0, 0, 0, 0, 0, 9, 0, 0, 0, 0, 0, 0, 0, 0, 0, 0, 4, 4, 17
"/Users/neilluo/workspaces/full-stack/misskey/packages/backend/migration/1728634286056-prohibitedWordsForNameOfUser.js", "JavaScript", 0, 0, 0, 0, 0, 0, 8, 0, 0, 0, 0, 0, 0, 0, 0, 0, 0, 4, 3, 15
"/Users/neilluo/workspaces/full-stack/misskey/packages/backend/migration/1729333924409-signinRequiredForShowContents.js", "JavaScript", 0, 0, 0, 0, 0, 0, 9, 0, 0, 0, 0, 0, 0, 0, 0, 0, 0, 4, 4, 17
"/Users/neilluo/workspaces/full-stack/misskey/packages/backend/migration/1729486255072-makeNotesHiddenBefore.js", "JavaScript", 0, 0, 0, 0, 0, 0, 11, 0, 0, 0, 0, 0, 0, 0, 0, 0, 0, 4, 4, 19
"/Users/neilluo/workspaces/full-stack/misskey/packages/backend/migration/1736230492103-addAntennaHideNotesInSensitiveChannel.js", "JavaScript", 0, 0, 0, 0, 0, 0, 9, 0, 0, 0, 0, 0, 0, 0, 0, 0, 0, 4, 4, 17
"/Users/neilluo/workspaces/full-stack/misskey/packages/backend/migration/1739006797620-GoogleAnalytics.js", "JavaScript", 0, 0, 0, 0, 0, 0, 9, 0, 0, 0, 0, 0, 0, 0, 0, 0, 0, 4, 4, 17
"/Users/neilluo/workspaces/full-stack/misskey/packages/backend/migration/1740121393164-system-accounts.js", "JavaScript", 0, 0, 0, 0, 0, 0, 27, 0, 0, 0, 0, 0, 0, 0, 0, 0, 0, 4, 7, 38
"/Users/neilluo/workspaces/full-stack/misskey/packages/backend/migration/1740129169650-system-accounts-2.js", "JavaScript", 0, 0, 0, 0, 0, 0, 15, 0, 0, 0, 0, 0, 0, 0, 0, 0, 0, 4, 4, 23
"/Users/neilluo/workspaces/full-stack/misskey/packages/backend/migration/1740133121105-system-accounts-3.js", "JavaScript", 0, 0, 0, 0, 0, 0, 15, 0, 0, 0, 0, 0, 0, 0, 0, 0, 0, 4, 5, 24
"/Users/neilluo/workspaces/full-stack/misskey/packages/backend/migration/1740993126937-system-accounts-4.js", "JavaScript", 0, 0, 0, 0, 0, 0, 9, 0, 0, 0, 0, 0, 0, 0, 0, 0, 0, 5, 4, 18
"/Users/neilluo/workspaces/full-stack/misskey/packages/backend/migration/1741279404074-system-accounts-fixup.js", "JavaScript", 0, 0, 0, 0, 0, 0, 17, 0, 0, 0, 0, 0, 0, 0, 0, 0, 0, 5, 5, 27
"/Users/neilluo/workspaces/full-stack/misskey/packages/backend/migration/1741424411879-user-featured-fixup.js", "JavaScript", 0, 0, 0, 0, 0, 0, 16, 0, 0, 0, 0, 0, 0, 0, 0, 0, 0, 6, 5, 27
"/Users/neilluo/workspaces/full-stack/misskey/packages/backend/migration/1742203321812-chat.js", "JavaScript", 0, 0, 0, 0, 0, 0, 39, 0, 0, 0, 0, 0, 0, 0, 0, 0, 0, 4, 4, 47
"/Users/neilluo/workspaces/full-stack/misskey/packages/backend/migration/1742608337548-chat-2.js", "JavaScript", 0, 0, 0, 0, 0, 0, 11, 0, 0, 0, 0, 0, 0, 0, 0, 0, 0, 4, 4, 19
"/Users/neilluo/workspaces/full-stack/misskey/packages/backend/migration/1742617546147-chat-3.js", "JavaScript", 0, 0, 0, 0, 0, 0, 19, 0, 0, 0, 0, 0, 0, 0, 0, 0, 0, 4, 4, 27
"/Users/neilluo/workspaces/full-stack/misskey/packages/backend/migration/1742707840715-chat-4.js", "JavaScript", 0, 0, 0, 0, 0, 0, 19, 0, 0, 0, 0, 0, 0, 0, 0, 0, 0, 4, 4, 27
"/Users/neilluo/workspaces/full-stack/misskey/packages/backend/migration/1742721896936-chat-5.js", "JavaScript", 0, 0, 0, 0, 0, 0, 9, 0, 0, 0, 0, 0, 0, 0, 0, 0, 0, 4, 4, 17
"/Users/neilluo/workspaces/full-stack/misskey/packages/backend/migration/1742795111958-chat-6.js", "JavaScript", 0, 0, 0, 0, 0, 0, 13, 0, 0, 0, 0, 0, 0, 0, 0, 0, 0, 4, 4, 21
"/Users/neilluo/workspaces/full-stack/misskey/packages/backend/migration/1743558299182-RoleCopyOnMoveAccount.js", "JavaScript", 0, 0, 0, 0, 0, 0, 9, 0, 0, 0, 0, 0, 0, 0, 0, 0, 0, 4, 4, 17
"/Users/neilluo/workspaces/full-stack/misskey/packages/backend/migration/1744075766000-excludeNotesInSensitiveChannel.js", "JavaScript", 0, 0, 0, 0, 0, 0, 9, 0, 0, 0, 0, 0, 0, 0, 0, 0, 0, 4, 4, 17
"/Users/neilluo/workspaces/full-stack/misskey/packages/backend/nsfw-model/model.json", "JSON", 0, 0, 0, 0, 0, 1, 0, 0, 0, 0, 0, 0, 0, 0, 0, 0, 0, 0, 0, 1
"/Users/neilluo/workspaces/full-stack/misskey/packages/backend/ormconfig.js", "JavaScript", 0, 0, 0, 0, 0, 0, 15, 0, 0, 0, 0, 0, 0, 0, 0, 0, 0, 0, 3, 18
"/Users/neilluo/workspaces/full-stack/misskey/packages/backend/package.json", "JSON", 0, 0, 0, 0, 0, 241, 0, 0, 0, 0, 0, 0, 0, 0, 0, 0, 0, 0, 1, 242
"/Users/neilluo/workspaces/full-stack/misskey/packages/backend/scripts/check_connect.js", "JavaScript", 0, 0, 0, 0, 0, 0, 41, 0, 0, 0, 0, 0, 0, 0, 0, 0, 0, 6, 10, 57
"/Users/neilluo/workspaces/full-stack/misskey/packages/backend/scripts/dev.mjs", "JavaScript", 0, 0, 0, 0, 0, 0, 46, 0, 0, 0, 0, 0, 0, 0, 0, 0, 0, 10, 8, 64
"/Users/neilluo/workspaces/full-stack/misskey/packages/backend/scripts/generate_api_json.js", "JavaScript", 0, 0, 0, 0, 0, 0, 22, 0, 0, 0, 0, 0, 0, 0, 0, 0, 0, 6, 9, 37
"/Users/neilluo/workspaces/full-stack/misskey/packages/backend/scripts/watch.mjs", "JavaScript", 0, 0, 0, 0, 0, 0, 13, 0, 0, 0, 0, 0, 0, 0, 0, 0, 0, 11, 5, 29
"/Users/neilluo/workspaces/full-stack/misskey/packages/backend/src/@types/hcaptcha.d.ts", "TypeScript", 0, 0, 10, 0, 0, 0, 0, 0, 0, 0, 0, 0, 0, 0, 0, 0, 0, 4, 3, 17
"/Users/neilluo/workspaces/full-stack/misskey/packages/backend/src/@types/http-signature.d.ts", "TypeScript", 0, 0, 60, 0, 0, 0, 0, 0, 0, 0, 0, 0, 0, 0, 0, 0, 0, 4, 19, 83
"/Users/neilluo/workspaces/full-stack/misskey/packages/backend/src/@types/os-utils.d.ts", "TypeScript", 0, 0, 21, 0, 0, 0, 0, 0, 0, 0, 0, 0, 0, 0, 0, 0, 0, 4, 11, 36
"/Users/neilluo/workspaces/full-stack/misskey/packages/backend/src/@types/package.json.d.ts", "TypeScript", 0, 0, 9, 0, 0, 0, 0, 0, 0, 0, 0, 0, 0, 0, 0, 0, 0, 4, 3, 16
"/Users/neilluo/workspaces/full-stack/misskey/packages/backend/src/@types/probe-image-size.d.ts", "TypeScript", 0, 0, 22, 0, 0, 0, 0, 0, 0, 0, 0, 0, 0, 0, 0, 0, 0, 4, 7, 33
"/Users/neilluo/workspaces/full-stack/misskey/packages/backend/src/@types/redis-lock.d.ts", "TypeScript", 0, 0, 6, 0, 0, 0, 0, 0, 0, 0, 0, 0, 0, 0, 0, 0, 0, 4, 4, 14
"/Users/neilluo/workspaces/full-stack/misskey/packages/backend/src/GlobalModule.ts", "TypeScript", 0, 0, 156, 0, 0, 0, 0, 0, 0, 0, 0, 0, 0, 0, 0, 0, 0, 8, 22, 186
"/Users/neilluo/workspaces/full-stack/misskey/packages/backend/src/MainModule.ts", "TypeScript", 0, 0, 12, 0, 0, 0, 0, 0, 0, 0, 0, 0, 0, 0, 0, 0, 0, 4, 3, 19
"/Users/neilluo/workspaces/full-stack/misskey/packages/backend/src/NestLogger.ts", "TypeScript", 0, 0, 28, 0, 0, 0, 0, 0, 0, 0, 0, 0, 0, 0, 0, 0, 0, 19, 8, 55
"/Users/neilluo/workspaces/full-stack/misskey/packages/backend/src/boot/common.ts", "TypeScript", 0, 0, 30, 0, 0, 0, 0, 0, 0, 0, 0, 0, 0, 0, 0, 0, 0, 4, 9, 43
"/Users/neilluo/workspaces/full-stack/misskey/packages/backend/src/boot/entry.ts", "TypeScript", 0, 0, 58, 0, 0, 0, 0, 0, 0, 0, 0, 0, 0, 0, 0, 0, 0, 20, 18, 96
"/Users/neilluo/workspaces/full-stack/misskey/packages/backend/src/boot/master.ts", "TypeScript", 0, 0, 139, 0, 0, 0, 0, 0, 0, 0, 0, 0, 0, 0, 0, 0, 0, 36, 35, 210
"/Users/neilluo/workspaces/full-stack/misskey/packages/backend/src/boot/ready.ts", "TypeScript", 0, 0, 1, 0, 0, 0, 0, 0, 0, 0, 0, 0, 0, 0, 0, 0, 0, 4, 2, 7
"/Users/neilluo/workspaces/full-stack/misskey/packages/backend/src/boot/worker.ts", "TypeScript", 0, 0, 30, 0, 0, 0, 0, 0, 0, 0, 0, 0, 0, 0, 0, 0, 0, 10, 10, 50
"/Users/neilluo/workspaces/full-stack/misskey/packages/backend/src/config.ts", "TypeScript", 0, 0, 309, 0, 0, 0, 0, 0, 0, 0, 0, 0, 0, 0, 0, 0, 0, 13, 32, 354
"/Users/neilluo/workspaces/full-stack/misskey/packages/backend/src/const.ts", "TypeScript", 0, 0, 48, 0, 0, 0, 0, 0, 0, 0, 0, 0, 0, 0, 0, 0, 0, 28, 15, 91
"/Users/neilluo/workspaces/full-stack/misskey/packages/backend/src/core/AbuseReportNotificationService.ts", "TypeScript", 0, 0, 314, 0, 0, 0, 0, 0, 0, 0, 0, 0, 0, 0, 0, 0, 0, 74, 45, 433
"/Users/neilluo/workspaces/full-stack/misskey/packages/backend/src/core/AbuseReportService.ts", "TypeScript", 0, 0, 132, 0, 0, 0, 0, 0, 0, 0, 0, 0, 0, 0, 0, 0, 0, 22, 23, 177
"/Users/neilluo/workspaces/full-stack/misskey/packages/backend/src/core/AccountMoveService.ts", "TypeScript", 0, 0, 263, 0, 0, 0, 0, 0, 0, 0, 0, 0, 0, 0, 0, 0, 0, 56, 56, 375
"/Users/neilluo/workspaces/full-stack/misskey/packages/backend/src/core/AccountUpdateService.ts", "TypeScript", 0, 0, 31, 0, 0, 0, 0, 0, 0, 0, 0, 0, 0, 0, 0, 0, 0, 5, 6, 42
"/Users/neilluo/workspaces/full-stack/misskey/packages/backend/src/core/AchievementService.ts", "TypeScript", 0, 0, 114, 0, 0, 0, 0, 0, 0, 0, 0, 0, 0, 0, 0, 0, 0, 4, 11, 129
"/Users/neilluo/workspaces/full-stack/misskey/packages/backend/src/core/AiService.ts", "TypeScript", 0, 0, 72, 0, 0, 0, 0, 0, 0, 0, 0, 0, 0, 0, 0, 0, 0, 5, 13, 90
"/Users/neilluo/workspaces/full-stack/misskey/packages/backend/src/core/AnnouncementService.ts", "TypeScript", 0, 0, 192, 0, 0, 0, 0, 0, 0, 0, 0, 0, 0, 0, 0, 0, 0, 5, 27, 224
"/Users/neilluo/workspaces/full-stack/misskey/packages/backend/src/core/AntennaService.ts", "TypeScript", 0, 0, 172, 0, 0, 0, 0, 0, 0, 0, 0, 0, 0, 0, 0, 0, 0, 10, 39, 221
"/Users/neilluo/workspaces/full-stack/misskey/packages/backend/src/core/AppLockService.ts", "TypeScript", 0, 0, 25, 0, 0, 0, 0, 0, 0, 0, 0, 0, 0, 0, 0, 0, 0, 13, 7, 45
"/Users/neilluo/workspaces/full-stack/misskey/packages/backend/src/core/AvatarDecorationService.ts", "TypeScript", 0, 0, 103, 0, 0, 0, 0, 0, 0, 0, 0, 0, 0, 0, 0, 0, 0, 4, 23, 130
"/Users/neilluo/workspaces/full-stack/misskey/packages/backend/src/core/CacheService.ts", "TypeScript", 0, 0, 170, 0, 0, 0, 0, 0, 0, 0, 0, 0, 0, 0, 0, 0, 0, 6, 26, 202
"/Users/neilluo/workspaces/full-stack/misskey/packages/backend/src/core/CaptchaService.ts", "TypeScript", 0, 0, 338, 0, 0, 0, 0, 0, 0, 0, 0, 0, 0, 0, 0, 0, 0, 21, 47, 406
"/Users/neilluo/workspaces/full-stack/misskey/packages/backend/src/core/ChannelFollowingService.ts", "TypeScript", 0, 0, 92, 0, 0, 0, 0, 0, 0, 0, 0, 0, 0, 0, 0, 0, 0, 4, 14, 110
"/Users/neilluo/workspaces/full-stack/misskey/packages/backend/src/core/ChatService.ts", "TypeScript", 0, 0, 731, 0, 0, 0, 0, 0, 0, 0, 0, 0, 0, 0, 0, 0, 0, 22, 173, 926
"/Users/neilluo/workspaces/full-stack/misskey/packages/backend/src/core/ClipService.ts", "TypeScript", 0, 0, 126, 0, 0, 0, 0, 0, 0, 0, 0, 0, 0, 0, 0, 0, 0, 4, 29, 159
"/Users/neilluo/workspaces/full-stack/misskey/packages/backend/src/core/CoreModule.ts", "TypeScript", 0, 0, 856, 0, 0, 0, 0, 0, 0, 0, 0, 0, 0, 0, 0, 0, 0, 10, 24, 890
"/Users/neilluo/workspaces/full-stack/misskey/packages/backend/src/core/CustomEmojiService.ts", "TypeScript", 0, 0, 500, 0, 0, 0, 0, 0, 0, 0, 0, 0, 0, 0, 0, 0, 0, 33, 76, 609
"/Users/neilluo/workspaces/full-stack/misskey/packages/backend/src/core/DeleteAccountService.ts", "TypeScript", 0, 0, 76, 0, 0, 0, 0, 0, 0, 0, 0, 0, 0, 0, 0, 0, 0, 7, 19, 102
"/Users/neilluo/workspaces/full-stack/misskey/packages/backend/src/core/DownloadService.ts", "TypeScript", 0, 0, 110, 0, 0, 0, 0, 0, 0, 0, 0, 0, 0, 0, 0, 0, 0, 6, 19, 135
"/Users/neilluo/workspaces/full-stack/misskey/packages/backend/src/core/DriveService.ts", "TypeScript", 0, 0, 680, 0, 0, 0, 0, 0, 0, 0, 0, 0, 0, 0, 0, 0, 0, 79, 120, 879
"/Users/neilluo/workspaces/full-stack/misskey/packages/backend/src/core/EmailService.ts", "TypeScript", 0, 0, 331, 0, 0, 0, 0, 0, 0, 0, 0, 0, 0, 0, 0, 0, 0, 6, 37, 374
"/Users/neilluo/workspaces/full-stack/misskey/packages/backend/src/core/FanoutTimelineEndpointService.ts", "TypeScript", 0, 0, 140, 0, 0, 0, 0, 0, 0, 0, 0, 0, 0, 0, 0, 0, 0, 9, 31, 180
"/Users/neilluo/workspaces/full-stack/misskey/packages/backend/src/core/FanoutTimelineService.ts", "TypeScript", 0, 0, 88, 0, 0, 0, 0, 0, 0, 0, 0, 0, 0, 0, 0, 0, 0, 14, 14, 116
"/Users/neilluo/workspaces/full-stack/misskey/packages/backend/src/core/FeaturedService.ts", "TypeScript", 0, 0, 118, 0, 0, 0, 0, 0, 0, 0, 0, 0, 0, 0, 0, 0, 0, 4, 24, 146
"/Users/neilluo/workspaces/full-stack/misskey/packages/backend/src/core/FederatedInstanceService.ts", "TypeScript", 0, 0, 92, 0, 0, 0, 0, 0, 0, 0, 0, 0, 0, 0, 0, 0, 0, 4, 19, 115
"/Users/neilluo/workspaces/full-stack/misskey/packages/backend/src/core/FetchInstanceMetadataService.ts", "TypeScript", 0, 0, 251, 0, 0, 0, 0, 0, 0, 0, 0, 0, 0, 0, 0, 0, 0, 14, 64, 329
"/Users/neilluo/workspaces/full-stack/misskey/packages/backend/src/core/FileInfoService.ts", "TypeScript", 0, 0, 393, 0, 0, 0, 0, 0, 0, 0, 0, 0, 0, 0, 0, 0, 0, 40, 46, 479
"/Users/neilluo/workspaces/full-stack/misskey/packages/backend/src/core/FlashService.ts", "TypeScript", 0, 0, 24, 0, 0, 0, 0, 0, 0, 0, 0, 0, 0, 0, 0, 0, 0, 10, 7, 41
"/Users/neilluo/workspaces/full-stack/misskey/packages/backend/src/core/GlobalEventService.ts", "TypeScript", 0, 0, 380, 0, 0, 0, 0, 0, 0, 0, 0, 0, 0, 0, 0, 0, 0, 16, 39, 435
"/Users/neilluo/workspaces/full-stack/misskey/packages/backend/src/core/HashtagService.ts", "TypeScript", 0, 0, 197, 0, 0, 0, 0, 0, 0, 0, 0, 0, 0, 0, 0, 0, 0, 16, 39, 252
"/Users/neilluo/workspaces/full-stack/misskey/packages/backend/src/core/HttpRequestService.ts", "TypeScript", 0, 0, 267, 0, 0, 0, 0, 0, 0, 0, 0, 0, 0, 0, 0, 0, 0, 38, 47, 352
"/Users/neilluo/workspaces/full-stack/misskey/packages/backend/src/core/IdService.ts", "TypeScript", 0, 0, 70, 0, 0, 0, 0, 0, 0, 0, 0, 0, 0, 0, 0, 0, 0, 9, 9, 88
"/Users/neilluo/workspaces/full-stack/misskey/packages/backend/src/core/ImageProcessingService.ts", "TypeScript", 0, 0, 124, 0, 0, 0, 0, 0, 0, 0, 0, 0, 0, 0, 0, 0, 0, 16, 25, 165
"/Users/neilluo/workspaces/full-stack/misskey/packages/backend/src/core/InternalStorageService.ts", "TypeScript", 0, 0, 43, 0, 0, 0, 0, 0, 0, 0, 0, 0, 0, 0, 0, 0, 0, 4, 10, 57
"/Users/neilluo/workspaces/full-stack/misskey/packages/backend/src/core/LoggerService.ts", "TypeScript", 0, 0, 14, 0, 0, 0, 0, 0, 0, 0, 0, 0, 0, 0, 0, 0, 0, 4, 4, 22
"/Users/neilluo/workspaces/full-stack/misskey/packages/backend/src/core/MetaService.ts", "TypeScript", 0, 0, 128, 0, 0, 0, 0, 0, 0, 0, 0, 0, 0, 0, 0, 0, 0, 8, 27, 163
"/Users/neilluo/workspaces/full-stack/misskey/packages/backend/src/core/MfmService.ts", "TypeScript", 0, 0, 409, 0, 0, 0, 0, 0, 0, 0, 0, 0, 0, 0, 0, 0, 0, 19, 75, 503
"/Users/neilluo/workspaces/full-stack/misskey/packages/backend/src/core/ModerationLogService.ts", "TypeScript", 0, 0, 26, 0, 0, 0, 0, 0, 0, 0, 0, 0, 0, 0, 0, 0, 0, 4, 5, 35
"/Users/neilluo/workspaces/full-stack/misskey/packages/backend/src/core/NoteCreateService.ts", "TypeScript", 0, 0, 803, 0, 0, 0, 0, 0, 0, 0, 0, 0, 0, 0, 0, 0, 0, 61, 154, 1018
"/Users/neilluo/workspaces/full-stack/misskey/packages/backend/src/core/NoteDeleteService.ts", "TypeScript", 0, 0, 169, 0, 0, 0, 0, 0, 0, 0, 0, 0, 0, 0, 0, 0, 0, 15, 32, 216
"/Users/neilluo/workspaces/full-stack/misskey/packages/backend/src/core/NotePiningService.ts", "TypeScript", 0, 0, 88, 0, 0, 0, 0, 0, 0, 0, 0, 0, 0, 0, 0, 0, 0, 18, 22, 128
"/Users/neilluo/workspaces/full-stack/misskey/packages/backend/src/core/NotificationService.ts", "TypeScript", 0, 0, 244, 0, 0, 0, 0, 0, 0, 0, 0, 0, 0, 0, 0, 0, 0, 34, 47, 325
"/Users/neilluo/workspaces/full-stack/misskey/packages/backend/src/core/PollService.ts", "TypeScript", 0, 0, 81, 0, 0, 0, 0, 0, 0, 0, 0, 0, 0, 0, 0, 0, 0, 8, 20, 109
"/Users/neilluo/workspaces/full-stack/misskey/packages/backend/src/core/PushNotificationService.ts", "TypeScript", 0, 0, 107, 0, 0, 0, 0, 0, 0, 0, 0, 0, 0, 0, 0, 0, 0, 11, 21, 139
"/Users/neilluo/workspaces/full-stack/misskey/packages/backend/src/core/QueryService.ts", "TypeScript", 0, 0, 201, 0, 0, 0, 0, 0, 0, 0, 0, 0, 0, 0, 0, 0, 0, 19, 35, 255
"/Users/neilluo/workspaces/full-stack/misskey/packages/backend/src/core/QueueModule.ts", "TypeScript", 0, 0, 125, 0, 0, 0, 0, 0, 0, 0, 0, 0, 0, 0, 0, 0, 0, 6, 15, 146
"/Users/neilluo/workspaces/full-stack/misskey/packages/backend/src/core/QueueService.ts", "TypeScript", 0, 0, 467, 0, 0, 0, 0, 0, 0, 0, 0, 0, 0, 0, 0, 0, 0, 22, 55, 544
"/Users/neilluo/workspaces/full-stack/misskey/packages/backend/src/core/ReactionService.ts", "TypeScript", 0, 0, 315, 0, 0, 0, 0, 0, 0, 0, 0, 0, 0, 0, 0, 0, 0, 52, 57, 424
"/Users/neilluo/workspaces/full-stack/misskey/packages/backend/src/core/ReactionsBufferingService.ts", "TypeScript", 0, 0, 170, 0, 0, 0, 0, 0, 0, 0, 0, 0, 0, 0, 0, 0, 0, 10, 32, 212
"/Users/neilluo/workspaces/full-stack/misskey/packages/backend/src/core/RegistryApiService.ts", "TypeScript", 0, 0, 117, 0, 0, 0, 0, 0, 0, 0, 0, 0, 0, 0, 0, 0, 0, 6, 25, 148
"/Users/neilluo/workspaces/full-stack/misskey/packages/backend/src/core/RelayService.ts", "TypeScript", 0, 0, 87, 0, 0, 0, 0, 0, 0, 0, 0, 0, 0, 0, 0, 0, 0, 4, 22, 113
"/Users/neilluo/workspaces/full-stack/misskey/packages/backend/src/core/RemoteLoggerService.ts", "TypeScript", 0, 0, 12, 0, 0, 0, 0, 0, 0, 0, 0, 0, 0, 0, 0, 0, 0, 4, 4, 20
"/Users/neilluo/workspaces/full-stack/misskey/packages/backend/src/core/RemoteUserResolveService.ts", "TypeScript", 0, 0, 126, 0, 0, 0, 0, 0, 0, 0, 0, 0, 0, 0, 0, 0, 0, 9, 24, 159
"/Users/neilluo/workspaces/full-stack/misskey/packages/backend/src/core/ReversiService.ts", "TypeScript", 0, 0, 518, 0, 0, 0, 0, 0, 0, 0, 0, 0, 0, 0, 0, 0, 0, 19, 97, 634
"/Users/neilluo/workspaces/full-stack/misskey/packages/backend/src/core/RoleService.ts", "TypeScript", 0, 0, 587, 0, 0, 0, 0, 0, 0, 0, 0, 0, 0, 0, 0, 0, 0, 38, 76, 701
"/Users/neilluo/workspaces/full-stack/misskey/packages/backend/src/core/S3Service.ts", "TypeScript", 0, 0, 60, 0, 0, 0, 0, 0, 0, 0, 0, 0, 0, 0, 0, 0, 0, 4, 8, 72
"/Users/neilluo/workspaces/full-stack/misskey/packages/backend/src/core/SearchService.ts", "TypeScript", 0, 0, 268, 0, 0, 0, 0, 0, 0, 0, 0, 0, 0, 0, 0, 0, 0, 7, 34, 309
"/Users/neilluo/workspaces/full-stack/misskey/packages/backend/src/core/SignupService.ts", "TypeScript", 0, 0, 125, 0, 0, 0, 0, 0, 0, 0, 0, 0, 0, 0, 0, 0, 0, 11, 27, 163
"/Users/neilluo/workspaces/full-stack/misskey/packages/backend/src/core/SystemAccountService.ts", "TypeScript", 0, 0, 131, 0, 0, 0, 0, 0, 0, 0, 0, 0, 0, 0, 0, 0, 0, 7, 35, 173
"/Users/neilluo/workspaces/full-stack/misskey/packages/backend/src/core/SystemWebhookService.ts", "TypeScript", 0, 0, 216, 0, 0, 0, 0, 0, 0, 0, 0, 0, 0, 0, 0, 0, 0, 20, 24, 260
"/Users/neilluo/workspaces/full-stack/misskey/packages/backend/src/core/UserAuthService.ts", "TypeScript", 0, 0, 36, 0, 0, 0, 0, 0, 0, 0, 0, 0, 0, 0, 0, 0, 0, 4, 6, 46
"/Users/neilluo/workspaces/full-stack/misskey/packages/backend/src/core/UserBlockingService.ts", "TypeScript", 0, 0, 149, 0, 0, 0, 0, 0, 0, 0, 0, 0, 0, 0, 0, 0, 0, 9, 33, 191
"/Users/neilluo/workspaces/full-stack/misskey/packages/backend/src/core/UserFollowingService.ts", "TypeScript", 0, 0, 592, 0, 0, 0, 0, 0, 0, 0, 0, 0, 0, 0, 0, 0, 0, 68, 106, 766
"/Users/neilluo/workspaces/full-stack/misskey/packages/backend/src/core/UserKeypairService.ts", "TypeScript", 0, 0, 38, 0, 0, 0, 0, 0, 0, 0, 0, 0, 0, 0, 0, 0, 0, 4, 8, 50
"/Users/neilluo/workspaces/full-stack/misskey/packages/backend/src/core/UserListService.ts", "TypeScript", 0, 0, 130, 0, 0, 0, 0, 0, 0, 0, 0, 0, 0, 0, 0, 0, 0, 5, 24, 159
"/Users/neilluo/workspaces/full-stack/misskey/packages/backend/src/core/UserMutingService.ts", "TypeScript", 0, 0, 39, 0, 0, 0, 0, 0, 0, 0, 0, 0, 0, 0, 0, 0, 0, 4, 9, 52
"/Users/neilluo/workspaces/full-stack/misskey/packages/backend/src/core/UserRenoteMutingService.ts", "TypeScript", 0, 0, 39, 0, 0, 0, 0, 0, 0, 0, 0, 0, 0, 0, 0, 0, 0, 4, 10, 53
"/Users/neilluo/workspaces/full-stack/misskey/packages/backend/src/core/UserSearchService.ts", "TypeScript", 0, 0, 208, 0, 0, 0, 0, 0, 0, 0, 0, 0, 0, 0, 0, 0, 0, 50, 44, 302
"/Users/neilluo/workspaces/full-stack/misskey/packages/backend/src/core/UserService.ts", "TypeScript", 0, 0, 54, 0, 0, 0, 0, 0, 0, 0, 0, 0, 0, 0, 0, 0, 0, 10, 5, 69
"/Users/neilluo/workspaces/full-stack/misskey/packages/backend/src/core/UserSuspendService.ts", "TypeScript", 0, 0, 128, 0, 0, 0, 0, 0, 0, 0, 0, 0, 0, 0, 0, 0, 0, 6, 29, 163
"/Users/neilluo/workspaces/full-stack/misskey/packages/backend/src/core/UserWebhookService.ts", "TypeScript", 0, 0, 133, 0, 0, 0, 0, 0, 0, 0, 0, 0, 0, 0, 0, 0, 0, 11, 14, 158
"/Users/neilluo/workspaces/full-stack/misskey/packages/backend/src/core/UtilityService.ts", "TypeScript", 0, 0, 110, 0, 0, 0, 0, 0, 0, 0, 0, 0, 0, 0, 0, 0, 0, 14, 23, 147
"/Users/neilluo/workspaces/full-stack/misskey/packages/backend/src/core/VideoProcessingService.ts", "TypeScript", 0, 0, 51, 0, 0, 0, 0, 0, 0, 0, 0, 0, 0, 0, 0, 0, 0, 4, 10, 65
"/Users/neilluo/workspaces/full-stack/misskey/packages/backend/src/core/WebAuthnService.ts", "TypeScript", 0, 0, 261, 0, 0, 0, 0, 0, 0, 0, 0, 0, 0, 0, 0, 0, 0, 14, 52, 327
"/Users/neilluo/workspaces/full-stack/misskey/packages/backend/src/core/WebfingerService.ts", "TypeScript", 0, 0, 41, 0, 0, 0, 0, 0, 0, 0, 0, 0, 0, 0, 0, 0, 0, 4, 11, 56
"/Users/neilluo/workspaces/full-stack/misskey/packages/backend/src/core/WebhookTestService.ts", "TypeScript", 0, 0, 437, 0, 0, 0, 0, 0, 0, 0, 0, 0, 0, 0, 0, 0, 0, 27, 23, 487
"/Users/neilluo/workspaces/full-stack/misskey/packages/backend/src/core/activitypub/ApAudienceService.ts", "TypeScript", 0, 0, 90, 0, 0, 0, 0, 0, 0, 0, 0, 0, 0, 0, 0, 0, 0, 4, 19, 113
"/Users/neilluo/workspaces/full-stack/misskey/packages/backend/src/core/activitypub/ApDbResolverService.ts", "TypeScript", 0, 0, 136, 0, 0, 0, 0, 0, 0, 0, 0, 0, 0, 0, 0, 0, 0, 22, 29, 187
"/Users/neilluo/workspaces/full-stack/misskey/packages/backend/src/core/activitypub/ApDeliverManagerService.ts", "TypeScript", 0, 0, 144, 0, 0, 0, 0, 0, 0, 0, 0, 0, 0, 0, 0, 0, 0, 56, 30, 230
"/Users/neilluo/workspaces/full-stack/misskey/packages/backend/src/core/activitypub/ApInboxService.ts", "TypeScript", 0, 0, 616, 0, 0, 0, 0, 0, 0, 0, 0, 0, 0, 0, 0, 0, 0, 33, 155, 804
"/Users/neilluo/workspaces/full-stack/misskey/packages/backend/src/core/activitypub/ApLoggerService.ts", "TypeScript", 0, 0, 12, 0, 0, 0, 0, 0, 0, 0, 0, 0, 0, 0, 0, 0, 0, 4, 4, 20
"/Users/neilluo/workspaces/full-stack/misskey/packages/backend/src/core/activitypub/ApMfmService.ts", "TypeScript", 0, 0, 33, 0, 0, 0, 0, 0, 0, 0, 0, 0, 0, 0, 0, 0, 0, 4, 9, 46
"/Users/neilluo/workspaces/full-stack/misskey/packages/backend/src/core/activitypub/ApRendererService.ts", "TypeScript", 0, 0, 619, 0, 0, 0, 0, 0, 0, 0, 0, 0, 0, 0, 0, 0, 0, 32, 103, 754
"/Users/neilluo/workspaces/full-stack/misskey/packages/backend/src/core/activitypub/ApRequestService.ts", "TypeScript", 0, 0, 213, 0, 0, 0, 0, 0, 0, 0, 0, 0, 0, 0, 0, 0, 0, 14, 39, 266
"/Users/neilluo/workspaces/full-stack/misskey/packages/backend/src/core/activitypub/ApResolverService.ts", "TypeScript", 0, 0, 195, 0, 0, 0, 0, 0, 0, 0, 0, 0, 0, 0, 0, 0, 0, 9, 30, 234
"/Users/neilluo/workspaces/full-stack/misskey/packages/backend/src/core/activitypub/JsonLdService.ts", "TypeScript", 0, 0, 150, 0, 0, 0, 0, 0, 0, 0, 0, 0, 0, 0, 0, 0, 0, 7, 23, 180
"/Users/neilluo/workspaces/full-stack/misskey/packages/backend/src/core/activitypub/misc/check-against-url.ts", "TypeScript", 0, 0, 64, 0, 0, 0, 0, 0, 0, 0, 0, 0, 0, 0, 0, 0, 0, 47, 23, 134
"/Users/neilluo/workspaces/full-stack/misskey/packages/backend/src/core/activitypub/misc/contexts.ts", "TypeScript", 0, 0, 548, 0, 0, 0, 0, 0, 0, 0, 0, 0, 0, 0, 0, 0, 0, 10, 20, 578
"/Users/neilluo/workspaces/full-stack/misskey/packages/backend/src/core/activitypub/misc/validator.ts", "TypeScript", 0, 0, 29, 0, 0, 0, 0, 0, 0, 0, 0, 0, 0, 0, 0, 0, 0, 4, 7, 40
"/Users/neilluo/workspaces/full-stack/misskey/packages/backend/src/core/activitypub/models/ApImageService.ts", "TypeScript", 0, 0, 63, 0, 0, 0, 0, 0, 0, 0, 0, 0, 0, 0, 0, 0, 0, 19, 18, 100
"/Users/neilluo/workspaces/full-stack/misskey/packages/backend/src/core/activitypub/models/ApMentionService.ts", "TypeScript", 0, 0, 30, 0, 0, 0, 0, 0, 0, 0, 0, 0, 0, 0, 0, 0, 0, 4, 7, 41
"/Users/neilluo/workspaces/full-stack/misskey/packages/backend/src/core/activitypub/models/ApNoteService.ts", "TypeScript", 0, 0, 321, 0, 0, 0, 0, 0, 0, 0, 0, 0, 0, 0, 0, 0, 0, 47, 72, 440
"/Users/neilluo/workspaces/full-stack/misskey/packages/backend/src/core/activitypub/models/ApPersonService.ts", "TypeScript", 0, 0, 577, 0, 0, 0, 0, 0, 0, 0, 0, 0, 0, 0, 0, 0, 0, 100, 130, 807
"/Users/neilluo/workspaces/full-stack/misskey/packages/backend/src/core/activitypub/models/ApQuestionService.ts", "TypeScript", 0, 0, 84, 0, 0, 0, 0, 0, 0, 0, 0, 0, 0, 0, 0, 0, 0, 15, 30, 129
"/Users/neilluo/workspaces/full-stack/misskey/packages/backend/src/core/activitypub/models/icon.ts", "TypeScript", 0, 0, 5, 0, 0, 0, 0, 0, 0, 0, 0, 0, 0, 0, 0, 0, 0, 4, 2, 11
"/Users/neilluo/workspaces/full-stack/misskey/packages/backend/src/core/activitypub/models/identifier.ts", "TypeScript", 0, 0, 5, 0, 0, 0, 0, 0, 0, 0, 0, 0, 0, 0, 0, 0, 0, 4, 2, 11
"/Users/neilluo/workspaces/full-stack/misskey/packages/backend/src/core/activitypub/models/tag.ts", "TypeScript", 0, 0, 15, 0, 0, 0, 0, 0, 0, 0, 0, 0, 0, 0, 0, 0, 0, 4, 6, 25
"/Users/neilluo/workspaces/full-stack/misskey/packages/backend/src/core/activitypub/type.ts", "TypeScript", 0, 0, 280, 0, 0, 0, 0, 0, 0, 0, 0, 0, 0, 0, 0, 0, 0, 23, 54, 357
"/Users/neilluo/workspaces/full-stack/misskey/packages/backend/src/core/chart/ChartLoggerService.ts", "TypeScript", 0, 0, 12, 0, 0, 0, 0, 0, 0, 0, 0, 0, 0, 0, 0, 0, 0, 4, 4, 20
"/Users/neilluo/workspaces/full-stack/misskey/packages/backend/src/core/chart/ChartManagementService.ts", "TypeScript", 0, 0, 70, 0, 0, 0, 0, 0, 0, 0, 0, 0, 0, 0, 0, 0, 0, 5, 8, 83
"/Users/neilluo/workspaces/full-stack/misskey/packages/backend/src/core/chart/charts/active-users.ts", "TypeScript", 0, 0, 51, 0, 0, 0, 0, 0, 0, 0, 0, 0, 0, 0, 0, 0, 0, 7, 9, 67
"/Users/neilluo/workspaces/full-stack/misskey/packages/backend/src/core/chart/charts/ap-request.ts", "TypeScript", 0, 0, 44, 0, 0, 0, 0, 0, 0, 0, 0, 0, 0, 0, 0, 0, 0, 7, 9, 60
"/Users/neilluo/workspaces/full-stack/misskey/packages/backend/src/core/chart/charts/drive.ts", "TypeScript", 0, 0, 42, 0, 0, 0, 0, 0, 0, 0, 0, 0, 0, 0, 0, 0, 0, 7, 7, 56
"/Users/neilluo/workspaces/full-stack/misskey/packages/backend/src/core/chart/charts/entities/active-users.ts", "TypeScript", 0, 0, 14, 0, 0, 0, 0, 0, 0, 0, 0, 0, 0, 0, 0, 0, 0, 4, 5, 23
"/Users/neilluo/workspaces/full-stack/misskey/packages/backend/src/core/chart/charts/entities/ap-request.ts", "TypeScript", 0, 0, 8, 0, 0, 0, 0, 0, 0, 0, 0, 0, 0, 0, 0, 0, 0, 4, 5, 17
"/Users/neilluo/workspaces/full-stack/misskey/packages/backend/src/core/chart/charts/entities/drive.ts", "TypeScript", 0, 0, 13, 0, 0, 0, 0, 0, 0, 0, 0, 0, 0, 0, 0, 0, 0, 4, 5, 22
"/Users/neilluo/workspaces/full-stack/misskey/packages/backend/src/core/chart/charts/entities/federation.ts", "TypeScript", 0, 0, 13, 0, 0, 0, 0, 0, 0, 0, 0, 0, 0, 0, 0, 0, 0, 4, 5, 22
"/Users/neilluo/workspaces/full-stack/misskey/packages/backend/src/core/chart/charts/entities/instance.ts", "TypeScript", 0, 0, 29, 0, 0, 0, 0, 0, 0, 0, 0, 0, 0, 0, 0, 0, 0, 4, 5, 38
"/Users/neilluo/workspaces/full-stack/misskey/packages/backend/src/core/chart/charts/entities/notes.ts", "TypeScript", 0, 0, 19, 0, 0, 0, 0, 0, 0, 0, 0, 0, 0, 0, 0, 0, 0, 4, 5, 28
"/Users/neilluo/workspaces/full-stack/misskey/packages/backend/src/core/chart/charts/entities/per-user-drive.ts", "TypeScript", 0, 0, 11, 0, 0, 0, 0, 0, 0, 0, 0, 0, 0, 0, 0, 0, 0, 4, 5, 20
"/Users/neilluo/workspaces/full-stack/misskey/packages/backend/src/core/chart/charts/entities/per-user-following.ts", "TypeScript", 0, 0, 17, 0, 0, 0, 0, 0, 0, 0, 0, 0, 0, 0, 0, 0, 0, 4, 5, 26
"/Users/neilluo/workspaces/full-stack/misskey/packages/backend/src/core/chart/charts/entities/per-user-notes.ts", "TypeScript", 0, 0, 12, 0, 0, 0, 0, 0, 0, 0, 0, 0, 0, 0, 0, 0, 0, 4, 5, 21
"/Users/neilluo/workspaces/full-stack/misskey/packages/backend/src/core/chart/charts/entities/per-user-pv.ts", "TypeScript", 0, 0, 9, 0, 0, 0, 0, 0, 0, 0, 0, 0, 0, 0, 0, 0, 0, 4, 5, 18
"/Users/neilluo/workspaces/full-stack/misskey/packages/backend/src/core/chart/charts/entities/per-user-reactions.ts", "TypeScript", 0, 0, 7, 0, 0, 0, 0, 0, 0, 0, 0, 0, 0, 0, 0, 0, 0, 4, 5, 16
"/Users/neilluo/workspaces/full-stack/misskey/packages/backend/src/core/chart/charts/entities/test-grouped.ts", "TypeScript", 0, 0, 8, 0, 0, 0, 0, 0, 0, 0, 0, 0, 0, 0, 0, 0, 0, 4, 5, 17
"/Users/neilluo/workspaces/full-stack/misskey/packages/backend/src/core/chart/charts/entities/test-intersection.ts", "TypeScript", 0, 0, 8, 0, 0, 0, 0, 0, 0, 0, 0, 0, 0, 0, 0, 0, 0, 4, 5, 17
"/Users/neilluo/workspaces/full-stack/misskey/packages/backend/src/core/chart/charts/entities/test-unique.ts", "TypeScript", 0, 0, 6, 0, 0, 0, 0, 0, 0, 0, 0, 0, 0, 0, 0, 0, 0, 4, 5, 15
"/Users/neilluo/workspaces/full-stack/misskey/packages/backend/src/core/chart/charts/entities/test.ts", "TypeScript", 0, 0, 8, 0, 0, 0, 0, 0, 0, 0, 0, 0, 0, 0, 0, 0, 0, 4, 5, 17
"/Users/neilluo/workspaces/full-stack/misskey/packages/backend/src/core/chart/charts/entities/users.ts", "TypeScript", 0, 0, 11, 0, 0, 0, 0, 0, 0, 0, 0, 0, 0, 0, 0, 0, 0, 4, 5, 20
"/Users/neilluo/workspaces/full-stack/misskey/packages/backend/src/core/chart/charts/federation.ts", "TypeScript", 0, 0, 107, 0, 0, 0, 0, 0, 0, 0, 0, 0, 0, 0, 0, 0, 0, 7, 16, 130
"/Users/neilluo/workspaces/full-stack/misskey/packages/backend/src/core/chart/charts/instance.ts", "TypeScript", 0, 0, 117, 0, 0, 0, 0, 0, 0, 0, 0, 0, 0, 0, 0, 0, 0, 7, 18, 142
"/Users/neilluo/workspaces/full-stack/misskey/packages/backend/src/core/chart/charts/notes.ts", "TypeScript", 0, 0, 50, 0, 0, 0, 0, 0, 0, 0, 0, 0, 0, 0, 0, 0, 0, 7, 10, 67
"/Users/neilluo/workspaces/full-stack/misskey/packages/backend/src/core/chart/charts/per-user-drive.ts", "TypeScript", 0, 0, 51, 0, 0, 0, 0, 0, 0, 0, 0, 0, 0, 0, 0, 0, 0, 7, 9, 67
"/Users/neilluo/workspaces/full-stack/misskey/packages/backend/src/core/chart/charts/per-user-following.ts", "TypeScript", 0, 0, 63, 0, 0, 0, 0, 0, 0, 0, 0, 0, 0, 0, 0, 0, 0, 7, 10, 80
"/Users/neilluo/workspaces/full-stack/misskey/packages/backend/src/core/chart/charts/per-user-notes.ts", "TypeScript", 0, 0, 48, 0, 0, 0, 0, 0, 0, 0, 0, 0, 0, 0, 0, 0, 0, 7, 9, 64
"/Users/neilluo/workspaces/full-stack/misskey/packages/backend/src/core/chart/charts/per-user-pv.ts", "TypeScript", 0, 0, 41, 0, 0, 0, 0, 0, 0, 0, 0, 0, 0, 0, 0, 0, 0, 7, 8, 56
"/Users/neilluo/workspaces/full-stack/misskey/packages/backend/src/core/chart/charts/per-user-reactions.ts", "TypeScript", 0, 0, 37, 0, 0, 0, 0, 0, 0, 0, 0, 0, 0, 0, 0, 0, 0, 7, 7, 51
"/Users/neilluo/workspaces/full-stack/misskey/packages/backend/src/core/chart/charts/test-grouped.ts", "TypeScript", 0, 0, 38, 0, 0, 0, 0, 0, 0, 0, 0, 0, 0, 0, 0, 0, 0, 7, 10, 55
"/Users/neilluo/workspaces/full-stack/misskey/packages/backend/src/core/chart/charts/test-intersection.ts", "TypeScript", 0, 0, 38, 0, 0, 0, 0, 0, 0, 0, 0, 0, 0, 0, 0, 0, 0, 7, 8, 53
"/Users/neilluo/workspaces/full-stack/misskey/packages/backend/src/core/chart/charts/test-unique.ts", "TypeScript", 0, 0, 32, 0, 0, 0, 0, 0, 0, 0, 0, 0, 0, 0, 0, 0, 0, 7, 7, 46
"/Users/neilluo/workspaces/full-stack/misskey/packages/backend/src/core/chart/charts/test.ts", "TypeScript", 0, 0, 45, 0, 0, 0, 0, 0, 0, 0, 0, 0, 0, 0, 0, 0, 0, 7, 11, 63
"/Users/neilluo/workspaces/full-stack/misskey/packages/backend/src/core/chart/charts/users.ts", "TypeScript", 0, 0, 48, 0, 0, 0, 0, 0, 0, 0, 0, 0, 0, 0, 0, 0, 0, 7, 10, 65
"/Users/neilluo/workspaces/full-stack/misskey/packages/backend/src/core/chart/core.ts", "TypeScript", 0, 0, 544, 0, 0, 0, 0, 0, 0, 0, 0, 0, 0, 0, 0, 0, 0, 80, 107, 731
"/Users/neilluo/workspaces/full-stack/misskey/packages/backend/src/core/chart/entities.ts", "TypeScript", 0, 0, 36, 0, 0, 0, 0, 0, 0, 0, 0, 0, 0, 0, 0, 0, 0, 4, 5, 45
"/Users/neilluo/workspaces/full-stack/misskey/packages/backend/src/core/entities/AbuseReportNotificationRecipientEntityService.ts", "TypeScript", 0, 0, 74, 0, 0, 0, 0, 0, 0, 0, 0, 0, 0, 0, 0, 0, 0, 4, 10, 88
"/Users/neilluo/workspaces/full-stack/misskey/packages/backend/src/core/entities/AbuseUserReportEntityService.ts", "TypeScript", 0, 0, 72, 0, 0, 0, 0, 0, 0, 0, 0, 0, 0, 0, 0, 0, 0, 4, 7, 83
"/Users/neilluo/workspaces/full-stack/misskey/packages/backend/src/core/entities/AnnouncementEntityService.ts", "TypeScript", 0, 0, 59, 0, 0, 0, 0, 0, 0, 0, 0, 0, 0, 0, 0, 0, 0, 4, 9, 72
"/Users/neilluo/workspaces/full-stack/misskey/packages/backend/src/core/entities/AntennaEntityService.ts", "TypeScript", 0, 0, 41, 0, 0, 0, 0, 0, 0, 0, 0, 0, 0, 0, 0, 0, 0, 4, 6, 51
"/Users/neilluo/workspaces/full-stack/misskey/packages/backend/src/core/entities/AppEntityService.ts", "TypeScript", 0, 0, 47, 0, 0, 0, 0, 0, 0, 0, 0, 0, 0, 0, 0, 0, 0, 4, 7, 58
"/Users/neilluo/workspaces/full-stack/misskey/packages/backend/src/core/entities/AuthSessionEntityService.ts", "TypeScript", 0, 0, 29, 0, 0, 0, 0, 0, 0, 0, 0, 0, 0, 0, 0, 0, 0, 4, 6, 39
"/Users/neilluo/workspaces/full-stack/misskey/packages/backend/src/core/entities/BlockingEntityService.ts", "TypeScript", 0, 0, 48, 0, 0, 0, 0, 0, 0, 0, 0, 0, 0, 0, 0, 0, 0, 4, 7, 59
"/Users/neilluo/workspaces/full-stack/misskey/packages/backend/src/core/entities/ChannelEntityService.ts", "TypeScript", 0, 0, 82, 0, 0, 0, 0, 0, 0, 0, 0, 0, 0, 0, 0, 0, 0, 4, 17, 103
"/Users/neilluo/workspaces/full-stack/misskey/packages/backend/src/core/entities/ChatEntityService.ts", "TypeScript", 0, 0, 318, 0, 0, 0, 0, 0, 0, 0, 0, 0, 0, 0, 0, 0, 0, 4, 55, 377
"/Users/neilluo/workspaces/full-stack/misskey/packages/backend/src/core/entities/ClipEntityService.ts", "TypeScript", 0, 0, 58, 0, 0, 0, 0, 0, 0, 0, 0, 0, 0, 0, 0, 0, 0, 4, 10, 72
"/Users/neilluo/workspaces/full-stack/misskey/packages/backend/src/core/entities/DriveFileEntityService.ts", "TypeScript", 0, 0, 245, 0, 0, 0, 0, 0, 0, 0, 0, 0, 0, 0, 0, 0, 0, 11, 39, 295
"/Users/neilluo/workspaces/full-stack/misskey/packages/backend/src/core/entities/DriveFolderEntityService.ts", "TypeScript", 0, 0, 51, 0, 0, 0, 0, 0, 0, 0, 0, 0, 0, 0, 0, 0, 0, 4, 11, 66
"/Users/neilluo/workspaces/full-stack/misskey/packages/backend/src/core/entities/EmojiEntityService.ts", "TypeScript", 0, 0, 133, 0, 0, 0, 0, 0, 0, 0, 0, 0, 0, 0, 0, 0, 0, 8, 19, 160
"/Users/neilluo/workspaces/full-stack/misskey/packages/backend/src/core/entities/FlashEntityService.ts", "TypeScript", 0, 0, 75, 0, 0, 0, 0, 0, 0, 0, 0, 0, 0, 0, 0, 0, 0, 5, 9, 89
"/Users/neilluo/workspaces/full-stack/misskey/packages/backend/src/core/entities/FlashLikeEntityService.ts", "TypeScript", 0, 0, 35, 0, 0, 0, 0, 0, 0, 0, 0, 0, 0, 0, 0, 0, 0, 4, 8, 47
"/Users/neilluo/workspaces/full-stack/misskey/packages/backend/src/core/entities/FollowRequestEntityService.ts", "TypeScript", 0, 0, 51, 0, 0, 0, 0, 0, 0, 0, 0, 0, 0, 0, 0, 0, 0, 4, 8, 63
"/Users/neilluo/workspaces/full-stack/misskey/packages/backend/src/core/entities/FollowingEntityService.ts", "TypeScript", 0, 0, 106, 0, 0, 0, 0, 0, 0, 0, 0, 0, 0, 0, 0, 0, 0, 4, 17, 127
"/Users/neilluo/workspaces/full-stack/misskey/packages/backend/src/core/entities/GalleryLikeEntityService.ts", "TypeScript", 0, 0, 34, 0, 0, 0, 0, 0, 0, 0, 0, 0, 0, 0, 0, 0, 0, 4, 8, 46
"/Users/neilluo/workspaces/full-stack/misskey/packages/backend/src/core/entities/GalleryPostEntityService.ts", "TypeScript", 0, 0, 61, 0, 0, 0, 0, 0, 0, 0, 0, 0, 0, 0, 0, 0, 0, 5, 9, 75
"/Users/neilluo/workspaces/full-stack/misskey/packages/backend/src/core/entities/HashtagEntityService.ts", "TypeScript", 0, 0, 31, 0, 0, 0, 0, 0, 0, 0, 0, 0, 0, 0, 0, 0, 0, 4, 6, 41
"/Users/neilluo/workspaces/full-stack/misskey/packages/backend/src/core/entities/InstanceEntityService.ts", "TypeScript", 0, 0, 61, 0, 0, 0, 0, 0, 0, 0, 0, 0, 0, 0, 0, 0, 0, 4, 9, 74
"/Users/neilluo/workspaces/full-stack/misskey/packages/backend/src/core/entities/InviteCodeEntityService.ts", "TypeScript", 0, 0, 63, 0, 0, 0, 0, 0, 0, 0, 0, 0, 0, 0, 0, 0, 0, 4, 7, 74
"/Users/neilluo/workspaces/full-stack/misskey/packages/backend/src/core/entities/MetaEntityService.ts", "TypeScript", 0, 0, 146, 0, 0, 0, 0, 0, 0, 0, 0, 0, 0, 0, 0, 0, 0, 6, 25, 177
"/Users/neilluo/workspaces/full-stack/misskey/packages/backend/src/core/entities/ModerationLogEntityService.ts", "TypeScript", 0, 0, 48, 0, 0, 0, 0, 0, 0, 0, 0, 0, 0, 0, 0, 0, 0, 4, 8, 60
"/Users/neilluo/workspaces/full-stack/misskey/packages/backend/src/core/entities/MutingEntityService.ts", "TypeScript", 0, 0, 50, 0, 0, 0, 0, 0, 0, 0, 0, 0, 0, 0, 0, 0, 0, 4, 8, 62
"/Users/neilluo/workspaces/full-stack/misskey/packages/backend/src/core/entities/NoteEntityService.ts", "TypeScript", 0, 0, 490, 0, 0, 0, 0, 0, 0, 0, 0, 0, 0, 0, 0, 0, 0, 37, 70, 597
"/Users/neilluo/workspaces/full-stack/misskey/packages/backend/src/core/entities/NoteFavoriteEntityService.ts", "TypeScript", 0, 0, 39, 0, 0, 0, 0, 0, 0, 0, 0, 0, 0, 0, 0, 0, 0, 4, 7, 50
"/Users/neilluo/workspaces/full-stack/misskey/packages/backend/src/core/entities/NoteReactionEntityService.ts", "TypeScript", 0, 0, 74, 0, 0, 0, 0, 0, 0, 0, 0, 0, 0, 0, 0, 0, 0, 8, 11, 93
"/Users/neilluo/workspaces/full-stack/misskey/packages/backend/src/core/entities/NotificationEntityService.ts", "TypeScript", 0, 0, 267, 0, 0, 0, 0, 0, 0, 0, 0, 0, 0, 0, 0, 0, 0, 25, 44, 336
"/Users/neilluo/workspaces/full-stack/misskey/packages/backend/src/core/entities/PageEntityService.ts", "TypeScript", 0, 0, 109, 0, 0, 0, 0, 0, 0, 0, 0, 0, 0, 0, 0, 0, 0, 5, 12, 126
"/Users/neilluo/workspaces/full-stack/misskey/packages/backend/src/core/entities/PageLikeEntityService.ts", "TypeScript", 0, 0, 35, 0, 0, 0, 0, 0, 0, 0, 0, 0, 0, 0, 0, 0, 0, 4, 8, 47
"/Users/neilluo/workspaces/full-stack/misskey/packages/backend/src/core/entities/RenoteMutingEntityService.ts", "TypeScript", 0, 0, 49, 0, 0, 0, 0, 0, 0, 0, 0, 0, 0, 0, 0, 0, 0, 4, 8, 61
"/Users/neilluo/workspaces/full-stack/misskey/packages/backend/src/core/entities/ReversiGameEntityService.ts", "TypeScript", 0, 0, 130, 0, 0, 0, 0, 0, 0, 0, 0, 0, 0, 0, 0, 0, 0, 4, 13, 147
"/Users/neilluo/workspaces/full-stack/misskey/packages/backend/src/core/entities/RoleEntityService.ts", "TypeScript", 0, 0, 73, 0, 0, 0, 0, 0, 0, 0, 0, 0, 0, 0, 0, 0, 0, 4, 11, 88
"/Users/neilluo/workspaces/full-stack/misskey/packages/backend/src/core/entities/SigninEntityService.ts", "TypeScript", 0, 0, 24, 0, 0, 0, 0, 0, 0, 0, 0, 0, 0, 0, 0, 0, 0, 4, 5, 33
"/Users/neilluo/workspaces/full-stack/misskey/packages/backend/src/core/entities/SystemWebhookEntityService.ts", "TypeScript", 0, 0, 61, 0, 0, 0, 0, 0, 0, 0, 0, 0, 0, 0, 0, 0, 0, 4, 10, 75
"/Users/neilluo/workspaces/full-stack/misskey/packages/backend/src/core/entities/UserEntityService.ts", "TypeScript", 0, 0, 639, 0, 0, 0, 0, 0, 0, 0, 0, 0, 0, 0, 0, 0, 0, 22, 70, 731
"/Users/neilluo/workspaces/full-stack/misskey/packages/backend/src/core/entities/UserListEntityService.ts", "TypeScript", 0, 0, 52, 0, 0, 0, 0, 0, 0, 0, 0, 0, 0, 0, 0, 0, 0, 4, 10, 66
"/Users/neilluo/workspaces/full-stack/misskey/packages/backend/src/daemons/DaemonModule.ts", "TypeScript", 0, 0, 20, 0, 0, 0, 0, 0, 0, 0, 0, 0, 0, 0, 0, 0, 0, 4, 3, 27
"/Users/neilluo/workspaces/full-stack/misskey/packages/backend/src/daemons/QueueStatsService.ts", "TypeScript", 0, 0, 71, 0, 0, 0, 0, 0, 0, 0, 0, 0, 0, 0, 0, 0, 0, 7, 22, 100
"/Users/neilluo/workspaces/full-stack/misskey/packages/backend/src/daemons/ServerStatsService.ts", "TypeScript", 0, 0, 84, 0, 0, 0, 0, 0, 0, 0, 0, 0, 0, 0, 0, 0, 0, 11, 20, 115
"/Users/neilluo/workspaces/full-stack/misskey/packages/backend/src/decorators.ts", "TypeScript", 0, 0, 21, 0, 0, 0, 0, 0, 0, 0, 0, 0, 0, 0, 0, 0, 0, 12, 7, 40
"/Users/neilluo/workspaces/full-stack/misskey/packages/backend/src/di-symbols.ts", "TypeScript", 0, 0, 85, 0, 0, 0, 0, 0, 0, 0, 0, 0, 0, 0, 0, 0, 0, 6, 3, 94
"/Users/neilluo/workspaces/full-stack/misskey/packages/backend/src/env.ts", "TypeScript", 0, 0, 16, 0, 0, 0, 0, 0, 0, 0, 0, 0, 0, 0, 0, 0, 0, 4, 5, 25
"/Users/neilluo/workspaces/full-stack/misskey/packages/backend/src/global.d.ts", "TypeScript", 0, 0, 1, 0, 0, 0, 0, 0, 0, 0, 0, 0, 0, 0, 0, 0, 0, 4, 2, 7
"/Users/neilluo/workspaces/full-stack/misskey/packages/backend/src/logger.ts", "TypeScript", 0, 0, 90, 0, 0, 0, 0, 0, 0, 0, 0, 0, 0, 0, 0, 0, 0, 5, 17, 112
"/Users/neilluo/workspaces/full-stack/misskey/packages/backend/src/misc/FileWriterStream.ts", "TypeScript", 0, 0, 26, 0, 0, 0, 0, 0, 0, 0, 0, 0, 0, 0, 0, 0, 0, 7, 5, 38
"/Users/neilluo/workspaces/full-stack/misskey/packages/backend/src/misc/JsonArrayStream.ts", "TypeScript", 0, 0, 22, 0, 0, 0, 0, 0, 0, 0, 0, 0, 0, 0, 0, 0, 0, 9, 5, 36
"/Users/neilluo/workspaces/full-stack/misskey/packages/backend/src/misc/acct.ts", "TypeScript", 0, 0, 12, 0, 0, 0, 0, 0, 0, 0, 0, 0, 0, 0, 0, 0, 0, 4, 4, 20
"/Users/neilluo/workspaces/full-stack/misskey/packages/backend/src/misc/bigint.ts", "TypeScript", 0, 0, 26, 0, 0, 0, 0, 0, 0, 0, 0, 0, 0, 0, 0, 0, 0, 10, 5, 41
"/Users/neilluo/workspaces/full-stack/misskey/packages/backend/src/misc/cache.ts", "TypeScript", 0, 0, 293, 0, 0, 0, 0, 0, 0, 0, 0, 0, 0, 0, 0, 0, 0, 59, 52, 404
"/Users/neilluo/workspaces/full-stack/misskey/packages/backend/src/misc/check-https.ts", "TypeScript", 0, 0, 4, 0, 0, 0, 0, 0, 0, 0, 0, 0, 0, 0, 0, 0, 0, 4, 2, 10
"/Users/neilluo/workspaces/full-stack/misskey/packages/backend/src/misc/check-word-mute.ts", "TypeScript", 0, 0, 49, 0, 0, 0, 0, 0, 0, 0, 0, 0, 0, 0, 0, 0, 0, 8, 14, 71
"/Users/neilluo/workspaces/full-stack/misskey/packages/backend/src/misc/clone.ts", "TypeScript", 0, 0, 14, 0, 0, 0, 0, 0, 0, 0, 0, 0, 0, 0, 0, 0, 0, 6, 4, 24
"/Users/neilluo/workspaces/full-stack/misskey/packages/backend/src/misc/collapsed-queue.ts", "TypeScript", 0, 0, 34, 0, 0, 0, 0, 0, 0, 0, 0, 0, 0, 0, 0, 0, 0, 5, 6, 45
"/Users/neilluo/workspaces/full-stack/misskey/packages/backend/src/misc/content-disposition.ts", "TypeScript", 0, 0, 5, 0, 0, 0, 0, 0, 0, 0, 0, 0, 0, 0, 0, 0, 0, 4, 3, 12
"/Users/neilluo/workspaces/full-stack/misskey/packages/backend/src/misc/correct-filename.ts", "TypeScript", 0, 0, 29, 0, 0, 0, 0, 0, 0, 0, 0, 0, 0, 0, 0, 0, 0, 21, 9, 59
"/Users/neilluo/workspaces/full-stack/misskey/packages/backend/src/misc/create-temp.ts", "TypeScript", 0, 0, 22, 0, 0, 0, 0, 0, 0, 0, 0, 0, 0, 0, 0, 0, 0, 4, 4, 30
"/Users/neilluo/workspaces/full-stack/misskey/packages/backend/src/misc/dev-null.ts", "TypeScript", 0, 0, 9, 0, 0, 0, 0, 0, 0, 0, 0, 0, 0, 0, 0, 0, 0, 4, 4, 17
"/Users/neilluo/workspaces/full-stack/misskey/packages/backend/src/misc/emoji-regex.ts", "TypeScript", 0, 0, 2, 0, 0, 0, 0, 0, 0, 0, 0, 0, 0, 0, 0, 0, 0, 5, 3, 10
"/Users/neilluo/workspaces/full-stack/misskey/packages/backend/src/misc/extract-custom-emojis-from-mfm.ts", "TypeScript", 0, 0, 8, 0, 0, 0, 0, 0, 0, 0, 0, 0, 0, 0, 0, 0, 0, 4, 4, 16
"/Users/neilluo/workspaces/full-stack/misskey/packages/backend/src/misc/extract-hashtags.ts", "TypeScript", 0, 0, 7, 0, 0, 0, 0, 0, 0, 0, 0, 0, 0, 0, 0, 0, 0, 4, 4, 15
"/Users/neilluo/workspaces/full-stack/misskey/packages/backend/src/misc/extract-mentions.ts", "TypeScript", 0, 0, 6, 0, 0, 0, 0, 0, 0, 0, 0, 0, 0, 0, 0, 0, 0, 6, 5, 17
"/Users/neilluo/workspaces/full-stack/misskey/packages/backend/src/misc/fastify-hook-handlers.ts", "TypeScript", 0, 0, 8, 0, 0, 0, 0, 0, 0, 0, 0, 0, 0, 0, 0, 0, 0, 4, 3, 15
"/Users/neilluo/workspaces/full-stack/misskey/packages/backend/src/misc/fastify-reply-error.ts", "TypeScript", 0, 0, 9, 0, 0, 0, 0, 0, 0, 0, 0, 0, 0, 0, 0, 0, 0, 5, 3, 17
"/Users/neilluo/workspaces/full-stack/misskey/packages/backend/src/misc/gen-identicon.ts", "TypeScript", 0, 0, 71, 0, 0, 0, 0, 0, 0, 0, 0, 0, 0, 0, 0, 0, 0, 15, 19, 105
"/Users/neilluo/workspaces/full-stack/misskey/packages/backend/src/misc/gen-key-pair.ts", "TypeScript", 0, 0, 33, 0, 0, 0, 0, 0, 0, 0, 0, 0, 0, 0, 0, 0, 0, 4, 5, 42
"/Users/neilluo/workspaces/full-stack/misskey/packages/backend/src/misc/generate-invite-code.ts", "TypeScript", 0, 0, 16, 0, 0, 0, 0, 0, 0, 0, 0, 0, 0, 0, 0, 0, 0, 4, 6, 26
"/Users/neilluo/workspaces/full-stack/misskey/packages/backend/src/misc/get-ip-hash.ts", "TypeScript", 0, 0, 10, 0, 0, 0, 0, 0, 0, 0, 0, 0, 0, 0, 0, 0, 0, 7, 3, 20
"/Users/neilluo/workspaces/full-stack/misskey/packages/backend/src/misc/get-note-summary.ts", "TypeScript", 0, 0, 36, 0, 0, 0, 0, 0, 0, 0, 0, 0, 0, 0, 0, 0, 0, 13, 11, 60
"/Users/neilluo/workspaces/full-stack/misskey/packages/backend/src/misc/get-reaction-emoji.ts", "TypeScript", 0, 0, 16, 0, 0, 0, 0, 0, 0, 0, 0, 0, 0, 0, 0, 0, 0, 5, 2, 23
"/Users/neilluo/workspaces/full-stack/misskey/packages/backend/src/misc/i18n.ts", "TypeScript", 0, 0, 20, 0, 0, 0, 0, 0, 0, 0, 0, 0, 0, 0, 0, 0, 0, 9, 6, 35
"/Users/neilluo/workspaces/full-stack/misskey/packages/backend/src/misc/id/aid.ts", "TypeScript", 0, 0, 30, 0, 0, 0, 0, 0, 0, 0, 0, 0, 0, 0, 0, 0, 0, 6, 12, 48
"/Users/neilluo/workspaces/full-stack/misskey/packages/backend/src/misc/id/aidx.ts", "TypeScript", 0, 0, 35, 0, 0, 0, 0, 0, 0, 0, 0, 0, 0, 0, 0, 0, 0, 8, 13, 56
"/Users/neilluo/workspaces/full-stack/misskey/packages/backend/src/misc/id/meid.ts", "TypeScript", 0, 0, 35, 0, 0, 0, 0, 0, 0, 0, 0, 0, 0, 0, 0, 0, 0, 5, 14, 54
"/Users/neilluo/workspaces/full-stack/misskey/packages/backend/src/misc/id/meidg.ts", "TypeScript", 0, 0, 34, 0, 0, 0, 0, 0, 0, 0, 0, 0, 0, 0, 0, 0, 0, 7, 13, 54
"/Users/neilluo/workspaces/full-stack/misskey/packages/backend/src/misc/id/object-id.ts", "TypeScript", 0, 0, 35, 0, 0, 0, 0, 0, 0, 0, 0, 0, 0, 0, 0, 0, 0, 5, 14, 54
"/Users/neilluo/workspaces/full-stack/misskey/packages/backend/src/misc/id/ulid.ts", "TypeScript", 0, 0, 19, 0, 0, 0, 0, 0, 0, 0, 0, 0, 0, 0, 0, 0, 0, 6, 7, 32
"/Users/neilluo/workspaces/full-stack/misskey/packages/backend/src/misc/identifiable-error.ts", "TypeScript", 0, 0, 9, 0, 0, 0, 0, 0, 0, 0, 0, 0, 0, 0, 0, 0, 0, 7, 3, 19
"/Users/neilluo/workspaces/full-stack/misskey/packages/backend/src/misc/is-duplicate-key-value-error.ts", "TypeScript", 0, 0, 4, 0, 0, 0, 0, 0, 0, 0, 0, 0, 0, 0, 0, 0, 0, 4, 3, 11
"/Users/neilluo/workspaces/full-stack/misskey/packages/backend/src/misc/is-instance-muted.ts", "TypeScript", 0, 0, 12, 0, 0, 0, 0, 0, 0, 0, 0, 0, 0, 0, 0, 0, 0, 4, 6, 22
"/Users/neilluo/workspaces/full-stack/misskey/packages/backend/src/misc/is-mime-image.ts", "TypeScript", 0, 0, 9, 0, 0, 0, 0, 0, 0, 0, 0, 0, 0, 0, 0, 0, 0, 4, 4, 17
"/Users/neilluo/workspaces/full-stack/misskey/packages/backend/src/misc/is-renote.ts", "TypeScript", 0, 0, 53, 0, 0, 0, 0, 0, 0, 0, 0, 0, 0, 0, 0, 0, 0, 6, 11, 70
"/Users/neilluo/workspaces/full-stack/misskey/packages/backend/src/misc/is-reply.ts", "TypeScript", 0, 0, 4, 0, 0, 0, 0, 0, 0, 0, 0, 0, 0, 0, 0, 0, 0, 4, 3, 11
"/Users/neilluo/workspaces/full-stack/misskey/packages/backend/src/misc/is-user-related.ts", "TypeScript", 0, 0, 15, 0, 0, 0, 0, 0, 0, 0, 0, 0, 0, 0, 0, 0, 0, 4, 6, 25
"/Users/neilluo/workspaces/full-stack/misskey/packages/backend/src/misc/json-schema.ts", "TypeScript", 0, 0, 242, 0, 0, 0, 0, 0, 0, 0, 0, 0, 0, 0, 0, 0, 0, 15, 19, 276
"/Users/neilluo/workspaces/full-stack/misskey/packages/backend/src/misc/json-value.ts", "TypeScript", 0, 0, 6, 0, 0, 0, 0, 0, 0, 0, 0, 0, 0, 0, 0, 0, 0, 4, 3, 13
"/Users/neilluo/workspaces/full-stack/misskey/packages/backend/src/misc/langmap.ts", "TypeScript", 0, 0, 665, 0, 0, 0, 0, 0, 0, 0, 0, 0, 0, 0, 0, 0, 0, 5, 2, 672
"/Users/neilluo/workspaces/full-stack/misskey/packages/backend/src/misc/loader.ts", "TypeScript", 0, 0, 42, 0, 0, 0, 0, 0, 0, 0, 0, 0, 0, 0, 0, 0, 0, 4, 12, 58
"/Users/neilluo/workspaces/full-stack/misskey/packages/backend/src/misc/normalize-for-search.ts", "TypeScript", 0, 0, 3, 0, 0, 0, 0, 0, 0, 0, 0, 0, 0, 0, 0, 0, 0, 7, 2, 12
"/Users/neilluo/workspaces/full-stack/misskey/packages/backend/src/misc/prelude/README.md", "Markdown", 3, 0, 0, 0, 0, 0, 0, 0, 0, 0, 0, 0, 0, 0, 0, 0, 0, 0, 1, 4
"/Users/neilluo/workspaces/full-stack/misskey/packages/backend/src/misc/prelude/array.ts", "TypeScript", 0, 0, 57, 0, 0, 0, 0, 0, 0, 0, 0, 0, 0, 0, 0, 0, 0, 33, 17, 107
"/Users/neilluo/workspaces/full-stack/misskey/packages/backend/src/misc/prelude/await-all.ts", "TypeScript", 0, 0, 17, 0, 0, 0, 0, 0, 0, 0, 0, 0, 0, 0, 0, 0, 0, 4, 6, 27
"/Users/neilluo/workspaces/full-stack/misskey/packages/backend/src/misc/prelude/relation.ts", "TypeScript", 0, 0, 3, 0, 0, 0, 0, 0, 0, 0, 0, 0, 0, 0, 0, 0, 0, 4, 4, 11
"/Users/neilluo/workspaces/full-stack/misskey/packages/backend/src/misc/prelude/time.ts", "TypeScript", 0, 0, 32, 0, 0, 0, 0, 0, 0, 0, 0, 0, 0, 0, 0, 0, 0, 4, 10, 46
"/Users/neilluo/workspaces/full-stack/misskey/packages/backend/src/misc/prelude/url.ts", "TypeScript", 0, 0, 11, 0, 0, 0, 0, 0, 0, 0, 0, 0, 0, 0, 0, 0, 0, 9, 4, 24
"/Users/neilluo/workspaces/full-stack/misskey/packages/backend/src/misc/prelude/xml.ts", "TypeScript", 0, 0, 38, 0, 0, 0, 0, 0, 0, 0, 0, 0, 0, 0, 0, 0, 0, 4, 5, 47
"/Users/neilluo/workspaces/full-stack/misskey/packages/backend/src/misc/promise-tracker.ts", "TypeScript", 0, 0, 12, 0, 0, 0, 0, 0, 0, 0, 0, 0, 0, 0, 0, 0, 0, 8, 4, 24
"/Users/neilluo/workspaces/full-stack/misskey/packages/backend/src/misc/reset-db.ts", "TypeScript", 0, 0, 26, 0, 0, 0, 0, 0, 0, 0, 0, 0, 0, 0, 0, 0, 0, 4, 4, 34
"/Users/neilluo/workspaces/full-stack/misskey/packages/backend/src/misc/safe-for-sql.ts", "TypeScript", 0, 0, 3, 0, 0, 0, 0, 0, 0, 0, 0, 0, 0, 0, 0, 0, 0, 4, 2, 9
"/Users/neilluo/workspaces/full-stack/misskey/packages/backend/src/misc/secure-rndstr.ts", "TypeScript", 0, 0, 15, 0, 0, 0, 0, 0, 0, 0, 0, 0, 0, 0, 0, 0, 0, 4, 7, 26
"/Users/neilluo/workspaces/full-stack/misskey/packages/backend/src/misc/show-machine-info.ts", "TypeScript", 0, 0, 12, 0, 0, 0, 0, 0, 0, 0, 0, 0, 0, 0, 0, 0, 0, 4, 3, 19
"/Users/neilluo/workspaces/full-stack/misskey/packages/backend/src/misc/sql-like-escape.ts", "TypeScript", 0, 0, 3, 0, 0, 0, 0, 0, 0, 0, 0, 0, 0, 0, 0, 0, 0, 4, 2, 9
"/Users/neilluo/workspaces/full-stack/misskey/packages/backend/src/misc/status-error.ts", "TypeScript", 0, 0, 14, 0, 0, 0, 0, 0, 0, 0, 0, 0, 0, 0, 0, 0, 0, 4, 3, 21
"/Users/neilluo/workspaces/full-stack/misskey/packages/backend/src/misc/token.ts", "TypeScript", 0, 0, 3, 0, 0, 0, 0, 0, 0, 0, 0, 0, 0, 0, 0, 0, 0, 4, 4, 11
"/Users/neilluo/workspaces/full-stack/misskey/packages/backend/src/misc/truncate.ts", "TypeScript", 0, 0, 10, 0, 0, 0, 0, 0, 0, 0, 0, 0, 0, 0, 0, 0, 0, 4, 3, 17
"/Users/neilluo/workspaces/full-stack/misskey/packages/backend/src/models/AbuseReportNotificationRecipient.ts", "TypeScript", 0, 0, 54, 0, 0, 0, 0, 0, 0, 0, 0, 0, 0, 0, 0, 0, 0, 34, 13, 101
"/Users/neilluo/workspaces/full-stack/misskey/packages/backend/src/models/AbuseUserReport.ts", "TypeScript", 0, 0, 68, 0, 0, 0, 0, 0, 0, 0, 0, 0, 0, 0, 0, 0, 0, 14, 17, 99
"/Users/neilluo/workspaces/full-stack/misskey/packages/backend/src/models/AccessToken.ts", "TypeScript", 0, 0, 71, 0, 0, 0, 0, 0, 0, 0, 0, 0, 0, 0, 0, 0, 0, 4, 16, 91
"/Users/neilluo/workspaces/full-stack/misskey/packages/backend/src/models/Ad.ts", "TypeScript", 0, 0, 52, 0, 0, 0, 0, 0, 0, 0, 0, 0, 0, 0, 0, 0, 0, 5, 12, 69
"/Users/neilluo/workspaces/full-stack/misskey/packages/backend/src/models/Announcement.ts", "TypeScript", 0, 0, 71, 0, 0, 0, 0, 0, 0, 0, 0, 0, 0, 0, 0, 0, 0, 8, 17, 96
"/Users/neilluo/workspaces/full-stack/misskey/packages/backend/src/models/AnnouncementRead.ts", "TypeScript", 0, 0, 26, 0, 0, 0, 0, 0, 0, 0, 0, 0, 0, 0, 0, 0, 0, 4, 7, 37
"/Users/neilluo/workspaces/full-stack/misskey/packages/backend/src/models/Antenna.ts", "TypeScript", 0, 0, 84, 0, 0, 0, 0, 0, 0, 0, 0, 0, 0, 0, 0, 0, 0, 4, 21, 109
"/Users/neilluo/workspaces/full-stack/misskey/packages/backend/src/models/App.ts", "TypeScript", 0, 0, 46, 0, 0, 0, 0, 0, 0, 0, 0, 0, 0, 0, 0, 0, 0, 4, 10, 60
"/Users/neilluo/workspaces/full-stack/misskey/packages/backend/src/models/AuthSession.ts", "TypeScript", 0, 0, 32, 0, 0, 0, 0, 0, 0, 0, 0, 0, 0, 0, 0, 0, 0, 4, 8, 44
"/Users/neilluo/workspaces/full-stack/misskey/packages/backend/src/models/AvatarDecoration.ts", "TypeScript", 0, 0, 27, 0, 0, 0, 0, 0, 0, 0, 0, 0, 0, 0, 0, 0, 0, 5, 8, 40
"/Users/neilluo/workspaces/full-stack/misskey/packages/backend/src/models/Blocking.ts", "TypeScript", 0, 0, 31, 0, 0, 0, 0, 0, 0, 0, 0, 0, 0, 0, 0, 0, 0, 4, 7, 42
"/Users/neilluo/workspaces/full-stack/misskey/packages/backend/src/models/BubbleGameRecord.ts", "TypeScript", 0, 0, 42, 0, 0, 0, 0, 0, 0, 0, 0, 0, 0, 0, 0, 0, 0, 4, 12, 58
"/Users/neilluo/workspaces/full-stack/misskey/packages/backend/src/models/Channel.ts", "TypeScript", 0, 0, 81, 0, 0, 0, 0, 0, 0, 0, 0, 0, 0, 0, 0, 0, 0, 4, 17, 102
"/Users/neilluo/workspaces/full-stack/misskey/packages/backend/src/models/ChannelFavorite.ts", "TypeScript", 0, 0, 30, 0, 0, 0, 0, 0, 0, 0, 0, 0, 0, 0, 0, 0, 0, 4, 7, 41
"/Users/neilluo/workspaces/full-stack/misskey/packages/backend/src/models/ChannelFollowing.ts", "TypeScript", 0, 0, 32, 0, 0, 0, 0, 0, 0, 0, 0, 0, 0, 0, 0, 0, 0, 4, 7, 43
"/Users/neilluo/workspaces/full-stack/misskey/packages/backend/src/models/ChatApproval.ts", "TypeScript", 0, 0, 29, 0, 0, 0, 0, 0, 0, 0, 0, 0, 0, 0, 0, 0, 0, 4, 7, 40
"/Users/neilluo/workspaces/full-stack/misskey/packages/backend/src/models/ChatMessage.ts", "TypeScript", 0, 0, 67, 0, 0, 0, 0, 0, 0, 0, 0, 0, 0, 0, 0, 0, 0, 4, 15, 86
"/Users/neilluo/workspaces/full-stack/misskey/packages/backend/src/models/ChatRoom.ts", "TypeScript", 0, 0, 30, 0, 0, 0, 0, 0, 0, 0, 0, 0, 0, 0, 0, 0, 0, 4, 8, 42
"/Users/neilluo/workspaces/full-stack/misskey/packages/backend/src/models/ChatRoomInvitation.ts", "TypeScript", 0, 0, 34, 0, 0, 0, 0, 0, 0, 0, 0, 0, 0, 0, 0, 0, 0, 4, 8, 46
"/Users/neilluo/workspaces/full-stack/misskey/packages/backend/src/models/ChatRoomMembership.ts", "TypeScript", 0, 0, 34, 0, 0, 0, 0, 0, 0, 0, 0, 0, 0, 0, 0, 0, 0, 4, 8, 46
"/Users/neilluo/workspaces/full-stack/misskey/packages/backend/src/models/Clip.ts", "TypeScript", 0, 0, 38, 0, 0, 0, 0, 0, 0, 0, 0, 0, 0, 0, 0, 0, 0, 4, 9, 51
"/Users/neilluo/workspaces/full-stack/misskey/packages/backend/src/models/ClipFavorite.ts", "TypeScript", 0, 0, 25, 0, 0, 0, 0, 0, 0, 0, 0, 0, 0, 0, 0, 0, 0, 4, 7, 36
"/Users/neilluo/workspaces/full-stack/misskey/packages/backend/src/models/ClipNote.ts", "TypeScript", 0, 0, 32, 0, 0, 0, 0, 0, 0, 0, 0, 0, 0, 0, 0, 0, 0, 4, 7, 43
"/Users/neilluo/workspaces/full-stack/misskey/packages/backend/src/models/DriveFile.ts", "TypeScript", 0, 0, 154, 0, 0, 0, 0, 0, 0, 0, 0, 0, 0, 0, 0, 0, 0, 7, 31, 192
"/Users/neilluo/workspaces/full-stack/misskey/packages/backend/src/models/DriveFolder.ts", "TypeScript", 0, 0, 37, 0, 0, 0, 0, 0, 0, 0, 0, 0, 0, 0, 0, 0, 0, 4, 8, 49
"/Users/neilluo/workspaces/full-stack/misskey/packages/backend/src/models/Emoji.ts", "TypeScript", 0, 0, 63, 0, 0, 0, 0, 0, 0, 0, 0, 0, 0, 0, 0, 0, 0, 6, 16, 85
"/Users/neilluo/workspaces/full-stack/misskey/packages/backend/src/models/Flash.ts", "TypeScript", 0, 0, 50, 0, 0, 0, 0, 0, 0, 0, 0, 0, 0, 0, 0, 0, 0, 8, 13, 71
"/Users/neilluo/workspaces/full-stack/misskey/packages/backend/src/models/FlashLike.ts", "TypeScript", 0, 0, 25, 0, 0, 0, 0, 0, 0, 0, 0, 0, 0, 0, 0, 0, 0, 4, 7, 36
"/Users/neilluo/workspaces/full-stack/misskey/packages/backend/src/models/FollowRequest.ts", "TypeScript", 0, 0, 70, 0, 0, 0, 0, 0, 0, 0, 0, 0, 0, 0, 0, 0, 0, 6, 15, 91
"/Users/neilluo/workspaces/full-stack/misskey/packages/backend/src/models/Following.ts", "TypeScript", 0, 0, 78, 0, 0, 0, 0, 0, 0, 0, 0, 0, 0, 0, 0, 0, 0, 7, 16, 101
"/Users/neilluo/workspaces/full-stack/misskey/packages/backend/src/models/GalleryLike.ts", "TypeScript", 0, 0, 25, 0, 0, 0, 0, 0, 0, 0, 0, 0, 0, 0, 0, 0, 0, 4, 7, 36
"/Users/neilluo/workspaces/full-stack/misskey/packages/backend/src/models/GalleryPost.ts", "TypeScript", 0, 0, 61, 0, 0, 0, 0, 0, 0, 0, 0, 0, 0, 0, 0, 0, 0, 4, 14, 79
"/Users/neilluo/workspaces/full-stack/misskey/packages/backend/src/models/Hashtag.ts", "TypeScript", 0, 0, 73, 0, 0, 0, 0, 0, 0, 0, 0, 0, 0, 0, 0, 0, 0, 4, 16, 93
"/Users/neilluo/workspaces/full-stack/misskey/packages/backend/src/models/Instance.ts", "TypeScript", 0, 0, 103, 0, 0, 0, 0, 0, 0, 0, 0, 0, 0, 0, 0, 0, 0, 34, 25, 162
"/Users/neilluo/workspaces/full-stack/misskey/packages/backend/src/models/Meta.ts", "TypeScript", 0, 0, 537, 0, 0, 0, 0, 0, 0, 0, 0, 0, 0, 0, 0, 0, 0, 11, 120, 668
"/Users/neilluo/workspaces/full-stack/misskey/packages/backend/src/models/ModerationLog.ts", "TypeScript", 0, 0, 22, 0, 0, 0, 0, 0, 0, 0, 0, 0, 0, 0, 0, 0, 0, 4, 7, 33
"/Users/neilluo/workspaces/full-stack/misskey/packages/backend/src/models/Muting.ts", "TypeScript", 0, 0, 36, 0, 0, 0, 0, 0, 0, 0, 0, 0, 0, 0, 0, 0, 0, 4, 8, 48
"/Users/neilluo/workspaces/full-stack/misskey/packages/backend/src/models/Note.ts", "TypeScript", 0, 0, 195, 0, 0, 0, 0, 0, 0, 0, 0, 0, 0, 0, 0, 0, 0, 13, 41, 249
"/Users/neilluo/workspaces/full-stack/misskey/packages/backend/src/models/NoteFavorite.ts", "TypeScript", 0, 0, 25, 0, 0, 0, 0, 0, 0, 0, 0, 0, 0, 0, 0, 0, 0, 4, 7, 36
"/Users/neilluo/workspaces/full-stack/misskey/packages/backend/src/models/NoteReaction.ts", "TypeScript", 0, 0, 30, 0, 0, 0, 0, 0, 0, 0, 0, 0, 0, 0, 0, 0, 0, 5, 9, 44
"/Users/neilluo/workspaces/full-stack/misskey/packages/backend/src/models/NoteThreadMuting.ts", "TypeScript", 0, 0, 24, 0, 0, 0, 0, 0, 0, 0, 0, 0, 0, 0, 0, 0, 0, 4, 6, 34
"/Users/neilluo/workspaces/full-stack/misskey/packages/backend/src/models/Notification.ts", "TypeScript", 0, 0, 125, 0, 0, 0, 0, 0, 0, 0, 0, 0, 0, 0, 0, 0, 0, 18, 8, 151
"/Users/neilluo/workspaces/full-stack/misskey/packages/backend/src/models/Page.ts", "TypeScript", 0, 0, 91, 0, 0, 0, 0, 0, 0, 0, 0, 0, 0, 0, 0, 0, 0, 9, 23, 123
"/Users/neilluo/workspaces/full-stack/misskey/packages/backend/src/models/PageLike.ts", "TypeScript", 0, 0, 25, 0, 0, 0, 0, 0, 0, 0, 0, 0, 0, 0, 0, 0, 0, 4, 7, 36
"/Users/neilluo/workspaces/full-stack/misskey/packages/backend/src/models/PasswordResetRequest.ts", "TypeScript", 0, 0, 23, 0, 0, 0, 0, 0, 0, 0, 0, 0, 0, 0, 0, 0, 0, 4, 6, 33
"/Users/neilluo/workspaces/full-stack/misskey/packages/backend/src/models/Poll.ts", "TypeScript", 0, 0, 66, 0, 0, 0, 0, 0, 0, 0, 0, 0, 0, 0, 0, 0, 0, 6, 15, 87
"/Users/neilluo/workspaces/full-stack/misskey/packages/backend/src/models/PollVote.ts", "TypeScript", 0, 0, 28, 0, 0, 0, 0, 0, 0, 0, 0, 0, 0, 0, 0, 0, 0, 4, 8, 40
"/Users/neilluo/workspaces/full-stack/misskey/packages/backend/src/models/PromoNote.ts", "TypeScript", 0, 0, 22, 0, 0, 0, 0, 0, 0, 0, 0, 0, 0, 0, 0, 0, 0, 6, 6, 34
"/Users/neilluo/workspaces/full-stack/misskey/packages/backend/src/models/PromoRead.ts", "TypeScript", 0, 0, 25, 0, 0, 0, 0, 0, 0, 0, 0, 0, 0, 0, 0, 0, 0, 4, 7, 36
"/Users/neilluo/workspaces/full-stack/misskey/packages/backend/src/models/RegistrationTicket.ts", "TypeScript", 0, 0, 48, 0, 0, 0, 0, 0, 0, 0, 0, 0, 0, 0, 0, 0, 0, 4, 11, 63
"/Users/neilluo/workspaces/full-stack/misskey/packages/backend/src/models/RegistryItem.ts", "TypeScript", 0, 0, 43, 0, 0, 0, 0, 0, 0, 0, 0, 0, 0, 0, 0, 0, 0, 6, 10, 59
"/Users/neilluo/workspaces/full-stack/misskey/packages/backend/src/models/Relay.ts", "TypeScript", 0, 0, 16, 0, 0, 0, 0, 0, 0, 0, 0, 0, 0, 0, 0, 0, 0, 4, 5, 25
"/Users/neilluo/workspaces/full-stack/misskey/packages/backend/src/models/RenoteMuting.ts", "TypeScript", 0, 0, 31, 0, 0, 0, 0, 0, 0, 0, 0, 0, 0, 0, 0, 0, 0, 4, 7, 42
"/Users/neilluo/workspaces/full-stack/misskey/packages/backend/src/models/RepositoryModule.ts", "TypeScript", 0, 0, 609, 0, 0, 0, 0, 0, 0, 0, 0, 0, 0, 0, 0, 0, 0, 4, 77, 690
"/Users/neilluo/workspaces/full-stack/misskey/packages/backend/src/models/RetentionAggregation.ts", "TypeScript", 0, 0, 34, 0, 0, 0, 0, 0, 0, 0, 0, 0, 0, 0, 0, 0, 0, 4, 9, 47
"/Users/neilluo/workspaces/full-stack/misskey/packages/backend/src/models/ReversiGame.ts", "TypeScript", 0, 0, 111, 0, 0, 0, 0, 0, 0, 0, 0, 0, 0, 0, 0, 0, 0, 10, 28, 149
"/Users/neilluo/workspaces/full-stack/misskey/packages/backend/src/models/Role.ts", "TypeScript", 0, 0, 170, 0, 0, 0, 0, 0, 0, 0, 0, 0, 0, 0, 0, 0, 0, 66, 40, 276
"/Users/neilluo/workspaces/full-stack/misskey/packages/backend/src/models/RoleAssignment.ts", "TypeScript", 0, 0, 37, 0, 0, 0, 0, 0, 0, 0, 0, 0, 0, 0, 0, 0, 0, 4, 8, 49
"/Users/neilluo/workspaces/full-stack/misskey/packages/backend/src/models/Signin.ts", "TypeScript", 0, 0, 24, 0, 0, 0, 0, 0, 0, 0, 0, 0, 0, 0, 0, 0, 0, 4, 8, 36
"/Users/neilluo/workspaces/full-stack/misskey/packages/backend/src/models/SwSubscription.ts", "TypeScript", 0, 0, 32, 0, 0, 0, 0, 0, 0, 0, 0, 0, 0, 0, 0, 0, 0, 4, 9, 45
"/Users/neilluo/workspaces/full-stack/misskey/packages/backend/src/models/SystemAccount.ts", "TypeScript", 0, 0, 22, 0, 0, 0, 0, 0, 0, 0, 0, 0, 0, 0, 0, 0, 0, 4, 6, 32
"/Users/neilluo/workspaces/full-stack/misskey/packages/backend/src/models/SystemWebhook.ts", "TypeScript", 0, 0, 59, 0, 0, 0, 0, 0, 0, 0, 0, 0, 0, 0, 0, 0, 0, 33, 13, 105
"/Users/neilluo/workspaces/full-stack/misskey/packages/backend/src/models/UsedUsername.ts", "TypeScript", 0, 0, 16, 0, 0, 0, 0, 0, 0, 0, 0, 0, 0, 0, 0, 0, 0, 4, 6, 26
"/Users/neilluo/workspaces/full-stack/misskey/packages/backend/src/models/User.ts", "TypeScript", 0, 0, 256, 0, 0, 0, 0, 0, 0, 0, 0, 0, 0, 0, 0, 0, 0, 13, 53, 322
"/Users/neilluo/workspaces/full-stack/misskey/packages/backend/src/models/UserIp.ts", "TypeScript", 0, 0, 19, 0, 0, 0, 0, 0, 0, 0, 0, 0, 0, 0, 0, 0, 0, 4, 6, 29
"/Users/neilluo/workspaces/full-stack/misskey/packages/backend/src/models/UserKeypair.ts", "TypeScript", 0, 0, 27, 0, 0, 0, 0, 0, 0, 0, 0, 0, 0, 0, 0, 0, 0, 4, 8, 39
"/Users/neilluo/workspaces/full-stack/misskey/packages/backend/src/models/UserList.ts", "TypeScript", 0, 0, 29, 0, 0, 0, 0, 0, 0, 0, 0, 0, 0, 0, 0, 0, 0, 4, 7, 40
"/Users/neilluo/workspaces/full-stack/misskey/packages/backend/src/models/UserListFavorite.ts", "TypeScript", 0, 0, 25, 0, 0, 0, 0, 0, 0, 0, 0, 0, 0, 0, 0, 0, 0, 4, 7, 36
"/Users/neilluo/workspaces/full-stack/misskey/packages/backend/src/models/UserListMembership.ts", "TypeScript", 0, 0, 40, 0, 0, 0, 0, 0, 0, 0, 0, 0, 0, 0, 0, 0, 0, 7, 9, 56
"/Users/neilluo/workspaces/full-stack/misskey/packages/backend/src/models/UserMemo.ts", "TypeScript", 0, 0, 36, 0, 0, 0, 0, 0, 0, 0, 0, 0, 0, 0, 0, 0, 0, 4, 8, 48
"/Users/neilluo/workspaces/full-stack/misskey/packages/backend/src/models/UserNotePining.ts", "TypeScript", 0, 0, 25, 0, 0, 0, 0, 0, 0, 0, 0, 0, 0, 0, 0, 0, 0, 4, 7, 36
"/Users/neilluo/workspaces/full-stack/misskey/packages/backend/src/models/UserPending.ts", "TypeScript", 0, 0, 24, 0, 0, 0, 0, 0, 0, 0, 0, 0, 0, 0, 0, 0, 0, 4, 7, 35
"/Users/neilluo/workspaces/full-stack/misskey/packages/backend/src/models/UserProfile.ts", "TypeScript", 0, 0, 236, 0, 0, 0, 0, 0, 0, 0, 0, 0, 0, 0, 0, 0, 0, 12, 50, 298
"/Users/neilluo/workspaces/full-stack/misskey/packages/backend/src/models/UserPublickey.ts", "TypeScript", 0, 0, 28, 0, 0, 0, 0, 0, 0, 0, 0, 0, 0, 0, 0, 0, 0, 4, 8, 40
"/Users/neilluo/workspaces/full-stack/misskey/packages/backend/src/models/UserSecurityKey.ts", "TypeScript", 0, 0, 59, 0, 0, 0, 0, 0, 0, 0, 0, 0, 0, 0, 0, 0, 0, 4, 14, 77
"/Users/neilluo/workspaces/full-stack/misskey/packages/backend/src/models/Webhook.ts", "TypeScript", 0, 0, 52, 0, 0, 0, 0, 0, 0, 0, 0, 0, 0, 0, 0, 0, 0, 10, 13, 75
"/Users/neilluo/workspaces/full-stack/misskey/packages/backend/src/models/_.ts", "TypeScript", 0, 0, 268, 0, 0, 0, 0, 0, 0, 0, 0, 0, 0, 0, 0, 0, 0, 6, 6, 280
"/Users/neilluo/workspaces/full-stack/misskey/packages/backend/src/models/json-schema/abuse-report-notification-recipient.ts", "TypeScript", 0, 0, 45, 0, 0, 0, 0, 0, 0, 0, 0, 0, 0, 0, 0, 0, 0, 4, 2, 51
"/Users/neilluo/workspaces/full-stack/misskey/packages/backend/src/models/json-schema/ad.ts", "TypeScript", 0, 0, 59, 0, 0, 0, 0, 0, 0, 0, 0, 0, 0, 0, 0, 0, 0, 4, 2, 65
"/Users/neilluo/workspaces/full-stack/misskey/packages/backend/src/models/json-schema/announcement.ts", "TypeScript", 0, 0, 59, 0, 0, 0, 0, 0, 0, 0, 0, 0, 0, 0, 0, 0, 0, 4, 2, 65
"/Users/neilluo/workspaces/full-stack/misskey/packages/backend/src/models/json-schema/antenna.ts", "TypeScript", 0, 0, 104, 0, 0, 0, 0, 0, 0, 0, 0, 0, 0, 0, 0, 0, 0, 4, 2, 110
"/Users/neilluo/workspaces/full-stack/misskey/packages/backend/src/models/json-schema/app.ts", "TypeScript", 0, 0, 33, 0, 0, 0, 0, 0, 0, 0, 0, 0, 0, 0, 0, 0, 0, 4, 2, 39
"/Users/neilluo/workspaces/full-stack/misskey/packages/backend/src/models/json-schema/blocking.ts", "TypeScript", 0, 0, 26, 0, 0, 0, 0, 0, 0, 0, 0, 0, 0, 0, 0, 0, 0, 4, 2, 32
"/Users/neilluo/workspaces/full-stack/misskey/packages/backend/src/models/json-schema/channel.ts", "TypeScript", 0, 0, 88, 0, 0, 0, 0, 0, 0, 0, 0, 0, 0, 0, 0, 0, 0, 4, 2, 94
"/Users/neilluo/workspaces/full-stack/misskey/packages/backend/src/models/json-schema/chat-message.ts", "TypeScript", 0, 0, 248, 0, 0, 0, 0, 0, 0, 0, 0, 0, 0, 0, 0, 0, 0, 4, 5, 257
"/Users/neilluo/workspaces/full-stack/misskey/packages/backend/src/models/json-schema/chat-room-invitation.ts", "TypeScript", 0, 0, 32, 0, 0, 0, 0, 0, 0, 0, 0, 0, 0, 0, 0, 0, 0, 4, 2, 38
"/Users/neilluo/workspaces/full-stack/misskey/packages/backend/src/models/json-schema/chat-room-membership.ts", "TypeScript", 0, 0, 32, 0, 0, 0, 0, 0, 0, 0, 0, 0, 0, 0, 0, 0, 0, 4, 2, 38
"/Users/neilluo/workspaces/full-stack/misskey/packages/backend/src/models/json-schema/chat-room.ts", "TypeScript", 0, 0, 35, 0, 0, 0, 0, 0, 0, 0, 0, 0, 0, 0, 0, 0, 0, 4, 2, 41
"/Users/neilluo/workspaces/full-stack/misskey/packages/backend/src/models/json-schema/clip.ts", "TypeScript", 0, 0, 55, 0, 0, 0, 0, 0, 0, 0, 0, 0, 0, 0, 0, 0, 0, 4, 2, 61
"/Users/neilluo/workspaces/full-stack/misskey/packages/backend/src/models/json-schema/drive-file.ts", "TypeScript", 0, 0, 107, 0, 0, 0, 0, 0, 0, 0, 0, 0, 0, 0, 0, 0, 0, 4, 2, 113
"/Users/neilluo/workspaces/full-stack/misskey/packages/backend/src/models/json-schema/drive-folder.ts", "TypeScript", 0, 0, 39, 0, 0, 0, 0, 0, 0, 0, 0, 0, 0, 0, 0, 0, 0, 4, 2, 45
"/Users/neilluo/workspaces/full-stack/misskey/packages/backend/src/models/json-schema/emoji.ts", "TypeScript", 0, 0, 182, 0, 0, 0, 0, 0, 0, 0, 0, 0, 0, 0, 0, 0, 0, 4, 4, 190
"/Users/neilluo/workspaces/full-stack/misskey/packages/backend/src/models/json-schema/federation-instance.ts", "TypeScript", 0, 0, 119, 0, 0, 0, 0, 0, 0, 0, 0, 0, 0, 0, 0, 0, 0, 4, 2, 125
"/Users/neilluo/workspaces/full-stack/misskey/packages/backend/src/models/json-schema/flash.ts", "TypeScript", 0, 0, 56, 0, 0, 0, 0, 0, 0, 0, 0, 0, 0, 0, 0, 0, 0, 4, 2, 62
"/Users/neilluo/workspaces/full-stack/misskey/packages/backend/src/models/json-schema/following.ts", "TypeScript", 0, 0, 36, 0, 0, 0, 0, 0, 0, 0, 0, 0, 0, 0, 0, 0, 0, 4, 2, 42
"/Users/neilluo/workspaces/full-stack/misskey/packages/backend/src/models/json-schema/gallery-post.ts", "TypeScript", 0, 0, 77, 0, 0, 0, 0, 0, 0, 0, 0, 0, 0, 0, 0, 0, 0, 4, 2, 83
"/Users/neilluo/workspaces/full-stack/misskey/packages/backend/src/models/json-schema/hashtag.ts", "TypeScript", 0, 0, 34, 0, 0, 0, 0, 0, 0, 0, 0, 0, 0, 0, 0, 0, 0, 4, 2, 40
"/Users/neilluo/workspaces/full-stack/misskey/packages/backend/src/models/json-schema/invite-code.ts", "TypeScript", 0, 0, 45, 0, 0, 0, 0, 0, 0, 0, 0, 0, 0, 0, 0, 0, 0, 4, 2, 51
"/Users/neilluo/workspaces/full-stack/misskey/packages/backend/src/models/json-schema/meta.ts", "TypeScript", 0, 0, 384, 0, 0, 0, 0, 0, 0, 0, 0, 0, 0, 0, 0, 0, 0, 4, 4, 392
"/Users/neilluo/workspaces/full-stack/misskey/packages/backend/src/models/json-schema/muting.ts", "TypeScript", 0, 0, 31, 0, 0, 0, 0, 0, 0, 0, 0, 0, 0, 0, 0, 0, 0, 4, 2, 37
"/Users/neilluo/workspaces/full-stack/misskey/packages/backend/src/models/json-schema/note-favorite.ts", "TypeScript", 0, 0, 26, 0, 0, 0, 0, 0, 0, 0, 0, 0, 0, 0, 0, 0, 0, 4, 2, 32
"/Users/neilluo/workspaces/full-stack/misskey/packages/backend/src/models/json-schema/note-reaction.ts", "TypeScript", 0, 0, 25, 0, 0, 0, 0, 0, 0, 0, 0, 0, 0, 0, 0, 0, 0, 4, 2, 31
"/Users/neilluo/workspaces/full-stack/misskey/packages/backend/src/models/json-schema/note.ts", "TypeScript", 0, 0, 259, 0, 0, 0, 0, 0, 0, 0, 0, 0, 0, 0, 0, 0, 0, 4, 3, 266
"/Users/neilluo/workspaces/full-stack/misskey/packages/backend/src/models/json-schema/notification.ts", "TypeScript", 0, 0, 444, 0, 0, 0, 0, 0, 0, 0, 0, 0, 0, 0, 0, 0, 0, 4, 4, 452
"/Users/neilluo/workspaces/full-stack/misskey/packages/backend/src/models/json-schema/page.ts", "TypeScript", 0, 0, 198, 0, 0, 0, 0, 0, 0, 0, 0, 0, 0, 0, 0, 0, 0, 4, 8, 210
"/Users/neilluo/workspaces/full-stack/misskey/packages/backend/src/models/json-schema/queue.ts", "TypeScript", 0, 0, 25, 0, 0, 0, 0, 0, 0, 0, 0, 0, 0, 0, 0, 0, 0, 4, 2, 31
"/Users/neilluo/workspaces/full-stack/misskey/packages/backend/src/models/json-schema/renote-muting.ts", "TypeScript", 0, 0, 26, 0, 0, 0, 0, 0, 0, 0, 0, 0, 0, 0, 0, 0, 0, 4, 2, 32
"/Users/neilluo/workspaces/full-stack/misskey/packages/backend/src/models/json-schema/reversi-game.ts", "TypeScript", 0, 0, 237, 0, 0, 0, 0, 0, 0, 0, 0, 0, 0, 0, 0, 0, 0, 4, 3, 244
"/Users/neilluo/workspaces/full-stack/misskey/packages/backend/src/models/json-schema/role.ts", "TypeScript", 0, 0, 422, 0, 0, 0, 0, 0, 0, 0, 0, 0, 0, 0, 0, 0, 0, 4, 12, 438
"/Users/neilluo/workspaces/full-stack/misskey/packages/backend/src/models/json-schema/signin.ts", "TypeScript", 0, 0, 26, 0, 0, 0, 0, 0, 0, 0, 0, 0, 0, 0, 0, 0, 0, 4, 2, 32
"/Users/neilluo/workspaces/full-stack/misskey/packages/backend/src/models/json-schema/system-webhook.ts", "TypeScript", 0, 0, 48, 0, 0, 0, 0, 0, 0, 0, 0, 0, 0, 0, 0, 0, 0, 4, 3, 55
"/Users/neilluo/workspaces/full-stack/misskey/packages/backend/src/models/json-schema/user-list.ts", "TypeScript", 0, 0, 34, 0, 0, 0, 0, 0, 0, 0, 0, 0, 0, 0, 0, 0, 0, 4, 2, 40
"/Users/neilluo/workspaces/full-stack/misskey/packages/backend/src/models/json-schema/user.ts", "TypeScript", 0, 0, 749, 0, 0, 0, 0, 0, 0, 0, 0, 0, 0, 0, 0, 0, 0, 8, 9, 766
"/Users/neilluo/workspaces/full-stack/misskey/packages/backend/src/models/util/id.ts", "TypeScript", 0, 0, 4, 0, 0, 0, 0, 0, 0, 0, 0, 0, 0, 0, 0, 0, 0, 4, 2, 10
"/Users/neilluo/workspaces/full-stack/misskey/packages/backend/src/postgres.ts", "TypeScript", 0, 0, 279, 0, 0, 0, 0, 0, 0, 0, 0, 0, 0, 0, 0, 0, 0, 5, 24, 308
"/Users/neilluo/workspaces/full-stack/misskey/packages/backend/src/queue/QueueLoggerService.ts", "TypeScript", 0, 0, 12, 0, 0, 0, 0, 0, 0, 0, 0, 0, 0, 0, 0, 0, 0, 4, 4, 20
"/Users/neilluo/workspaces/full-stack/misskey/packages/backend/src/queue/QueueProcessorModule.ts", "TypeScript", 0, 0, 86, 0, 0, 0, 0, 0, 0, 0, 0, 0, 0, 0, 0, 0, 0, 4, 3, 93
"/Users/neilluo/workspaces/full-stack/misskey/packages/backend/src/queue/QueueProcessorService.ts", "TypeScript", 0, 0, 484, 0, 0, 0, 0, 0, 0, 0, 0, 0, 0, 0, 0, 0, 0, 25, 48, 557
"/Users/neilluo/workspaces/full-stack/misskey/packages/backend/src/queue/const.ts", "TypeScript", 0, 0, 22, 0, 0, 0, 0, 0, 0, 0, 0, 0, 0, 0, 0, 0, 0, 4, 4, 30
"/Users/neilluo/workspaces/full-stack/misskey/packages/backend/src/queue/processors/AggregateRetentionProcessorService.ts", "TypeScript", 0, 0, 70, 0, 0, 0, 0, 0, 0, 0, 0, 0, 0, 0, 0, 0, 0, 7, 16, 93
"/Users/neilluo/workspaces/full-stack/misskey/packages/backend/src/queue/processors/BakeBufferedReactionsProcessorService.ts", "TypeScript", 0, 0, 30, 0, 0, 0, 0, 0, 0, 0, 0, 0, 0, 0, 0, 0, 0, 4, 9, 43
"/Users/neilluo/workspaces/full-stack/misskey/packages/backend/src/queue/processors/CheckExpiredMutingsProcessorService.ts", "TypeScript", 0, 0, 34, 0, 0, 0, 0, 0, 0, 0, 0, 0, 0, 0, 0, 0, 0, 4, 9, 47
"/Users/neilluo/workspaces/full-stack/misskey/packages/backend/src/queue/processors/CheckModeratorsActivityProcessorService.ts", "TypeScript", 0, 0, 200, 0, 0, 0, 0, 0, 0, 0, 0, 0, 0, 0, 0, 0, 0, 45, 38, 283
"/Users/neilluo/workspaces/full-stack/misskey/packages/backend/src/queue/processors/CleanChartsProcessorService.ts", "TypeScript", 0, 0, 55, 0, 0, 0, 0, 0, 0, 0, 0, 0, 0, 0, 0, 0, 0, 5, 8, 68
"/Users/neilluo/workspaces/full-stack/misskey/packages/backend/src/queue/processors/CleanProcessorService.ts", "TypeScript", 0, 0, 55, 0, 0, 0, 0, 0, 0, 0, 0, 0, 0, 0, 0, 0, 0, 5, 15, 75
"/Users/neilluo/workspaces/full-stack/misskey/packages/backend/src/queue/processors/CleanRemoteFilesProcessorService.ts", "TypeScript", 0, 0, 53, 0, 0, 0, 0, 0, 0, 0, 0, 0, 0, 0, 0, 0, 0, 4, 15, 72
"/Users/neilluo/workspaces/full-stack/misskey/packages/backend/src/queue/processors/DeleteAccountProcessorService.ts", "TypeScript", 0, 0, 102, 0, 0, 0, 0, 0, 0, 0, 0, 0, 0, 0, 0, 0, 0, 6, 26, 134
"/Users/neilluo/workspaces/full-stack/misskey/packages/backend/src/queue/processors/DeleteDriveFilesProcessorService.ts", "TypeScript", 0, 0, 60, 0, 0, 0, 0, 0, 0, 0, 0, 0, 0, 0, 0, 0, 0, 4, 16, 80
"/Users/neilluo/workspaces/full-stack/misskey/packages/backend/src/queue/processors/DeleteFileProcessorService.ts", "TypeScript", 0, 0, 23, 0, 0, 0, 0, 0, 0, 0, 0, 0, 0, 0, 0, 0, 0, 4, 7, 34
"/Users/neilluo/workspaces/full-stack/misskey/packages/backend/src/queue/processors/DeliverProcessorService.ts", "TypeScript", 0, 0, 125, 0, 0, 0, 0, 0, 0, 0, 0, 0, 0, 0, 0, 0, 0, 14, 21, 160
"/Users/neilluo/workspaces/full-stack/misskey/packages/backend/src/queue/processors/EndedPollNotificationProcessorService.ts", "TypeScript", 0, 0, 47, 0, 0, 0, 0, 0, 0, 0, 0, 0, 0, 0, 0, 0, 0, 4, 10, 61
"/Users/neilluo/workspaces/full-stack/misskey/packages/backend/src/queue/processors/ExportAntennasProcessorService.ts", "TypeScript", 0, 0, 96, 0, 0, 0, 0, 0, 0, 0, 0, 0, 0, 0, 0, 0, 0, 4, 11, 111
"/Users/neilluo/workspaces/full-stack/misskey/packages/backend/src/queue/processors/ExportBlockingProcessorService.ts", "TypeScript", 0, 0, 96, 0, 0, 0, 0, 0, 0, 0, 0, 0, 0, 0, 0, 0, 0, 5, 23, 124
"/Users/neilluo/workspaces/full-stack/misskey/packages/backend/src/queue/processors/ExportClipsProcessorService.ts", "TypeScript", 0, 0, 171, 0, 0, 0, 0, 0, 0, 0, 0, 0, 0, 0, 0, 0, 0, 6, 37, 214
"/Users/neilluo/workspaces/full-stack/misskey/packages/backend/src/queue/processors/ExportCustomEmojisProcessorService.ts", "TypeScript", 0, 0, 121, 0, 0, 0, 0, 0, 0, 0, 0, 0, 0, 0, 0, 0, 0, 5, 29, 155
"/Users/neilluo/workspaces/full-stack/misskey/packages/backend/src/queue/processors/ExportFavoritesProcessorService.ts", "TypeScript", 0, 0, 136, 0, 0, 0, 0, 0, 0, 0, 0, 0, 0, 0, 0, 0, 0, 5, 27, 168
"/Users/neilluo/workspaces/full-stack/misskey/packages/backend/src/queue/processors/ExportFollowingProcessorService.ts", "TypeScript", 0, 0, 99, 0, 0, 0, 0, 0, 0, 0, 0, 0, 0, 0, 0, 0, 0, 5, 24, 128
"/Users/neilluo/workspaces/full-stack/misskey/packages/backend/src/queue/processors/ExportMutingProcessorService.ts", "TypeScript", 0, 0, 97, 0, 0, 0, 0, 0, 0, 0, 0, 0, 0, 0, 0, 0, 0, 5, 23, 125
"/Users/neilluo/workspaces/full-stack/misskey/packages/backend/src/queue/processors/ExportNotesProcessorService.ts", "TypeScript", 0, 0, 135, 0, 0, 0, 0, 0, 0, 0, 0, 0, 0, 0, 0, 0, 0, 6, 24, 165
"/Users/neilluo/workspaces/full-stack/misskey/packages/backend/src/queue/processors/ExportUserListsProcessorService.ts", "TypeScript", 0, 0, 80, 0, 0, 0, 0, 0, 0, 0, 0, 0, 0, 0, 0, 0, 0, 5, 19, 104
"/Users/neilluo/workspaces/full-stack/misskey/packages/backend/src/queue/processors/ImportAntennasProcessorService.ts", "TypeScript", 0, 0, 91, 0, 0, 0, 0, 0, 0, 0, 0, 0, 0, 0, 0, 0, 0, 4, 8, 103
"/Users/neilluo/workspaces/full-stack/misskey/packages/backend/src/queue/processors/ImportBlockingProcessorService.ts", "TypeScript", 0, 0, 78, 0, 0, 0, 0, 0, 0, 0, 0, 0, 0, 0, 0, 0, 0, 5, 21, 104
"/Users/neilluo/workspaces/full-stack/misskey/packages/backend/src/queue/processors/ImportCustomEmojisProcessorService.ts", "TypeScript", 0, 0, 111, 0, 0, 0, 0, 0, 0, 0, 0, 0, 0, 0, 0, 0, 0, 5, 17, 133
"/Users/neilluo/workspaces/full-stack/misskey/packages/backend/src/queue/processors/ImportFollowingProcessorService.ts", "TypeScript", 0, 0, 78, 0, 0, 0, 0, 0, 0, 0, 0, 0, 0, 0, 0, 0, 0, 5, 21, 104
"/Users/neilluo/workspaces/full-stack/misskey/packages/backend/src/queue/processors/ImportMutingProcessorService.ts", "TypeScript", 0, 0, 75, 0, 0, 0, 0, 0, 0, 0, 0, 0, 0, 0, 0, 0, 0, 5, 22, 102
"/Users/neilluo/workspaces/full-stack/misskey/packages/backend/src/queue/processors/ImportUserListsProcessorService.ts", "TypeScript", 0, 0, 86, 0, 0, 0, 0, 0, 0, 0, 0, 0, 0, 0, 0, 0, 0, 4, 22, 112
"/Users/neilluo/workspaces/full-stack/misskey/packages/backend/src/queue/processors/InboxProcessorService.ts", "TypeScript", 0, 0, 210, 0, 0, 0, 0, 0, 0, 0, 0, 0, 0, 0, 0, 0, 0, 28, 38, 276
"/Users/neilluo/workspaces/full-stack/misskey/packages/backend/src/queue/processors/RelationshipProcessorService.ts", "TypeScript", 0, 0, 64, 0, 0, 0, 0, 0, 0, 0, 0, 0, 0, 0, 0, 0, 0, 4, 11, 79
"/Users/neilluo/workspaces/full-stack/misskey/packages/backend/src/queue/processors/ResyncChartsProcessorService.ts", "TypeScript", 0, 0, 28, 0, 0, 0, 0, 0, 0, 0, 0, 0, 0, 0, 0, 0, 0, 7, 7, 42
"/Users/neilluo/workspaces/full-stack/misskey/packages/backend/src/queue/processors/SystemWebhookDeliverProcessorService.ts", "TypeScript", 0, 0, 68, 0, 0, 0, 0, 0, 0, 0, 0, 0, 0, 0, 0, 0, 0, 7, 13, 88
"/Users/neilluo/workspaces/full-stack/misskey/packages/backend/src/queue/processors/TickChartsProcessorService.ts", "TypeScript", 0, 0, 55, 0, 0, 0, 0, 0, 0, 0, 0, 0, 0, 0, 0, 0, 0, 5, 8, 68
"/Users/neilluo/workspaces/full-stack/misskey/packages/backend/src/queue/processors/UserWebhookDeliverProcessorService.ts", "TypeScript", 0, 0, 68, 0, 0, 0, 0, 0, 0, 0, 0, 0, 0, 0, 0, 0, 0, 7, 12, 87
"/Users/neilluo/workspaces/full-stack/misskey/packages/backend/src/queue/types.ts", "TypeScript", 0, 0, 107, 0, 0, 0, 0, 0, 0, 0, 0, 0, 0, 0, 0, 0, 0, 9, 20, 136
"/Users/neilluo/workspaces/full-stack/misskey/packages/backend/src/server/ActivityPubServerService.ts", "TypeScript", 0, 0, 671, 0, 0, 0, 0, 0, 0, 0, 0, 0, 0, 0, 0, 0, 0, 49, 149, 869
"/Users/neilluo/workspaces/full-stack/misskey/packages/backend/src/server/FileServerService.ts", "TypeScript", 0, 0, 484, 0, 0, 0, 0, 0, 0, 0, 0, 0, 0, 0, 0, 0, 0, 16, 78, 578
"/Users/neilluo/workspaces/full-stack/misskey/packages/backend/src/server/HealthServerService.ts", "TypeScript", 0, 0, 44, 0, 0, 0, 0, 0, 0, 0, 0, 0, 0, 0, 0, 0, 0, 4, 11, 59
"/Users/neilluo/workspaces/full-stack/misskey/packages/backend/src/server/NodeinfoServerService.ts", "TypeScript", 0, 0, 141, 0, 0, 0, 0, 0, 0, 0, 0, 0, 0, 0, 0, 0, 0, 12, 21, 174
"/Users/neilluo/workspaces/full-stack/misskey/packages/backend/src/server/ServerModule.ts", "TypeScript", 0, 0, 99, 0, 0, 0, 0, 0, 0, 0, 0, 0, 0, 0, 0, 0, 0, 4, 4, 107
"/Users/neilluo/workspaces/full-stack/misskey/packages/backend/src/server/ServerService.ts", "TypeScript", 0, 0, 252, 0, 0, 0, 0, 0, 0, 0, 0, 0, 0, 0, 0, 0, 0, 121, 47, 420
"/Users/neilluo/workspaces/full-stack/misskey/packages/backend/src/server/WellKnownServerService.ts", "TypeScript", 0, 0, 162, 0, 0, 0, 0, 0, 0, 0, 0, 0, 0, 0, 0, 0, 0, 9, 32, 203
"/Users/neilluo/workspaces/full-stack/misskey/packages/backend/src/server/api/ApiCallService.ts", "TypeScript", 0, 0, 400, 0, 0, 0, 0, 0, 0, 0, 0, 0, 0, 0, 0, 0, 0, 18, 42, 460
"/Users/neilluo/workspaces/full-stack/misskey/packages/backend/src/server/api/ApiLoggerService.ts", "TypeScript", 0, 0, 12, 0, 0, 0, 0, 0, 0, 0, 0, 0, 0, 0, 0, 0, 0, 4, 4, 20
"/Users/neilluo/workspaces/full-stack/misskey/packages/backend/src/server/api/ApiServerService.ts", "TypeScript", 0, 0, 161, 0, 0, 0, 0, 0, 0, 0, 0, 0, 0, 0, 0, 0, 0, 94, 25, 280
"/Users/neilluo/workspaces/full-stack/misskey/packages/backend/src/server/api/AuthenticateService.ts", "TypeScript", 0, 0, 81, 0, 0, 0, 0, 0, 0, 0, 0, 0, 0, 0, 0, 0, 0, 4, 19, 104
"/Users/neilluo/workspaces/full-stack/misskey/packages/backend/src/server/api/EndpointsModule.ts", "TypeScript", 0, 0, 22, 0, 0, 0, 0, 0, 0, 0, 0, 0, 0, 0, 0, 0, 0, 4, 5, 31
"/Users/neilluo/workspaces/full-stack/misskey/packages/backend/src/server/api/GetterService.ts", "TypeScript", 0, 0, 59, 0, 0, 0, 0, 0, 0, 0, 0, 0, 0, 0, 0, 0, 0, 16, 21, 96
"/Users/neilluo/workspaces/full-stack/misskey/packages/backend/src/server/api/RateLimiterService.ts", "TypeScript", 0, 0, 84, 0, 0, 0, 0, 0, 0, 0, 0, 0, 0, 0, 0, 0, 0, 6, 18, 108
"/Users/neilluo/workspaces/full-stack/misskey/packages/backend/src/server/api/SigninApiService.ts", "TypeScript", 0, 0, 232, 0, 0, 0, 0, 0, 0, 0, 0, 0, 0, 0, 0, 0, 0, 82, 39, 353
"/Users/neilluo/workspaces/full-stack/misskey/packages/backend/src/server/api/SigninService.ts", "TypeScript", 0, 0, 53, 0, 0, 0, 0, 0, 0, 0, 0, 0, 0, 0, 0, 0, 0, 47, 11, 111
"/Users/neilluo/workspaces/full-stack/misskey/packages/backend/src/server/api/SigninWithPasskeyApiService.ts", "TypeScript", 0, 0, 140, 0, 0, 0, 0, 0, 0, 0, 0, 0, 0, 0, 0, 0, 0, 11, 23, 174
"/Users/neilluo/workspaces/full-stack/misskey/packages/backend/src/server/api/SignupApiService.ts", "TypeScript", 0, 0, 229, 0, 0, 0, 0, 0, 0, 0, 0, 0, 0, 0, 0, 0, 0, 11, 49, 289
"/Users/neilluo/workspaces/full-stack/misskey/packages/backend/src/server/api/StreamingApiServerService.ts", "TypeScript", 0, 0, 145, 0, 0, 0, 0, 0, 0, 0, 0, 0, 0, 0, 0, 0, 0, 8, 30, 183
"/Users/neilluo/workspaces/full-stack/misskey/packages/backend/src/server/api/endpoint-base.ts", "TypeScript", 0, 0, 54, 0, 0, 0, 0, 0, 0, 0, 0, 0, 0, 0, 0, 0, 0, 5, 16, 75
"/Users/neilluo/workspaces/full-stack/misskey/packages/backend/src/server/api/endpoint-list.ts", "TypeScript", 0, 0, 411, 0, 0, 0, 0, 0, 0, 0, 0, 0, 0, 0, 0, 0, 0, 10, 3, 424
"/Users/neilluo/workspaces/full-stack/misskey/packages/backend/src/server/api/endpoints.ts", "TypeScript", 0, 0, 65, 0, 0, 0, 0, 0, 0, 0, 0, 0, 0, 0, 0, 0, 0, 55, 27, 147
"/Users/neilluo/workspaces/full-stack/misskey/packages/backend/src/server/api/endpoints/admin/abuse-report/notification-recipient/create.ts", "TypeScript", 0, 0, 107, 0, 0, 0, 0, 0, 0, 0, 0, 0, 0, 0, 0, 0, 0, 4, 12, 123
"/Users/neilluo/workspaces/full-stack/misskey/packages/backend/src/server/api/endpoints/admin/abuse-report/notification-recipient/delete.ts", "TypeScript", 0, 0, 35, 0, 0, 0, 0, 0, 0, 0, 0, 0, 0, 0, 0, 0, 0, 4, 6, 45
"/Users/neilluo/workspaces/full-stack/misskey/packages/backend/src/server/api/endpoints/admin/abuse-report/notification-recipient/list.ts", "TypeScript", 0, 0, 45, 0, 0, 0, 0, 0, 0, 0, 0, 0, 0, 0, 0, 0, 0, 4, 7, 56
"/Users/neilluo/workspaces/full-stack/misskey/packages/backend/src/server/api/endpoints/admin/abuse-report/notification-recipient/show.ts", "TypeScript", 0, 0, 52, 0, 0, 0, 0, 0, 0, 0, 0, 0, 0, 0, 0, 0, 0, 4, 9, 65
"/Users/neilluo/workspaces/full-stack/misskey/packages/backend/src/server/api/endpoints/admin/abuse-report/notification-recipient/update.ts", "TypeScript", 0, 0, 113, 0, 0, 0, 0, 0, 0, 0, 0, 0, 0, 0, 0, 0, 0, 4, 12, 129
"/Users/neilluo/workspaces/full-stack/misskey/packages/backend/src/server/api/endpoints/admin/abuse-user-reports.ts", "TypeScript", 0, 0, 124, 0, 0, 0, 0, 0, 0, 0, 0, 0, 0, 0, 0, 0, 0, 4, 13, 141
"/Users/neilluo/workspaces/full-stack/misskey/packages/backend/src/server/api/endpoints/admin/accounts/create.ts", "TypeScript", 0, 0, 84, 0, 0, 0, 0, 0, 0, 0, 0, 0, 0, 0, 0, 0, 0, 9, 16, 109
"/Users/neilluo/workspaces/full-stack/misskey/packages/backend/src/server/api/endpoints/admin/accounts/delete.ts", "TypeScript", 0, 0, 36, 0, 0, 0, 0, 0, 0, 0, 0, 0, 0, 0, 0, 0, 0, 4, 9, 49
"/Users/neilluo/workspaces/full-stack/misskey/packages/backend/src/server/api/endpoints/admin/accounts/find-by-email.ts", "TypeScript", 0, 0, 53, 0, 0, 0, 0, 0, 0, 0, 0, 0, 0, 0, 0, 0, 0, 4, 11, 68
"/Users/neilluo/workspaces/full-stack/misskey/packages/backend/src/server/api/endpoints/admin/ad/create.ts", "TypeScript", 0, 0, 73, 0, 0, 0, 0, 0, 0, 0, 0, 0, 0, 0, 0, 0, 0, 4, 9, 86
"/Users/neilluo/workspaces/full-stack/misskey/packages/backend/src/server/api/endpoints/admin/ad/delete.ts", "TypeScript", 0, 0, 44, 0, 0, 0, 0, 0, 0, 0, 0, 0, 0, 0, 0, 0, 0, 4, 11, 59
"/Users/neilluo/workspaces/full-stack/misskey/packages/backend/src/server/api/endpoints/admin/ad/list.ts", "TypeScript", 0, 0, 62, 0, 0, 0, 0, 0, 0, 0, 0, 0, 0, 0, 0, 0, 0, 4, 8, 74
"/Users/neilluo/workspaces/full-stack/misskey/packages/backend/src/server/api/endpoints/admin/ad/update.ts", "TypeScript", 0, 0, 65, 0, 0, 0, 0, 0, 0, 0, 0, 0, 0, 0, 0, 0, 0, 4, 12, 81
"/Users/neilluo/workspaces/full-stack/misskey/packages/backend/src/server/api/endpoints/admin/announcements/create.ts", "TypeScript", 0, 0, 80, 0, 0, 0, 0, 0, 0, 0, 0, 0, 0, 0, 0, 0, 0, 5, 8, 93
"/Users/neilluo/workspaces/full-stack/misskey/packages/backend/src/server/api/endpoints/admin/announcements/delete.ts", "TypeScript", 0, 0, 40, 0, 0, 0, 0, 0, 0, 0, 0, 0, 0, 0, 0, 0, 0, 4, 10, 54
"/Users/neilluo/workspaces/full-stack/misskey/packages/backend/src/server/api/endpoints/admin/announcements/list.ts", "TypeScript", 0, 0, 114, 0, 0, 0, 0, 0, 0, 0, 0, 0, 0, 0, 0, 0, 0, 4, 15, 133
"/Users/neilluo/workspaces/full-stack/misskey/packages/backend/src/server/api/endpoints/admin/announcements/update.ts", "TypeScript", 0, 0, 60, 0, 0, 0, 0, 0, 0, 0, 0, 0, 0, 0, 0, 0, 0, 5, 10, 75
"/Users/neilluo/workspaces/full-stack/misskey/packages/backend/src/server/api/endpoints/admin/avatar-decorations/create.ts", "TypeScript", 0, 0, 89, 0, 0, 0, 0, 0, 0, 0, 0, 0, 0, 0, 0, 0, 0, 4, 8, 101
"/Users/neilluo/workspaces/full-stack/misskey/packages/backend/src/server/api/endpoints/admin/avatar-decorations/delete.ts", "TypeScript", 0, 0, 30, 0, 0, 0, 0, 0, 0, 0, 0, 0, 0, 0, 0, 0, 0, 4, 6, 40
"/Users/neilluo/workspaces/full-stack/misskey/packages/backend/src/server/api/endpoints/admin/avatar-decorations/list.ts", "TypeScript", 0, 0, 88, 0, 0, 0, 0, 0, 0, 0, 0, 0, 0, 0, 0, 0, 0, 4, 8, 100
"/Users/neilluo/workspaces/full-stack/misskey/packages/backend/src/server/api/endpoints/admin/avatar-decorations/update.ts", "TypeScript", 0, 0, 41, 0, 0, 0, 0, 0, 0, 0, 0, 0, 0, 0, 0, 0, 0, 4, 7, 52
"/Users/neilluo/workspaces/full-stack/misskey/packages/backend/src/server/api/endpoints/admin/captcha/current.ts", "TypeScript", 0, 0, 58, 0, 0, 0, 0, 0, 0, 0, 0, 0, 0, 0, 0, 0, 0, 5, 8, 71
"/Users/neilluo/workspaces/full-stack/misskey/packages/backend/src/server/api/endpoints/admin/captcha/save.ts", "TypeScript", 0, 0, 116, 0, 0, 0, 0, 0, 0, 0, 0, 0, 0, 0, 0, 0, 0, 5, 9, 130
"/Users/neilluo/workspaces/full-stack/misskey/packages/backend/src/server/api/endpoints/admin/delete-account.ts", "TypeScript", 0, 0, 34, 0, 0, 0, 0, 0, 0, 0, 0, 0, 0, 0, 0, 0, 0, 4, 8, 46
"/Users/neilluo/workspaces/full-stack/misskey/packages/backend/src/server/api/endpoints/admin/delete-all-files-of-a-user.ts", "TypeScript", 0, 0, 35, 0, 0, 0, 0, 0, 0, 0, 0, 0, 0, 0, 0, 0, 0, 4, 8, 47
"/Users/neilluo/workspaces/full-stack/misskey/packages/backend/src/server/api/endpoints/admin/drive/clean-remote-files.ts", "TypeScript", 0, 0, 24, 0, 0, 0, 0, 0, 0, 0, 0, 0, 0, 0, 0, 0, 0, 4, 6, 34
"/Users/neilluo/workspaces/full-stack/misskey/packages/backend/src/server/api/endpoints/admin/drive/cleanup.ts", "TypeScript", 0, 0, 34, 0, 0, 0, 0, 0, 0, 0, 0, 0, 0, 0, 0, 0, 0, 4, 8, 46
"/Users/neilluo/workspaces/full-stack/misskey/packages/backend/src/server/api/endpoints/admin/drive/files.ts", "TypeScript", 0, 0, 73, 0, 0, 0, 0, 0, 0, 0, 0, 0, 0, 0, 0, 0, 0, 4, 13, 90
"/Users/neilluo/workspaces/full-stack/misskey/packages/backend/src/server/api/endpoints/admin/drive/show-file.ts", "TypeScript", 0, 0, 225, 0, 0, 0, 0, 0, 0, 0, 0, 0, 0, 0, 0, 0, 0, 4, 14, 243
"/Users/neilluo/workspaces/full-stack/misskey/packages/backend/src/server/api/endpoints/admin/emoji/add-aliases-bulk.ts", "TypeScript", 0, 0, 31, 0, 0, 0, 0, 0, 0, 0, 0, 0, 0, 0, 0, 0, 0, 4, 6, 41
"/Users/neilluo/workspaces/full-stack/misskey/packages/backend/src/server/api/endpoints/admin/emoji/add.ts", "TypeScript", 0, 0, 94, 0, 0, 0, 0, 0, 0, 0, 0, 0, 0, 0, 0, 0, 0, 5, 11, 110
"/Users/neilluo/workspaces/full-stack/misskey/packages/backend/src/server/api/endpoints/admin/emoji/copy.ts", "TypeScript", 0, 0, 84, 0, 0, 0, 0, 0, 0, 0, 0, 0, 0, 0, 0, 0, 0, 8, 14, 106
"/Users/neilluo/workspaces/full-stack/misskey/packages/backend/src/server/api/endpoints/admin/emoji/delete-bulk.ts", "TypeScript", 0, 0, 28, 0, 0, 0, 0, 0, 0, 0, 0, 0, 0, 0, 0, 0, 0, 4, 6, 38
"/Users/neilluo/workspaces/full-stack/misskey/packages/backend/src/server/api/endpoints/admin/emoji/delete.ts", "TypeScript", 0, 0, 33, 0, 0, 0, 0, 0, 0, 0, 0, 0, 0, 0, 0, 0, 0, 4, 7, 44
"/Users/neilluo/workspaces/full-stack/misskey/packages/backend/src/server/api/endpoints/admin/emoji/import-zip.ts", "TypeScript", 0, 0, 25, 0, 0, 0, 0, 0, 0, 0, 0, 0, 0, 0, 0, 0, 0, 4, 5, 34
"/Users/neilluo/workspaces/full-stack/misskey/packages/backend/src/server/api/endpoints/admin/emoji/list-remote.ts", "TypeScript", 0, 0, 97, 0, 0, 0, 0, 0, 0, 0, 0, 0, 0, 0, 0, 0, 0, 4, 12, 113
"/Users/neilluo/workspaces/full-stack/misskey/packages/backend/src/server/api/endpoints/admin/emoji/list.ts", "TypeScript", 0, 0, 96, 0, 0, 0, 0, 0, 0, 0, 0, 0, 0, 0, 0, 0, 0, 7, 13, 116
"/Users/neilluo/workspaces/full-stack/misskey/packages/backend/src/server/api/endpoints/admin/emoji/remove-aliases-bulk.ts", "TypeScript", 0, 0, 31, 0, 0, 0, 0, 0, 0, 0, 0, 0, 0, 0, 0, 0, 0, 4, 6, 41
"/Users/neilluo/workspaces/full-stack/misskey/packages/backend/src/server/api/endpoints/admin/emoji/set-aliases-bulk.ts", "TypeScript", 0, 0, 31, 0, 0, 0, 0, 0, 0, 0, 0, 0, 0, 0, 0, 0, 0, 4, 6, 41
"/Users/neilluo/workspaces/full-stack/misskey/packages/backend/src/server/api/endpoints/admin/emoji/set-category-bulk.ts", "TypeScript", 0, 0, 33, 0, 0, 0, 0, 0, 0, 0, 0, 0, 0, 0, 0, 0, 0, 4, 6, 43
"/Users/neilluo/workspaces/full-stack/misskey/packages/backend/src/server/api/endpoints/admin/emoji/set-license-bulk.ts", "TypeScript", 0, 0, 33, 0, 0, 0, 0, 0, 0, 0, 0, 0, 0, 0, 0, 0, 0, 4, 6, 43
"/Users/neilluo/workspaces/full-stack/misskey/packages/backend/src/server/api/endpoints/admin/emoji/update.ts", "TypeScript", 0, 0, 92, 0, 0, 0, 0, 0, 0, 0, 0, 0, 0, 0, 0, 0, 0, 6, 11, 109
"/Users/neilluo/workspaces/full-stack/misskey/packages/backend/src/server/api/endpoints/admin/federation/delete-all-files.ts", "TypeScript", 0, 0, 35, 0, 0, 0, 0, 0, 0, 0, 0, 0, 0, 0, 0, 0, 0, 4, 8, 47
"/Users/neilluo/workspaces/full-stack/misskey/packages/backend/src/server/api/endpoints/admin/federation/refresh-remote-instance-metadata.ts", "TypeScript", 0, 0, 36, 0, 0, 0, 0, 0, 0, 0, 0, 0, 0, 0, 0, 0, 0, 4, 9, 49
"/Users/neilluo/workspaces/full-stack/misskey/packages/backend/src/server/api/endpoints/admin/federation/remove-all-following.ts", "TypeScript", 0, 0, 39, 0, 0, 0, 0, 0, 0, 0, 0, 0, 0, 0, 0, 0, 0, 4, 10, 53
"/Users/neilluo/workspaces/full-stack/misskey/packages/backend/src/server/api/endpoints/admin/federation/update-instance.ts", "TypeScript", 0, 0, 69, 0, 0, 0, 0, 0, 0, 0, 0, 0, 0, 0, 0, 0, 0, 4, 13, 86
"/Users/neilluo/workspaces/full-stack/misskey/packages/backend/src/server/api/endpoints/admin/forward-abuse-user-report.ts", "TypeScript", 0, 0, 44, 0, 0, 0, 0, 0, 0, 0, 0, 0, 0, 0, 0, 0, 0, 4, 8, 56
"/Users/neilluo/workspaces/full-stack/misskey/packages/backend/src/server/api/endpoints/admin/get-index-stats.ts", "TypeScript", 0, 0, 43, 0, 0, 0, 0, 0, 0, 0, 0, 0, 0, 0, 0, 0, 0, 4, 7, 54
"/Users/neilluo/workspaces/full-stack/misskey/packages/backend/src/server/api/endpoints/admin/get-table-stats.ts", "TypeScript", 0, 0, 64, 0, 0, 0, 0, 0, 0, 0, 0, 0, 0, 0, 0, 0, 0, 4, 8, 76
"/Users/neilluo/workspaces/full-stack/misskey/packages/backend/src/server/api/endpoints/admin/get-user-ips.ts", "TypeScript", 0, 0, 57, 0, 0, 0, 0, 0, 0, 0, 0, 0, 0, 0, 0, 0, 0, 4, 8, 69
"/Users/neilluo/workspaces/full-stack/misskey/packages/backend/src/server/api/endpoints/admin/invite/create.ts", "TypeScript", 0, 0, 68, 0, 0, 0, 0, 0, 0, 0, 0, 0, 0, 0, 0, 0, 0, 4, 14, 86
"/Users/neilluo/workspaces/full-stack/misskey/packages/backend/src/server/api/endpoints/admin/invite/list.ts", "TypeScript", 0, 0, 60, 0, 0, 0, 0, 0, 0, 0, 0, 0, 0, 0, 0, 0, 0, 4, 13, 77
"/Users/neilluo/workspaces/full-stack/misskey/packages/backend/src/server/api/endpoints/admin/meta.ts", "TypeScript", 0, 0, 665, 0, 0, 0, 0, 0, 0, 0, 0, 0, 0, 0, 0, 0, 0, 4, 10, 679
"/Users/neilluo/workspaces/full-stack/misskey/packages/backend/src/server/api/endpoints/admin/promo/create.ts", "TypeScript", 0, 0, 56, 0, 0, 0, 0, 0, 0, 0, 0, 0, 0, 0, 0, 0, 0, 4, 12, 72
"/Users/neilluo/workspaces/full-stack/misskey/packages/backend/src/server/api/endpoints/admin/queue/clear.ts", "TypeScript", 0, 0, 27, 0, 0, 0, 0, 0, 0, 0, 0, 0, 0, 0, 0, 0, 0, 4, 7, 38
"/Users/neilluo/workspaces/full-stack/misskey/packages/backend/src/server/api/endpoints/admin/queue/deliver-delayed.ts", "TypeScript", 0, 0, 57, 0, 0, 0, 0, 0, 0, 0, 0, 0, 0, 0, 0, 0, 0, 4, 11, 72
"/Users/neilluo/workspaces/full-stack/misskey/packages/backend/src/server/api/endpoints/admin/queue/inbox-delayed.ts", "TypeScript", 0, 0, 57, 0, 0, 0, 0, 0, 0, 0, 0, 0, 0, 0, 0, 0, 0, 4, 11, 72
"/Users/neilluo/workspaces/full-stack/misskey/packages/backend/src/server/api/endpoints/admin/queue/promote.ts", "TypeScript", 0, 0, 65, 0, 0, 0, 0, 0, 0, 0, 0, 0, 0, 0, 0, 0, 0, 4, 9, 78
"/Users/neilluo/workspaces/full-stack/misskey/packages/backend/src/server/api/endpoints/admin/queue/stats.ts", "TypeScript", 0, 0, 62, 0, 0, 0, 0, 0, 0, 0, 0, 0, 0, 0, 0, 0, 0, 4, 8, 74
"/Users/neilluo/workspaces/full-stack/misskey/packages/backend/src/server/api/endpoints/admin/relays/add.ts", "TypeScript", 0, 0, 66, 0, 0, 0, 0, 0, 0, 0, 0, 0, 0, 0, 0, 0, 0, 4, 9, 79
"/Users/neilluo/workspaces/full-stack/misskey/packages/backend/src/server/api/endpoints/admin/relays/list.ts", "TypeScript", 0, 0, 54, 0, 0, 0, 0, 0, 0, 0, 0, 0, 0, 0, 0, 0, 0, 4, 7, 65
"/Users/neilluo/workspaces/full-stack/misskey/packages/backend/src/server/api/endpoints/admin/relays/remove.ts", "TypeScript", 0, 0, 26, 0, 0, 0, 0, 0, 0, 0, 0, 0, 0, 0, 0, 0, 0, 4, 6, 36
"/Users/neilluo/workspaces/full-stack/misskey/packages/backend/src/server/api/endpoints/admin/reset-password.ts", "TypeScript", 0, 0, 69, 0, 0, 0, 0, 0, 0, 0, 0, 0, 0, 0, 0, 0, 0, 5, 17, 91
"/Users/neilluo/workspaces/full-stack/misskey/packages/backend/src/server/api/endpoints/admin/resolve-abuse-user-report.ts", "TypeScript", 0, 0, 45, 0, 0, 0, 0, 0, 0, 0, 0, 0, 0, 0, 0, 0, 0, 4, 8, 57
"/Users/neilluo/workspaces/full-stack/misskey/packages/backend/src/server/api/endpoints/admin/roles/assign.ts", "TypeScript", 0, 0, 72, 0, 0, 0, 0, 0, 0, 0, 0, 0, 0, 0, 0, 0, 0, 4, 15, 91
"/Users/neilluo/workspaces/full-stack/misskey/packages/backend/src/server/api/endpoints/admin/roles/create.ts", "TypeScript", 0, 0, 64, 0, 0, 0, 0, 0, 0, 0, 0, 0, 0, 0, 0, 0, 0, 4, 8, 76
"/Users/neilluo/workspaces/full-stack/misskey/packages/backend/src/server/api/endpoints/admin/roles/delete.ts", "TypeScript", 0, 0, 44, 0, 0, 0, 0, 0, 0, 0, 0, 0, 0, 0, 0, 0, 0, 4, 8, 56
"/Users/neilluo/workspaces/full-stack/misskey/packages/backend/src/server/api/endpoints/admin/roles/list.ts", "TypeScript", 0, 0, 42, 0, 0, 0, 0, 0, 0, 0, 0, 0, 0, 0, 0, 0, 0, 4, 8, 54
"/Users/neilluo/workspaces/full-stack/misskey/packages/backend/src/server/api/endpoints/admin/roles/show.ts", "TypeScript", 0, 0, 49, 0, 0, 0, 0, 0, 0, 0, 0, 0, 0, 0, 0, 0, 0, 4, 9, 62
"/Users/neilluo/workspaces/full-stack/misskey/packages/backend/src/server/api/endpoints/admin/roles/unassign.ts", "TypeScript", 0, 0, 70, 0, 0, 0, 0, 0, 0, 0, 0, 0, 0, 0, 0, 0, 0, 4, 15, 89
"/Users/neilluo/workspaces/full-stack/misskey/packages/backend/src/server/api/endpoints/admin/roles/update-default-policies.ts", "TypeScript", 0, 0, 43, 0, 0, 0, 0, 0, 0, 0, 0, 0, 0, 0, 0, 0, 0, 4, 9, 56
"/Users/neilluo/workspaces/full-stack/misskey/packages/backend/src/server/api/endpoints/admin/roles/update.ts", "TypeScript", 0, 0, 77, 0, 0, 0, 0, 0, 0, 0, 0, 0, 0, 0, 0, 0, 0, 4, 9, 90
"/Users/neilluo/workspaces/full-stack/misskey/packages/backend/src/server/api/endpoints/admin/roles/users.ts", "TypeScript", 0, 0, 86, 0, 0, 0, 0, 0, 0, 0, 0, 0, 0, 0, 0, 0, 0, 4, 14, 104
"/Users/neilluo/workspaces/full-stack/misskey/packages/backend/src/server/api/endpoints/admin/send-email.ts", "TypeScript", 0, 0, 28, 0, 0, 0, 0, 0, 0, 0, 0, 0, 0, 0, 0, 0, 0, 4, 6, 38
"/Users/neilluo/workspaces/full-stack/misskey/packages/backend/src/server/api/endpoints/admin/server-info.ts", "TypeScript", 0, 0, 132, 0, 0, 0, 0, 0, 0, 0, 0, 0, 0, 0, 0, 0, 0, 4, 11, 147
"/Users/neilluo/workspaces/full-stack/misskey/packages/backend/src/server/api/endpoints/admin/show-moderation-logs.ts", "TypeScript", 0, 0, 82, 0, 0, 0, 0, 0, 0, 0, 0, 0, 0, 0, 0, 0, 0, 4, 12, 98
"/Users/neilluo/workspaces/full-stack/misskey/packages/backend/src/server/api/endpoints/admin/show-user.ts", "TypeScript", 0, 0, 244, 0, 0, 0, 0, 0, 0, 0, 0, 0, 0, 0, 0, 0, 0, 4, 16, 264
"/Users/neilluo/workspaces/full-stack/misskey/packages/backend/src/server/api/endpoints/admin/show-users.ts", "TypeScript", 0, 0, 101, 0, 0, 0, 0, 0, 0, 0, 0, 0, 0, 0, 0, 0, 0, 4, 16, 121
"/Users/neilluo/workspaces/full-stack/misskey/packages/backend/src/server/api/endpoints/admin/suspend-user.ts", "TypeScript", 0, 0, 39, 0, 0, 0, 0, 0, 0, 0, 0, 0, 0, 0, 0, 0, 0, 4, 10, 53
"/Users/neilluo/workspaces/full-stack/misskey/packages/backend/src/server/api/endpoints/admin/system-webhook/create.ts", "TypeScript", 0, 0, 74, 0, 0, 0, 0, 0, 0, 0, 0, 0, 0, 0, 0, 0, 0, 4, 8, 86
"/Users/neilluo/workspaces/full-stack/misskey/packages/backend/src/server/api/endpoints/admin/system-webhook/delete.ts", "TypeScript", 0, 0, 35, 0, 0, 0, 0, 0, 0, 0, 0, 0, 0, 0, 0, 0, 0, 4, 6, 45
"/Users/neilluo/workspaces/full-stack/misskey/packages/backend/src/server/api/endpoints/admin/system-webhook/list.ts", "TypeScript", 0, 0, 50, 0, 0, 0, 0, 0, 0, 0, 0, 0, 0, 0, 0, 0, 0, 4, 7, 61
"/Users/neilluo/workspaces/full-stack/misskey/packages/backend/src/server/api/endpoints/admin/system-webhook/show.ts", "TypeScript", 0, 0, 50, 0, 0, 0, 0, 0, 0, 0, 0, 0, 0, 0, 0, 0, 0, 4, 9, 63
"/Users/neilluo/workspaces/full-stack/misskey/packages/backend/src/server/api/endpoints/admin/system-webhook/test.ts", "TypeScript", 0, 0, 66, 0, 0, 0, 0, 0, 0, 0, 0, 0, 0, 0, 0, 0, 0, 4, 8, 78
"/Users/neilluo/workspaces/full-stack/misskey/packages/backend/src/server/api/endpoints/admin/system-webhook/update.ts", "TypeScript", 0, 0, 80, 0, 0, 0, 0, 0, 0, 0, 0, 0, 0, 0, 0, 0, 0, 4, 8, 92
"/Users/neilluo/workspaces/full-stack/misskey/packages/backend/src/server/api/endpoints/admin/unset-user-avatar.ts", "TypeScript", 0, 0, 46, 0, 0, 0, 0, 0, 0, 0, 0, 0, 0, 0, 0, 0, 0, 5, 11, 62
"/Users/neilluo/workspaces/full-stack/misskey/packages/backend/src/server/api/endpoints/admin/unset-user-banner.ts", "TypeScript", 0, 0, 46, 0, 0, 0, 0, 0, 0, 0, 0, 0, 0, 0, 0, 0, 0, 5, 11, 62
"/Users/neilluo/workspaces/full-stack/misskey/packages/backend/src/server/api/endpoints/admin/unsuspend-user.ts", "TypeScript", 0, 0, 34, 0, 0, 0, 0, 0, 0, 0, 0, 0, 0, 0, 0, 0, 0, 4, 9, 47
"/Users/neilluo/workspaces/full-stack/misskey/packages/backend/src/server/api/endpoints/admin/update-abuse-user-report.ts", "TypeScript", 0, 0, 47, 0, 0, 0, 0, 0, 0, 0, 0, 0, 0, 0, 0, 0, 0, 4, 8, 59
"/Users/neilluo/workspaces/full-stack/misskey/packages/backend/src/server/api/endpoints/admin/update-meta.ts", "TypeScript", 0, 0, 567, 0, 0, 0, 0, 0, 0, 0, 0, 0, 0, 0, 0, 0, 0, 6, 118, 691
"/Users/neilluo/workspaces/full-stack/misskey/packages/backend/src/server/api/endpoints/admin/update-proxy-account.ts", "TypeScript", 0, 0, 49, 0, 0, 0, 0, 0, 0, 0, 0, 0, 0, 0, 0, 0, 0, 4, 10, 63
"/Users/neilluo/workspaces/full-stack/misskey/packages/backend/src/server/api/endpoints/admin/update-user-note.ts", "TypeScript", 0, 0, 47, 0, 0, 0, 0, 0, 0, 0, 0, 0, 0, 0, 0, 0, 0, 4, 12, 63
"/Users/neilluo/workspaces/full-stack/misskey/packages/backend/src/server/api/endpoints/announcements.ts", "TypeScript", 0, 0, 50, 0, 0, 0, 0, 0, 0, 0, 0, 0, 0, 0, 0, 0, 0, 4, 10, 64
"/Users/neilluo/workspaces/full-stack/misskey/packages/backend/src/server/api/endpoints/announcements/show.ts", "TypeScript", 0, 0, 43, 0, 0, 0, 0, 0, 0, 0, 0, 0, 0, 0, 0, 0, 0, 4, 8, 55
"/Users/neilluo/workspaces/full-stack/misskey/packages/backend/src/server/api/endpoints/antennas/create.ts", "TypeScript", 0, 0, 120, 0, 0, 0, 0, 0, 0, 0, 0, 0, 0, 0, 0, 0, 0, 4, 22, 146
"/Users/neilluo/workspaces/full-stack/misskey/packages/backend/src/server/api/endpoints/antennas/delete.ts", "TypeScript", 0, 0, 45, 0, 0, 0, 0, 0, 0, 0, 0, 0, 0, 0, 0, 0, 0, 4, 12, 61
"/Users/neilluo/workspaces/full-stack/misskey/packages/backend/src/server/api/endpoints/antennas/list.ts", "TypeScript", 0, 0, 39, 0, 0, 0, 0, 0, 0, 0, 0, 0, 0, 0, 0, 0, 0, 4, 10, 53
"/Users/neilluo/workspaces/full-stack/misskey/packages/backend/src/server/api/endpoints/antennas/notes.ts", "TypeScript", 0, 0, 100, 0, 0, 0, 0, 0, 0, 0, 0, 0, 0, 0, 0, 0, 0, 7, 22, 129
"/Users/neilluo/workspaces/full-stack/misskey/packages/backend/src/server/api/endpoints/antennas/show.ts", "TypeScript", 0, 0, 49, 0, 0, 0, 0, 0, 0, 0, 0, 0, 0, 0, 0, 0, 0, 5, 12, 66
"/Users/neilluo/workspaces/full-stack/misskey/packages/backend/src/server/api/endpoints/antennas/update.ts", "TypeScript", 0, 0, 118, 0, 0, 0, 0, 0, 0, 0, 0, 0, 0, 0, 0, 0, 0, 5, 21, 144
"/Users/neilluo/workspaces/full-stack/misskey/packages/backend/src/server/api/endpoints/ap/get.ts", "TypeScript", 0, 0, 39, 0, 0, 0, 0, 0, 0, 0, 0, 0, 0, 0, 0, 0, 0, 4, 9, 52
"/Users/neilluo/workspaces/full-stack/misskey/packages/backend/src/server/api/endpoints/ap/show.ts", "TypeScript", 0, 0, 189, 0, 0, 0, 0, 0, 0, 0, 0, 0, 0, 0, 0, 0, 0, 15, 22, 226
"/Users/neilluo/workspaces/full-stack/misskey/packages/backend/src/server/api/endpoints/app/create.ts", "TypeScript", 0, 0, 56, 0, 0, 0, 0, 0, 0, 0, 0, 0, 0, 0, 0, 0, 0, 7, 11, 74
"/Users/neilluo/workspaces/full-stack/misskey/packages/backend/src/server/api/endpoints/app/show.ts", "TypeScript", 0, 0, 48, 0, 0, 0, 0, 0, 0, 0, 0, 0, 0, 0, 0, 0, 0, 5, 11, 64
"/Users/neilluo/workspaces/full-stack/misskey/packages/backend/src/server/api/endpoints/auth/accept.ts", "TypeScript", 0, 0, 72, 0, 0, 0, 0, 0, 0, 0, 0, 0, 0, 0, 0, 0, 0, 8, 19, 99
"/Users/neilluo/workspaces/full-stack/misskey/packages/backend/src/server/api/endpoints/auth/session/generate.ts", "TypeScript", 0, 0, 72, 0, 0, 0, 0, 0, 0, 0, 0, 0, 0, 0, 0, 0, 0, 7, 15, 94
"/Users/neilluo/workspaces/full-stack/misskey/packages/backend/src/server/api/endpoints/auth/session/show.ts", "TypeScript", 0, 0, 62, 0, 0, 0, 0, 0, 0, 0, 0, 0, 0, 0, 0, 0, 0, 5, 11, 78
"/Users/neilluo/workspaces/full-stack/misskey/packages/backend/src/server/api/endpoints/auth/session/userkey.ts", "TypeScript", 0, 0, 92, 0, 0, 0, 0, 0, 0, 0, 0, 0, 0, 0, 0, 0, 0, 8, 21, 121
"/Users/neilluo/workspaces/full-stack/misskey/packages/backend/src/server/api/endpoints/blocking/create.ts", "TypeScript", 0, 0, 83, 0, 0, 0, 0, 0, 0, 0, 0, 0, 0, 0, 0, 0, 0, 7, 20, 110
"/Users/neilluo/workspaces/full-stack/misskey/packages/backend/src/server/api/endpoints/blocking/delete.ts", "TypeScript", 0, 0, 83, 0, 0, 0, 0, 0, 0, 0, 0, 0, 0, 0, 0, 0, 0, 8, 20, 111
"/Users/neilluo/workspaces/full-stack/misskey/packages/backend/src/server/api/endpoints/blocking/list.ts", "TypeScript", 0, 0, 47, 0, 0, 0, 0, 0, 0, 0, 0, 0, 0, 0, 0, 0, 0, 4, 11, 62
"/Users/neilluo/workspaces/full-stack/misskey/packages/backend/src/server/api/endpoints/bubble-game/ranking.ts", "TypeScript", 0, 0, 70, 0, 0, 0, 0, 0, 0, 0, 0, 0, 0, 0, 0, 0, 0, 4, 10, 84
"/Users/neilluo/workspaces/full-stack/misskey/packages/backend/src/server/api/endpoints/bubble-game/register.ts", "TypeScript", 0, 0, 72, 0, 0, 0, 0, 0, 0, 0, 0, 0, 0, 0, 0, 0, 0, 6, 12, 90
"/Users/neilluo/workspaces/full-stack/misskey/packages/backend/src/server/api/endpoints/channels/create.ts", "TypeScript", 0, 0, 78, 0, 0, 0, 0, 0, 0, 0, 0, 0, 0, 0, 0, 0, 0, 4, 16, 98
"/Users/neilluo/workspaces/full-stack/misskey/packages/backend/src/server/api/endpoints/channels/favorite.ts", "TypeScript", 0, 0, 50, 0, 0, 0, 0, 0, 0, 0, 0, 0, 0, 0, 0, 0, 0, 4, 13, 67
"/Users/neilluo/workspaces/full-stack/misskey/packages/backend/src/server/api/endpoints/channels/featured.ts", "TypeScript", 0, 0, 40, 0, 0, 0, 0, 0, 0, 0, 0, 0, 0, 0, 0, 0, 0, 4, 10, 54
"/Users/neilluo/workspaces/full-stack/misskey/packages/backend/src/server/api/endpoints/channels/follow.ts", "TypeScript", 0, 0, 44, 0, 0, 0, 0, 0, 0, 0, 0, 0, 0, 0, 0, 0, 0, 4, 11, 59
"/Users/neilluo/workspaces/full-stack/misskey/packages/backend/src/server/api/endpoints/channels/followed.ts", "TypeScript", 0, 0, 47, 0, 0, 0, 0, 0, 0, 0, 0, 0, 0, 0, 0, 0, 0, 4, 11, 62
"/Users/neilluo/workspaces/full-stack/misskey/packages/backend/src/server/api/endpoints/channels/my-favorites.ts", "TypeScript", 0, 0, 42, 0, 0, 0, 0, 0, 0, 0, 0, 0, 0, 0, 0, 0, 0, 4, 11, 57
"/Users/neilluo/workspaces/full-stack/misskey/packages/backend/src/server/api/endpoints/channels/owned.ts", "TypeScript", 0, 0, 48, 0, 0, 0, 0, 0, 0, 0, 0, 0, 0, 0, 0, 0, 0, 4, 11, 63
"/Users/neilluo/workspaces/full-stack/misskey/packages/backend/src/server/api/endpoints/channels/search.ts", "TypeScript", 0, 0, 61, 0, 0, 0, 0, 0, 0, 0, 0, 0, 0, 0, 0, 0, 0, 4, 11, 76
"/Users/neilluo/workspaces/full-stack/misskey/packages/backend/src/server/api/endpoints/channels/show.ts", "TypeScript", 0, 0, 47, 0, 0, 0, 0, 0, 0, 0, 0, 0, 0, 0, 0, 0, 0, 4, 11, 62
"/Users/neilluo/workspaces/full-stack/misskey/packages/backend/src/server/api/endpoints/channels/timeline.ts", "TypeScript", 0, 0, 108, 0, 0, 0, 0, 0, 0, 0, 0, 0, 0, 0, 0, 0, 0, 6, 19, 133
"/Users/neilluo/workspaces/full-stack/misskey/packages/backend/src/server/api/endpoints/channels/unfavorite.ts", "TypeScript", 0, 0, 47, 0, 0, 0, 0, 0, 0, 0, 0, 0, 0, 0, 0, 0, 0, 4, 12, 63
"/Users/neilluo/workspaces/full-stack/misskey/packages/backend/src/server/api/endpoints/channels/unfollow.ts", "TypeScript", 0, 0, 44, 0, 0, 0, 0, 0, 0, 0, 0, 0, 0, 0, 0, 0, 0, 4, 11, 59
"/Users/neilluo/workspaces/full-stack/misskey/packages/backend/src/server/api/endpoints/channels/update.ts", "TypeScript", 0, 0, 101, 0, 0, 0, 0, 0, 0, 0, 0, 0, 0, 0, 0, 0, 0, 5, 20, 126
"/Users/neilluo/workspaces/full-stack/misskey/packages/backend/src/server/api/endpoints/charts/active-users.ts", "TypeScript", 0, 0, 30, 0, 0, 0, 0, 0, 0, 0, 0, 0, 0, 0, 0, 0, 0, 4, 7, 41
"/Users/neilluo/workspaces/full-stack/misskey/packages/backend/src/server/api/endpoints/charts/ap-request.ts", "TypeScript", 0, 0, 30, 0, 0, 0, 0, 0, 0, 0, 0, 0, 0, 0, 0, 0, 0, 4, 7, 41
"/Users/neilluo/workspaces/full-stack/misskey/packages/backend/src/server/api/endpoints/charts/drive.ts", "TypeScript", 0, 0, 30, 0, 0, 0, 0, 0, 0, 0, 0, 0, 0, 0, 0, 0, 0, 4, 7, 41
"/Users/neilluo/workspaces/full-stack/misskey/packages/backend/src/server/api/endpoints/charts/federation.ts", "TypeScript", 0, 0, 30, 0, 0, 0, 0, 0, 0, 0, 0, 0, 0, 0, 0, 0, 0, 4, 7, 41
"/Users/neilluo/workspaces/full-stack/misskey/packages/backend/src/server/api/endpoints/charts/instance.ts", "TypeScript", 0, 0, 31, 0, 0, 0, 0, 0, 0, 0, 0, 0, 0, 0, 0, 0, 0, 4, 7, 42
"/Users/neilluo/workspaces/full-stack/misskey/packages/backend/src/server/api/endpoints/charts/notes.ts", "TypeScript", 0, 0, 30, 0, 0, 0, 0, 0, 0, 0, 0, 0, 0, 0, 0, 0, 0, 4, 7, 41
"/Users/neilluo/workspaces/full-stack/misskey/packages/backend/src/server/api/endpoints/charts/user/drive.ts", "TypeScript", 0, 0, 31, 0, 0, 0, 0, 0, 0, 0, 0, 0, 0, 0, 0, 0, 0, 4, 7, 42
"/Users/neilluo/workspaces/full-stack/misskey/packages/backend/src/server/api/endpoints/charts/user/following.ts", "TypeScript", 0, 0, 31, 0, 0, 0, 0, 0, 0, 0, 0, 0, 0, 0, 0, 0, 0, 4, 7, 42
"/Users/neilluo/workspaces/full-stack/misskey/packages/backend/src/server/api/endpoints/charts/user/notes.ts", "TypeScript", 0, 0, 31, 0, 0, 0, 0, 0, 0, 0, 0, 0, 0, 0, 0, 0, 0, 4, 7, 42
"/Users/neilluo/workspaces/full-stack/misskey/packages/backend/src/server/api/endpoints/charts/user/pv.ts", "TypeScript", 0, 0, 31, 0, 0, 0, 0, 0, 0, 0, 0, 0, 0, 0, 0, 0, 0, 4, 7, 42
"/Users/neilluo/workspaces/full-stack/misskey/packages/backend/src/server/api/endpoints/charts/user/reactions.ts", "TypeScript", 0, 0, 31, 0, 0, 0, 0, 0, 0, 0, 0, 0, 0, 0, 0, 0, 0, 4, 7, 42
"/Users/neilluo/workspaces/full-stack/misskey/packages/backend/src/server/api/endpoints/charts/users.ts", "TypeScript", 0, 0, 30, 0, 0, 0, 0, 0, 0, 0, 0, 0, 0, 0, 0, 0, 0, 4, 7, 41
"/Users/neilluo/workspaces/full-stack/misskey/packages/backend/src/server/api/endpoints/chat/history.ts", "TypeScript", 0, 0, 57, 0, 0, 0, 0, 0, 0, 0, 0, 0, 0, 0, 0, 0, 0, 4, 15, 76
"/Users/neilluo/workspaces/full-stack/misskey/packages/backend/src/server/api/endpoints/chat/messages/create-to-room.ts", "TypeScript", 0, 0, 83, 0, 0, 0, 0, 0, 0, 0, 0, 0, 0, 0, 0, 0, 0, 5, 19, 107
"/Users/neilluo/workspaces/full-stack/misskey/packages/backend/src/server/api/endpoints/chat/messages/create-to-user.ts", "TypeScript", 0, 0, 96, 0, 0, 0, 0, 0, 0, 0, 0, 0, 0, 0, 0, 0, 0, 6, 22, 124
"/Users/neilluo/workspaces/full-stack/misskey/packages/backend/src/server/api/endpoints/chat/messages/delete.ts", "TypeScript", 0, 0, 41, 0, 0, 0, 0, 0, 0, 0, 0, 0, 0, 0, 0, 0, 0, 4, 10, 55
"/Users/neilluo/workspaces/full-stack/misskey/packages/backend/src/server/api/endpoints/chat/messages/react.ts", "TypeScript", 0, 0, 38, 0, 0, 0, 0, 0, 0, 0, 0, 0, 0, 0, 0, 0, 0, 4, 10, 52
"/Users/neilluo/workspaces/full-stack/misskey/packages/backend/src/server/api/endpoints/chat/messages/room-timeline.ts", "TypeScript", 0, 0, 58, 0, 0, 0, 0, 0, 0, 0, 0, 0, 0, 0, 0, 0, 0, 4, 14, 76
"/Users/neilluo/workspaces/full-stack/misskey/packages/backend/src/server/api/endpoints/chat/messages/search.ts", "TypeScript", 0, 0, 62, 0, 0, 0, 0, 0, 0, 0, 0, 0, 0, 0, 0, 0, 0, 4, 13, 79
"/Users/neilluo/workspaces/full-stack/misskey/packages/backend/src/server/api/endpoints/chat/messages/show.ts", "TypeScript", 0, 0, 52, 0, 0, 0, 0, 0, 0, 0, 0, 0, 0, 0, 0, 0, 0, 4, 10, 66
"/Users/neilluo/workspaces/full-stack/misskey/packages/backend/src/server/api/endpoints/chat/messages/unreact.ts", "TypeScript", 0, 0, 38, 0, 0, 0, 0, 0, 0, 0, 0, 0, 0, 0, 0, 0, 0, 4, 10, 52
"/Users/neilluo/workspaces/full-stack/misskey/packages/backend/src/server/api/endpoints/chat/messages/user-timeline.ts", "TypeScript", 0, 0, 57, 0, 0, 0, 0, 0, 0, 0, 0, 0, 0, 0, 0, 0, 0, 4, 13, 74
"/Users/neilluo/workspaces/full-stack/misskey/packages/backend/src/server/api/endpoints/chat/rooms/create.ts", "TypeScript", 0, 0, 48, 0, 0, 0, 0, 0, 0, 0, 0, 0, 0, 0, 0, 0, 0, 4, 12, 64
"/Users/neilluo/workspaces/full-stack/misskey/packages/backend/src/server/api/endpoints/chat/rooms/delete.ts", "TypeScript", 0, 0, 44, 0, 0, 0, 0, 0, 0, 0, 0, 0, 0, 0, 0, 0, 0, 4, 12, 60
"/Users/neilluo/workspaces/full-stack/misskey/packages/backend/src/server/api/endpoints/chat/rooms/invitations/create.ts", "TypeScript", 0, 0, 54, 0, 0, 0, 0, 0, 0, 0, 0, 0, 0, 0, 0, 0, 0, 4, 12, 70
"/Users/neilluo/workspaces/full-stack/misskey/packages/backend/src/server/api/endpoints/chat/rooms/invitations/ignore.ts", "TypeScript", 0, 0, 37, 0, 0, 0, 0, 0, 0, 0, 0, 0, 0, 0, 0, 0, 0, 4, 10, 51
"/Users/neilluo/workspaces/full-stack/misskey/packages/backend/src/server/api/endpoints/chat/rooms/invitations/inbox.ts", "TypeScript", 0, 0, 43, 0, 0, 0, 0, 0, 0, 0, 0, 0, 0, 0, 0, 0, 0, 4, 10, 57
"/Users/neilluo/workspaces/full-stack/misskey/packages/backend/src/server/api/endpoints/chat/rooms/invitations/outbox.ts", "TypeScript", 0, 0, 55, 0, 0, 0, 0, 0, 0, 0, 0, 0, 0, 0, 0, 0, 0, 4, 11, 70
"/Users/neilluo/workspaces/full-stack/misskey/packages/backend/src/server/api/endpoints/chat/rooms/join.ts", "TypeScript", 0, 0, 37, 0, 0, 0, 0, 0, 0, 0, 0, 0, 0, 0, 0, 0, 0, 4, 10, 51
"/Users/neilluo/workspaces/full-stack/misskey/packages/backend/src/server/api/endpoints/chat/rooms/joining.ts", "TypeScript", 0, 0, 46, 0, 0, 0, 0, 0, 0, 0, 0, 0, 0, 0, 0, 0, 0, 4, 11, 61
"/Users/neilluo/workspaces/full-stack/misskey/packages/backend/src/server/api/endpoints/chat/rooms/leave.ts", "TypeScript", 0, 0, 37, 0, 0, 0, 0, 0, 0, 0, 0, 0, 0, 0, 0, 0, 0, 4, 10, 51
"/Users/neilluo/workspaces/full-stack/misskey/packages/backend/src/server/api/endpoints/chat/rooms/members.ts", "TypeScript", 0, 0, 60, 0, 0, 0, 0, 0, 0, 0, 0, 0, 0, 0, 0, 0, 0, 4, 13, 77
"/Users/neilluo/workspaces/full-stack/misskey/packages/backend/src/server/api/endpoints/chat/rooms/mute.ts", "TypeScript", 0, 0, 38, 0, 0, 0, 0, 0, 0, 0, 0, 0, 0, 0, 0, 0, 0, 4, 10, 52
"/Users/neilluo/workspaces/full-stack/misskey/packages/backend/src/server/api/endpoints/chat/rooms/owned.ts", "TypeScript", 0, 0, 43, 0, 0, 0, 0, 0, 0, 0, 0, 0, 0, 0, 0, 0, 0, 4, 10, 57
"/Users/neilluo/workspaces/full-stack/misskey/packages/backend/src/server/api/endpoints/chat/rooms/show.ts", "TypeScript", 0, 0, 46, 0, 0, 0, 0, 0, 0, 0, 0, 0, 0, 0, 0, 0, 0, 4, 11, 61
"/Users/neilluo/workspaces/full-stack/misskey/packages/backend/src/server/api/endpoints/chat/rooms/update.ts", "TypeScript", 0, 0, 52, 0, 0, 0, 0, 0, 0, 0, 0, 0, 0, 0, 0, 0, 0, 4, 12, 68
"/Users/neilluo/workspaces/full-stack/misskey/packages/backend/src/server/api/endpoints/clips/add-note.ts", "TypeScript", 0, 0, 69, 0, 0, 0, 0, 0, 0, 0, 0, 0, 0, 0, 0, 0, 0, 4, 13, 86
"/Users/neilluo/workspaces/full-stack/misskey/packages/backend/src/server/api/endpoints/clips/create.ts", "TypeScript", 0, 0, 53, 0, 0, 0, 0, 0, 0, 0, 0, 0, 0, 0, 0, 0, 0, 6, 10, 69
"/Users/neilluo/workspaces/full-stack/misskey/packages/backend/src/server/api/endpoints/clips/delete.ts", "TypeScript", 0, 0, 40, 0, 0, 0, 0, 0, 0, 0, 0, 0, 0, 0, 0, 0, 0, 4, 8, 52
"/Users/neilluo/workspaces/full-stack/misskey/packages/backend/src/server/api/endpoints/clips/favorite.ts", "TypeScript", 0, 0, 65, 0, 0, 0, 0, 0, 0, 0, 0, 0, 0, 0, 0, 0, 0, 4, 15, 84
"/Users/neilluo/workspaces/full-stack/misskey/packages/backend/src/server/api/endpoints/clips/list.ts", "TypeScript", 0, 0, 39, 0, 0, 0, 0, 0, 0, 0, 0, 0, 0, 0, 0, 0, 0, 4, 10, 53
"/Users/neilluo/workspaces/full-stack/misskey/packages/backend/src/server/api/endpoints/clips/my-favorites.ts", "TypeScript", 0, 0, 42, 0, 0, 0, 0, 0, 0, 0, 0, 0, 0, 0, 0, 0, 0, 4, 11, 57
"/Users/neilluo/workspaces/full-stack/misskey/packages/backend/src/server/api/endpoints/clips/notes.ts", "TypeScript", 0, 0, 80, 0, 0, 0, 0, 0, 0, 0, 0, 0, 0, 0, 0, 0, 0, 4, 18, 102
"/Users/neilluo/workspaces/full-stack/misskey/packages/backend/src/server/api/endpoints/clips/remove-note.ts", "TypeScript", 0, 0, 49, 0, 0, 0, 0, 0, 0, 0, 0, 0, 0, 0, 0, 0, 0, 4, 10, 63
"/Users/neilluo/workspaces/full-stack/misskey/packages/backend/src/server/api/endpoints/clips/show.ts", "TypeScript", 0, 0, 51, 0, 0, 0, 0, 0, 0, 0, 0, 0, 0, 0, 0, 0, 0, 5, 13, 69
"/Users/neilluo/workspaces/full-stack/misskey/packages/backend/src/server/api/endpoints/clips/unfavorite.ts", "TypeScript", 0, 0, 54, 0, 0, 0, 0, 0, 0, 0, 0, 0, 0, 0, 0, 0, 0, 4, 14, 72
"/Users/neilluo/workspaces/full-stack/misskey/packages/backend/src/server/api/endpoints/clips/update.ts", "TypeScript", 0, 0, 52, 0, 0, 0, 0, 0, 0, 0, 0, 0, 0, 0, 0, 0, 0, 6, 12, 70
"/Users/neilluo/workspaces/full-stack/misskey/packages/backend/src/server/api/endpoints/drive.ts", "TypeScript", 0, 0, 44, 0, 0, 0, 0, 0, 0, 0, 0, 0, 0, 0, 0, 0, 0, 4, 10, 58
"/Users/neilluo/workspaces/full-stack/misskey/packages/backend/src/server/api/endpoints/drive/files.ts", "TypeScript", 0, 0, 68, 0, 0, 0, 0, 0, 0, 0, 0, 0, 0, 0, 0, 0, 0, 4, 14, 86
"/Users/neilluo/workspaces/full-stack/misskey/packages/backend/src/server/api/endpoints/drive/files/attached-notes.ts", "TypeScript", 0, 0, 68, 0, 0, 0, 0, 0, 0, 0, 0, 0, 0, 0, 0, 0, 0, 5, 16, 89
"/Users/neilluo/workspaces/full-stack/misskey/packages/backend/src/server/api/endpoints/drive/files/check-existence.ts", "TypeScript", 0, 0, 38, 0, 0, 0, 0, 0, 0, 0, 0, 0, 0, 0, 0, 0, 0, 4, 10, 52
"/Users/neilluo/workspaces/full-stack/misskey/packages/backend/src/server/api/endpoints/drive/files/create.ts", "TypeScript", 0, 0, 103, 0, 0, 0, 0, 0, 0, 0, 0, 0, 0, 0, 0, 0, 0, 6, 17, 126
"/Users/neilluo/workspaces/full-stack/misskey/packages/backend/src/server/api/endpoints/drive/files/delete.ts", "TypeScript", 0, 0, 54, 0, 0, 0, 0, 0, 0, 0, 0, 0, 0, 0, 0, 0, 0, 4, 14, 72
"/Users/neilluo/workspaces/full-stack/misskey/packages/backend/src/server/api/endpoints/drive/files/find-by-hash.ts", "TypeScript", 0, 0, 43, 0, 0, 0, 0, 0, 0, 0, 0, 0, 0, 0, 0, 0, 0, 4, 11, 58
"/Users/neilluo/workspaces/full-stack/misskey/packages/backend/src/server/api/endpoints/drive/files/find.ts", "TypeScript", 0, 0, 46, 0, 0, 0, 0, 0, 0, 0, 0, 0, 0, 0, 0, 0, 0, 4, 11, 61
"/Users/neilluo/workspaces/full-stack/misskey/packages/backend/src/server/api/endpoints/drive/files/show.ts", "TypeScript", 0, 0, 79, 0, 0, 0, 0, 0, 0, 0, 0, 0, 0, 0, 0, 0, 0, 4, 16, 99
"/Users/neilluo/workspaces/full-stack/misskey/packages/backend/src/server/api/endpoints/drive/files/update.ts", "TypeScript", 0, 0, 95, 0, 0, 0, 0, 0, 0, 0, 0, 0, 0, 0, 0, 0, 0, 4, 18, 117
"/Users/neilluo/workspaces/full-stack/misskey/packages/backend/src/server/api/endpoints/drive/files/upload-from-url.ts", "TypeScript", 0, 0, 48, 0, 0, 0, 0, 0, 0, 0, 0, 0, 0, 0, 0, 0, 0, 4, 10, 62
"/Users/neilluo/workspaces/full-stack/misskey/packages/backend/src/server/api/endpoints/drive/folders.ts", "TypeScript", 0, 0, 51, 0, 0, 0, 0, 0, 0, 0, 0, 0, 0, 0, 0, 0, 0, 4, 12, 67
"/Users/neilluo/workspaces/full-stack/misskey/packages/backend/src/server/api/endpoints/drive/folders/create.ts", "TypeScript", 0, 0, 70, 0, 0, 0, 0, 0, 0, 0, 0, 0, 0, 0, 0, 0, 0, 8, 16, 94
"/Users/neilluo/workspaces/full-stack/misskey/packages/backend/src/server/api/endpoints/drive/folders/delete.ts", "TypeScript", 0, 0, 59, 0, 0, 0, 0, 0, 0, 0, 0, 0, 0, 0, 0, 0, 0, 6, 16, 81
"/Users/neilluo/workspaces/full-stack/misskey/packages/backend/src/server/api/endpoints/drive/folders/find.ts", "TypeScript", 0, 0, 45, 0, 0, 0, 0, 0, 0, 0, 0, 0, 0, 0, 0, 0, 0, 4, 10, 59
"/Users/neilluo/workspaces/full-stack/misskey/packages/backend/src/server/api/endpoints/drive/folders/show.ts", "TypeScript", 0, 0, 51, 0, 0, 0, 0, 0, 0, 0, 0, 0, 0, 0, 0, 0, 0, 5, 12, 68
"/Users/neilluo/workspaces/full-stack/misskey/packages/backend/src/server/api/endpoints/drive/folders/update.ts", "TypeScript", 0, 0, 103, 0, 0, 0, 0, 0, 0, 0, 0, 0, 0, 0, 0, 0, 0, 9, 24, 136
"/Users/neilluo/workspaces/full-stack/misskey/packages/backend/src/server/api/endpoints/drive/stream.ts", "TypeScript", 0, 0, 53, 0, 0, 0, 0, 0, 0, 0, 0, 0, 0, 0, 0, 0, 0, 4, 12, 69
"/Users/neilluo/workspaces/full-stack/misskey/packages/backend/src/server/api/endpoints/email-address/available.ts", "TypeScript", 0, 0, 38, 0, 0, 0, 0, 0, 0, 0, 0, 0, 0, 0, 0, 0, 0, 4, 7, 49
"/Users/neilluo/workspaces/full-stack/misskey/packages/backend/src/server/api/endpoints/emoji.ts", "TypeScript", 0, 0, 44, 0, 0, 0, 0, 0, 0, 0, 0, 0, 0, 0, 0, 0, 0, 4, 9, 57
"/Users/neilluo/workspaces/full-stack/misskey/packages/backend/src/server/api/endpoints/emojis.ts", "TypeScript", 0, 0, 56, 0, 0, 0, 0, 0, 0, 0, 0, 0, 0, 0, 0, 0, 0, 4, 9, 69
"/Users/neilluo/workspaces/full-stack/misskey/packages/backend/src/server/api/endpoints/endpoint.ts", "TypeScript", 0, 0, 46, 0, 0, 0, 0, 0, 0, 0, 0, 0, 0, 0, 0, 0, 0, 4, 7, 57
"/Users/neilluo/workspaces/full-stack/misskey/packages/backend/src/server/api/endpoints/endpoints.ts", "TypeScript", 0, 0, 35, 0, 0, 0, 0, 0, 0, 0, 0, 0, 0, 0, 0, 0, 0, 4, 7, 46
"/Users/neilluo/workspaces/full-stack/misskey/packages/backend/src/server/api/endpoints/export-custom-emojis.ts", "TypeScript", 0, 0, 27, 0, 0, 0, 0, 0, 0, 0, 0, 0, 0, 0, 0, 0, 0, 4, 5, 36
"/Users/neilluo/workspaces/full-stack/misskey/packages/backend/src/server/api/endpoints/federation/followers.ts", "TypeScript", 0, 0, 47, 0, 0, 0, 0, 0, 0, 0, 0, 0, 0, 0, 0, 0, 0, 4, 10, 61
"/Users/neilluo/workspaces/full-stack/misskey/packages/backend/src/server/api/endpoints/federation/following.ts", "TypeScript", 0, 0, 47, 0, 0, 0, 0, 0, 0, 0, 0, 0, 0, 0, 0, 0, 0, 4, 10, 61
"/Users/neilluo/workspaces/full-stack/misskey/packages/backend/src/server/api/endpoints/federation/instances.ts", "TypeScript", 0, 0, 152, 0, 0, 0, 0, 0, 0, 0, 0, 0, 0, 0, 0, 0, 0, 4, 21, 177
"/Users/neilluo/workspaces/full-stack/misskey/packages/backend/src/server/api/endpoints/federation/show-instance.ts", "TypeScript", 0, 0, 37, 0, 0, 0, 0, 0, 0, 0, 0, 0, 0, 0, 0, 0, 0, 4, 9, 50
"/Users/neilluo/workspaces/full-stack/misskey/packages/backend/src/server/api/endpoints/federation/stats.ts", "TypeScript", 0, 0, 102, 0, 0, 0, 0, 0, 0, 0, 0, 0, 0, 0, 0, 0, 0, 4, 12, 118
"/Users/neilluo/workspaces/full-stack/misskey/packages/backend/src/server/api/endpoints/federation/update-remote-user.ts", "TypeScript", 0, 0, 27, 0, 0, 0, 0, 0, 0, 0, 0, 0, 0, 0, 0, 0, 0, 4, 6, 37
"/Users/neilluo/workspaces/full-stack/misskey/packages/backend/src/server/api/endpoints/federation/users.ts", "TypeScript", 0, 0, 47, 0, 0, 0, 0, 0, 0, 0, 0, 0, 0, 0, 0, 0, 0, 4, 10, 61
"/Users/neilluo/workspaces/full-stack/misskey/packages/backend/src/server/api/endpoints/fetch-external-resources.ts", "TypeScript", 0, 0, 70, 0, 0, 0, 0, 0, 0, 0, 0, 0, 0, 0, 0, 0, 0, 4, 12, 86
"/Users/neilluo/workspaces/full-stack/misskey/packages/backend/src/server/api/endpoints/fetch-rss.ts", "TypeScript", 0, 0, 222, 0, 0, 0, 0, 0, 0, 0, 0, 0, 0, 0, 0, 0, 0, 4, 10, 236
"/Users/neilluo/workspaces/full-stack/misskey/packages/backend/src/server/api/endpoints/flash/create.ts", "TypeScript", 0, 0, 60, 0, 0, 0, 0, 0, 0, 0, 0, 0, 0, 0, 0, 0, 0, 4, 13, 77
"/Users/neilluo/workspaces/full-stack/misskey/packages/backend/src/server/api/endpoints/flash/delete.ts", "TypeScript", 0, 0, 62, 0, 0, 0, 0, 0, 0, 0, 0, 0, 0, 0, 0, 0, 0, 4, 15, 81
"/Users/neilluo/workspaces/full-stack/misskey/packages/backend/src/server/api/endpoints/flash/featured.ts", "TypeScript", 0, 0, 42, 0, 0, 0, 0, 0, 0, 0, 0, 0, 0, 0, 0, 0, 0, 4, 7, 53
"/Users/neilluo/workspaces/full-stack/misskey/packages/backend/src/server/api/endpoints/flash/like.ts", "TypeScript", 0, 0, 71, 0, 0, 0, 0, 0, 0, 0, 0, 0, 0, 0, 0, 0, 0, 6, 18, 95
"/Users/neilluo/workspaces/full-stack/misskey/packages/backend/src/server/api/endpoints/flash/my-likes.ts", "TypeScript", 0, 0, 58, 0, 0, 0, 0, 0, 0, 0, 0, 0, 0, 0, 0, 0, 0, 4, 11, 73
"/Users/neilluo/workspaces/full-stack/misskey/packages/backend/src/server/api/endpoints/flash/my.ts", "TypeScript", 0, 0, 47, 0, 0, 0, 0, 0, 0, 0, 0, 0, 0, 0, 0, 0, 0, 4, 11, 62
"/Users/neilluo/workspaces/full-stack/misskey/packages/backend/src/server/api/endpoints/flash/show.ts", "TypeScript", 0, 0, 45, 0, 0, 0, 0, 0, 0, 0, 0, 0, 0, 0, 0, 0, 0, 4, 11, 60
"/Users/neilluo/workspaces/full-stack/misskey/packages/backend/src/server/api/endpoints/flash/unlike.ts", "TypeScript", 0, 0, 55, 0, 0, 0, 0, 0, 0, 0, 0, 0, 0, 0, 0, 0, 0, 5, 15, 75
"/Users/neilluo/workspaces/full-stack/misskey/packages/backend/src/server/api/endpoints/flash/update.ts", "TypeScript", 0, 0, 67, 0, 0, 0, 0, 0, 0, 0, 0, 0, 0, 0, 0, 0, 0, 4, 12, 83
"/Users/neilluo/workspaces/full-stack/misskey/packages/backend/src/server/api/endpoints/following/create.ts", "TypeScript", 0, 0, 92, 0, 0, 0, 0, 0, 0, 0, 0, 0, 0, 0, 0, 0, 0, 6, 20, 118
"/Users/neilluo/workspaces/full-stack/misskey/packages/backend/src/server/api/endpoints/following/delete.ts", "TypeScript", 0, 0, 79, 0, 0, 0, 0, 0, 0, 0, 0, 0, 0, 0, 0, 0, 0, 7, 19, 105
"/Users/neilluo/workspaces/full-stack/misskey/packages/backend/src/server/api/endpoints/following/invalidate.ts", "TypeScript", 0, 0, 77, 0, 0, 0, 0, 0, 0, 0, 0, 0, 0, 0, 0, 0, 0, 7, 19, 103
"/Users/neilluo/workspaces/full-stack/misskey/packages/backend/src/server/api/endpoints/following/requests/accept.ts", "TypeScript", 0, 0, 48, 0, 0, 0, 0, 0, 0, 0, 0, 0, 0, 0, 0, 0, 0, 5, 10, 63
"/Users/neilluo/workspaces/full-stack/misskey/packages/backend/src/server/api/endpoints/following/requests/cancel.ts", "TypeScript", 0, 0, 60, 0, 0, 0, 0, 0, 0, 0, 0, 0, 0, 0, 0, 0, 0, 5, 12, 77
"/Users/neilluo/workspaces/full-stack/misskey/packages/backend/src/server/api/endpoints/following/requests/list.ts", "TypeScript", 0, 0, 63, 0, 0, 0, 0, 0, 0, 0, 0, 0, 0, 0, 0, 0, 0, 4, 11, 78
"/Users/neilluo/workspaces/full-stack/misskey/packages/backend/src/server/api/endpoints/following/requests/reject.ts", "TypeScript", 0, 0, 40, 0, 0, 0, 0, 0, 0, 0, 0, 0, 0, 0, 0, 0, 0, 5, 10, 55
"/Users/neilluo/workspaces/full-stack/misskey/packages/backend/src/server/api/endpoints/following/requests/sent.ts", "TypeScript", 0, 0, 63, 0, 0, 0, 0, 0, 0, 0, 0, 0, 0, 0, 0, 0, 0, 4, 11, 78
"/Users/neilluo/workspaces/full-stack/misskey/packages/backend/src/server/api/endpoints/following/update-all.ts", "TypeScript", 0, 0, 42, 0, 0, 0, 0, 0, 0, 0, 0, 0, 0, 0, 0, 0, 0, 4, 9, 55
"/Users/neilluo/workspaces/full-stack/misskey/packages/backend/src/server/api/endpoints/following/update.ts", "TypeScript", 0, 0, 84, 0, 0, 0, 0, 0, 0, 0, 0, 0, 0, 0, 0, 0, 0, 7, 19, 110
"/Users/neilluo/workspaces/full-stack/misskey/packages/backend/src/server/api/endpoints/gallery/featured.ts", "TypeScript", 0, 0, 61, 0, 0, 0, 0, 0, 0, 0, 0, 0, 0, 0, 0, 0, 0, 4, 14, 79
"/Users/neilluo/workspaces/full-stack/misskey/packages/backend/src/server/api/endpoints/gallery/popular.ts", "TypeScript", 0, 0, 39, 0, 0, 0, 0, 0, 0, 0, 0, 0, 0, 0, 0, 0, 0, 4, 10, 53
"/Users/neilluo/workspaces/full-stack/misskey/packages/backend/src/server/api/endpoints/gallery/posts.ts", "TypeScript", 0, 0, 43, 0, 0, 0, 0, 0, 0, 0, 0, 0, 0, 0, 0, 0, 0, 4, 9, 56
"/Users/neilluo/workspaces/full-stack/misskey/packages/backend/src/server/api/endpoints/gallery/posts/create.ts", "TypeScript", 0, 0, 71, 0, 0, 0, 0, 0, 0, 0, 0, 0, 0, 0, 0, 0, 0, 4, 17, 92
"/Users/neilluo/workspaces/full-stack/misskey/packages/backend/src/server/api/endpoints/gallery/posts/delete.ts", "TypeScript", 0, 0, 62, 0, 0, 0, 0, 0, 0, 0, 0, 0, 0, 0, 0, 0, 0, 4, 15, 81
"/Users/neilluo/workspaces/full-stack/misskey/packages/backend/src/server/api/endpoints/gallery/posts/like.ts", "TypeScript", 0, 0, 76, 0, 0, 0, 0, 0, 0, 0, 0, 0, 0, 0, 0, 0, 0, 7, 19, 102
"/Users/neilluo/workspaces/full-stack/misskey/packages/backend/src/server/api/endpoints/gallery/posts/show.ts", "TypeScript", 0, 0, 47, 0, 0, 0, 0, 0, 0, 0, 0, 0, 0, 0, 0, 0, 0, 4, 11, 62
"/Users/neilluo/workspaces/full-stack/misskey/packages/backend/src/server/api/endpoints/gallery/posts/unlike.ts", "TypeScript", 0, 0, 62, 0, 0, 0, 0, 0, 0, 0, 0, 0, 0, 0, 0, 0, 0, 6, 17, 85
"/Users/neilluo/workspaces/full-stack/misskey/packages/backend/src/server/api/endpoints/gallery/posts/update.ts", "TypeScript", 0, 0, 74, 0, 0, 0, 0, 0, 0, 0, 0, 0, 0, 0, 0, 0, 0, 4, 19, 97
"/Users/neilluo/workspaces/full-stack/misskey/packages/backend/src/server/api/endpoints/get-avatar-decorations.ts", "TypeScript", 0, 0, 71, 0, 0, 0, 0, 0, 0, 0, 0, 0, 0, 0, 0, 0, 0, 4, 8, 83
"/Users/neilluo/workspaces/full-stack/misskey/packages/backend/src/server/api/endpoints/get-online-users-count.ts", "TypeScript", 0, 0, 43, 0, 0, 0, 0, 0, 0, 0, 0, 0, 0, 0, 0, 0, 0, 4, 7, 54
"/Users/neilluo/workspaces/full-stack/misskey/packages/backend/src/server/api/endpoints/hashtags/list.ts", "TypeScript", 0, 0, 69, 0, 0, 0, 0, 0, 0, 0, 0, 0, 0, 0, 0, 0, 0, 4, 13, 86
"/Users/neilluo/workspaces/full-stack/misskey/packages/backend/src/server/api/endpoints/hashtags/search.ts", "TypeScript", 0, 0, 44, 0, 0, 0, 0, 0, 0, 0, 0, 0, 0, 0, 0, 0, 0, 4, 8, 56
"/Users/neilluo/workspaces/full-stack/misskey/packages/backend/src/server/api/endpoints/hashtags/show.ts", "TypeScript", 0, 0, 46, 0, 0, 0, 0, 0, 0, 0, 0, 0, 0, 0, 0, 0, 0, 4, 10, 60
"/Users/neilluo/workspaces/full-stack/misskey/packages/backend/src/server/api/endpoints/hashtags/trend.ts", "TypeScript", 0, 0, 60, 0, 0, 0, 0, 0, 0, 0, 0, 0, 0, 0, 0, 0, 0, 4, 10, 74
"/Users/neilluo/workspaces/full-stack/misskey/packages/backend/src/server/api/endpoints/hashtags/users.ts", "TypeScript", 0, 0, 65, 0, 0, 0, 0, 0, 0, 0, 0, 0, 0, 0, 0, 0, 0, 4, 14, 83
"/Users/neilluo/workspaces/full-stack/misskey/packages/backend/src/server/api/endpoints/i.ts", "TypeScript", 0, 0, 63, 0, 0, 0, 0, 0, 0, 0, 0, 0, 0, 0, 0, 0, 0, 5, 14, 82
"/Users/neilluo/workspaces/full-stack/misskey/packages/backend/src/server/api/endpoints/i/2fa/done.ts", "TypeScript", 0, 0, 69, 0, 0, 0, 0, 0, 0, 0, 0, 0, 0, 0, 0, 0, 0, 5, 16, 90
"/Users/neilluo/workspaces/full-stack/misskey/packages/backend/src/server/api/endpoints/i/2fa/key-done.ts", "TypeScript", 0, 0, 100, 0, 0, 0, 0, 0, 0, 0, 0, 0, 0, 0, 0, 0, 0, 6, 19, 125
"/Users/neilluo/workspaces/full-stack/misskey/packages/backend/src/server/api/endpoints/i/2fa/password-less.ts", "TypeScript", 0, 0, 64, 0, 0, 0, 0, 0, 0, 0, 0, 0, 0, 0, 0, 0, 0, 6, 13, 83
"/Users/neilluo/workspaces/full-stack/misskey/packages/backend/src/server/api/endpoints/i/2fa/register-key.ts", "TypeScript", 0, 0, 215, 0, 0, 0, 0, 0, 0, 0, 0, 0, 0, 0, 0, 0, 0, 5, 17, 237
"/Users/neilluo/workspaces/full-stack/misskey/packages/backend/src/server/api/endpoints/i/2fa/register.ts", "TypeScript", 0, 0, 89, 0, 0, 0, 0, 0, 0, 0, 0, 0, 0, 0, 0, 0, 0, 6, 17, 112
"/Users/neilluo/workspaces/full-stack/misskey/packages/backend/src/server/api/endpoints/i/2fa/remove-key.ts", "TypeScript", 0, 0, 84, 0, 0, 0, 0, 0, 0, 0, 0, 0, 0, 0, 0, 0, 0, 7, 17, 108
"/Users/neilluo/workspaces/full-stack/misskey/packages/backend/src/server/api/endpoints/i/2fa/unregister.ts", "TypeScript", 0, 0, 67, 0, 0, 0, 0, 0, 0, 0, 0, 0, 0, 0, 0, 0, 0, 5, 13, 85
"/Users/neilluo/workspaces/full-stack/misskey/packages/backend/src/server/api/endpoints/i/2fa/update-key.ts", "TypeScript", 0, 0, 61, 0, 0, 0, 0, 0, 0, 0, 0, 0, 0, 0, 0, 0, 0, 5, 14, 80
"/Users/neilluo/workspaces/full-stack/misskey/packages/backend/src/server/api/endpoints/i/apps.ts", "TypeScript", 0, 0, 80, 0, 0, 0, 0, 0, 0, 0, 0, 0, 0, 0, 0, 0, 0, 4, 11, 95
"/Users/neilluo/workspaces/full-stack/misskey/packages/backend/src/server/api/endpoints/i/authorized-apps.ts", "TypeScript", 0, 0, 77, 0, 0, 0, 0, 0, 0, 0, 0, 0, 0, 0, 0, 0, 0, 5, 9, 91
"/Users/neilluo/workspaces/full-stack/misskey/packages/backend/src/server/api/endpoints/i/change-password.ts", "TypeScript", 0, 0, 51, 0, 0, 0, 0, 0, 0, 0, 0, 0, 0, 0, 0, 0, 0, 5, 13, 69
"/Users/neilluo/workspaces/full-stack/misskey/packages/backend/src/server/api/endpoints/i/claim-achievement.ts", "TypeScript", 0, 0, 25, 0, 0, 0, 0, 0, 0, 0, 0, 0, 0, 0, 0, 0, 0, 4, 5, 34
"/Users/neilluo/workspaces/full-stack/misskey/packages/backend/src/server/api/endpoints/i/delete-account.ts", "TypeScript", 0, 0, 54, 0, 0, 0, 0, 0, 0, 0, 0, 0, 0, 0, 0, 0, 0, 4, 13, 71
"/Users/neilluo/workspaces/full-stack/misskey/packages/backend/src/server/api/endpoints/i/export-antennas.ts", "TypeScript", 0, 0, 27, 0, 0, 0, 0, 0, 0, 0, 0, 0, 0, 0, 0, 0, 0, 4, 5, 36
"/Users/neilluo/workspaces/full-stack/misskey/packages/backend/src/server/api/endpoints/i/export-blocking.ts", "TypeScript", 0, 0, 27, 0, 0, 0, 0, 0, 0, 0, 0, 0, 0, 0, 0, 0, 0, 4, 5, 36
"/Users/neilluo/workspaces/full-stack/misskey/packages/backend/src/server/api/endpoints/i/export-clips.ts", "TypeScript", 0, 0, 27, 0, 0, 0, 0, 0, 0, 0, 0, 0, 0, 0, 0, 0, 0, 4, 5, 36
"/Users/neilluo/workspaces/full-stack/misskey/packages/backend/src/server/api/endpoints/i/export-favorites.ts", "TypeScript", 0, 0, 27, 0, 0, 0, 0, 0, 0, 0, 0, 0, 0, 0, 0, 0, 0, 4, 5, 36
"/Users/neilluo/workspaces/full-stack/misskey/packages/backend/src/server/api/endpoints/i/export-following.ts", "TypeScript", 0, 0, 30, 0, 0, 0, 0, 0, 0, 0, 0, 0, 0, 0, 0, 0, 0, 4, 5, 39
"/Users/neilluo/workspaces/full-stack/misskey/packages/backend/src/server/api/endpoints/i/export-mute.ts", "TypeScript", 0, 0, 27, 0, 0, 0, 0, 0, 0, 0, 0, 0, 0, 0, 0, 0, 0, 4, 5, 36
"/Users/neilluo/workspaces/full-stack/misskey/packages/backend/src/server/api/endpoints/i/export-notes.ts", "TypeScript", 0, 0, 27, 0, 0, 0, 0, 0, 0, 0, 0, 0, 0, 0, 0, 0, 0, 4, 5, 36
"/Users/neilluo/workspaces/full-stack/misskey/packages/backend/src/server/api/endpoints/i/export-user-lists.ts", "TypeScript", 0, 0, 27, 0, 0, 0, 0, 0, 0, 0, 0, 0, 0, 0, 0, 0, 0, 4, 5, 36
"/Users/neilluo/workspaces/full-stack/misskey/packages/backend/src/server/api/endpoints/i/favorites.ts", "TypeScript", 0, 0, 48, 0, 0, 0, 0, 0, 0, 0, 0, 0, 0, 0, 0, 0, 0, 4, 11, 63
"/Users/neilluo/workspaces/full-stack/misskey/packages/backend/src/server/api/endpoints/i/gallery/likes.ts", "TypeScript", 0, 0, 59, 0, 0, 0, 0, 0, 0, 0, 0, 0, 0, 0, 0, 0, 0, 4, 11, 74
"/Users/neilluo/workspaces/full-stack/misskey/packages/backend/src/server/api/endpoints/i/gallery/posts.ts", "TypeScript", 0, 0, 47, 0, 0, 0, 0, 0, 0, 0, 0, 0, 0, 0, 0, 0, 0, 4, 11, 62
"/Users/neilluo/workspaces/full-stack/misskey/packages/backend/src/server/api/endpoints/i/import-antennas.ts", "TypeScript", 0, 0, 77, 0, 0, 0, 0, 0, 0, 0, 0, 0, 0, 0, 0, 0, 0, 4, 10, 91
"/Users/neilluo/workspaces/full-stack/misskey/packages/backend/src/server/api/endpoints/i/import-blocking.ts", "TypeScript", 0, 0, 69, 0, 0, 0, 0, 0, 0, 0, 0, 0, 0, 0, 0, 0, 0, 5, 14, 88
"/Users/neilluo/workspaces/full-stack/misskey/packages/backend/src/server/api/endpoints/i/import-following.ts", "TypeScript", 0, 0, 70, 0, 0, 0, 0, 0, 0, 0, 0, 0, 0, 0, 0, 0, 0, 5, 13, 88
"/Users/neilluo/workspaces/full-stack/misskey/packages/backend/src/server/api/endpoints/i/import-muting.ts", "TypeScript", 0, 0, 69, 0, 0, 0, 0, 0, 0, 0, 0, 0, 0, 0, 0, 0, 0, 5, 14, 88
"/Users/neilluo/workspaces/full-stack/misskey/packages/backend/src/server/api/endpoints/i/import-user-lists.ts", "TypeScript", 0, 0, 69, 0, 0, 0, 0, 0, 0, 0, 0, 0, 0, 0, 0, 0, 0, 5, 13, 87
"/Users/neilluo/workspaces/full-stack/misskey/packages/backend/src/server/api/endpoints/i/move.ts", "TypeScript", 0, 0, 107, 0, 0, 0, 0, 0, 0, 0, 0, 0, 0, 0, 0, 0, 0, 13, 18, 138
"/Users/neilluo/workspaces/full-stack/misskey/packages/backend/src/server/api/endpoints/i/notifications-grouped.ts", "TypeScript", 0, 0, 130, 0, 0, 0, 0, 0, 0, 0, 0, 0, 0, 0, 0, 0, 0, 9, 20, 159
"/Users/neilluo/workspaces/full-stack/misskey/packages/backend/src/server/api/endpoints/i/notifications.ts", "TypeScript", 0, 0, 79, 0, 0, 0, 0, 0, 0, 0, 0, 0, 0, 0, 0, 0, 0, 8, 15, 102
"/Users/neilluo/workspaces/full-stack/misskey/packages/backend/src/server/api/endpoints/i/page-likes.ts", "TypeScript", 0, 0, 58, 0, 0, 0, 0, 0, 0, 0, 0, 0, 0, 0, 0, 0, 0, 4, 11, 73
"/Users/neilluo/workspaces/full-stack/misskey/packages/backend/src/server/api/endpoints/i/pages.ts", "TypeScript", 0, 0, 47, 0, 0, 0, 0, 0, 0, 0, 0, 0, 0, 0, 0, 0, 0, 4, 11, 62
"/Users/neilluo/workspaces/full-stack/misskey/packages/backend/src/server/api/endpoints/i/pin.ts", "TypeScript", 0, 0, 59, 0, 0, 0, 0, 0, 0, 0, 0, 0, 0, 0, 0, 0, 0, 4, 12, 75
"/Users/neilluo/workspaces/full-stack/misskey/packages/backend/src/server/api/endpoints/i/read-announcement.ts", "TypeScript", 0, 0, 27, 0, 0, 0, 0, 0, 0, 0, 0, 0, 0, 0, 0, 0, 0, 4, 8, 39
"/Users/neilluo/workspaces/full-stack/misskey/packages/backend/src/server/api/endpoints/i/regenerate-token.ts", "TypeScript", 0, 0, 44, 0, 0, 0, 0, 0, 0, 0, 0, 0, 0, 0, 0, 0, 0, 6, 14, 64
"/Users/neilluo/workspaces/full-stack/misskey/packages/backend/src/server/api/endpoints/i/registry/get-all.ts", "TypeScript", 0, 0, 35, 0, 0, 0, 0, 0, 0, 0, 0, 0, 0, 0, 0, 0, 0, 4, 9, 48
"/Users/neilluo/workspaces/full-stack/misskey/packages/backend/src/server/api/endpoints/i/registry/get-detail.ts", "TypeScript", 0, 0, 55, 0, 0, 0, 0, 0, 0, 0, 0, 0, 0, 0, 0, 0, 0, 4, 9, 68
"/Users/neilluo/workspaces/full-stack/misskey/packages/backend/src/server/api/endpoints/i/registry/get.ts", "TypeScript", 0, 0, 43, 0, 0, 0, 0, 0, 0, 0, 0, 0, 0, 0, 0, 0, 0, 4, 9, 56
"/Users/neilluo/workspaces/full-stack/misskey/packages/backend/src/server/api/endpoints/i/registry/keys-with-type.ts", "TypeScript", 0, 0, 46, 0, 0, 0, 0, 0, 0, 0, 0, 0, 0, 0, 0, 0, 0, 4, 9, 59
"/Users/neilluo/workspaces/full-stack/misskey/packages/backend/src/server/api/endpoints/i/registry/keys.ts", "TypeScript", 0, 0, 33, 0, 0, 0, 0, 0, 0, 0, 0, 0, 0, 0, 0, 0, 0, 4, 6, 43
"/Users/neilluo/workspaces/full-stack/misskey/packages/backend/src/server/api/endpoints/i/registry/remove.ts", "TypeScript", 0, 0, 38, 0, 0, 0, 0, 0, 0, 0, 0, 0, 0, 0, 0, 0, 0, 4, 6, 48
"/Users/neilluo/workspaces/full-stack/misskey/packages/backend/src/server/api/endpoints/i/registry/scopes-with-domain.ts", "TypeScript", 0, 0, 43, 0, 0, 0, 0, 0, 0, 0, 0, 0, 0, 0, 0, 0, 0, 4, 6, 53
"/Users/neilluo/workspaces/full-stack/misskey/packages/backend/src/server/api/endpoints/i/registry/set.ts", "TypeScript", 0, 0, 29, 0, 0, 0, 0, 0, 0, 0, 0, 0, 0, 0, 0, 0, 0, 4, 5, 38
"/Users/neilluo/workspaces/full-stack/misskey/packages/backend/src/server/api/endpoints/i/revoke-token.ts", "TypeScript", 0, 0, 46, 0, 0, 0, 0, 0, 0, 0, 0, 0, 0, 0, 0, 0, 0, 4, 8, 58
"/Users/neilluo/workspaces/full-stack/misskey/packages/backend/src/server/api/endpoints/i/signin-history.ts", "TypeScript", 0, 0, 44, 0, 0, 0, 0, 0, 0, 0, 0, 0, 0, 0, 0, 0, 0, 4, 9, 57
"/Users/neilluo/workspaces/full-stack/misskey/packages/backend/src/server/api/endpoints/i/unpin.ts", "TypeScript", 0, 0, 46, 0, 0, 0, 0, 0, 0, 0, 0, 0, 0, 0, 0, 0, 0, 4, 10, 60
"/Users/neilluo/workspaces/full-stack/misskey/packages/backend/src/server/api/endpoints/i/update-email.ts", "TypeScript", 0, 0, 114, 0, 0, 0, 0, 0, 0, 0, 0, 0, 0, 0, 0, 0, 0, 5, 26, 145
"/Users/neilluo/workspaces/full-stack/misskey/packages/backend/src/server/api/endpoints/i/update.ts", "TypeScript", 0, 0, 484, 0, 0, 0, 0, 0, 0, 0, 0, 0, 0, 0, 0, 0, 0, 14, 86, 584
"/Users/neilluo/workspaces/full-stack/misskey/packages/backend/src/server/api/endpoints/i/webhooks/create.ts", "TypeScript", 0, 0, 98, 0, 0, 0, 0, 0, 0, 0, 0, 0, 0, 0, 0, 0, 0, 6, 14, 118
"/Users/neilluo/workspaces/full-stack/misskey/packages/backend/src/server/api/endpoints/i/webhooks/delete.ts", "TypeScript", 0, 0, 45, 0, 0, 0, 0, 0, 0, 0, 0, 0, 0, 0, 0, 0, 0, 5, 13, 63
"/Users/neilluo/workspaces/full-stack/misskey/packages/backend/src/server/api/endpoints/i/webhooks/list.ts", "TypeScript", 0, 0, 70, 0, 0, 0, 0, 0, 0, 0, 0, 0, 0, 0, 0, 0, 0, 5, 9, 84
"/Users/neilluo/workspaces/full-stack/misskey/packages/backend/src/server/api/endpoints/i/webhooks/show.ts", "TypeScript", 0, 0, 79, 0, 0, 0, 0, 0, 0, 0, 0, 0, 0, 0, 0, 0, 0, 5, 11, 95
"/Users/neilluo/workspaces/full-stack/misskey/packages/backend/src/server/api/endpoints/i/webhooks/test.ts", "TypeScript", 0, 0, 65, 0, 0, 0, 0, 0, 0, 0, 0, 0, 0, 0, 0, 0, 0, 4, 8, 77
"/Users/neilluo/workspaces/full-stack/misskey/packages/backend/src/server/api/endpoints/i/webhooks/update.ts", "TypeScript", 0, 0, 62, 0, 0, 0, 0, 0, 0, 0, 0, 0, 0, 0, 0, 0, 0, 5, 15, 82
"/Users/neilluo/workspaces/full-stack/misskey/packages/backend/src/server/api/endpoints/invite/create.ts", "TypeScript", 0, 0, 64, 0, 0, 0, 0, 0, 0, 0, 0, 0, 0, 0, 0, 0, 0, 4, 13, 81
"/Users/neilluo/workspaces/full-stack/misskey/packages/backend/src/server/api/endpoints/invite/delete.ts", "TypeScript", 0, 0, 59, 0, 0, 0, 0, 0, 0, 0, 0, 0, 0, 0, 0, 0, 0, 4, 14, 77
"/Users/neilluo/workspaces/full-stack/misskey/packages/backend/src/server/api/endpoints/invite/limit.ts", "TypeScript", 0, 0, 48, 0, 0, 0, 0, 0, 0, 0, 0, 0, 0, 0, 0, 0, 0, 4, 10, 62
"/Users/neilluo/workspaces/full-stack/misskey/packages/backend/src/server/api/endpoints/invite/list.ts", "TypeScript", 0, 0, 50, 0, 0, 0, 0, 0, 0, 0, 0, 0, 0, 0, 0, 0, 0, 4, 10, 64
"/Users/neilluo/workspaces/full-stack/misskey/packages/backend/src/server/api/endpoints/meta.ts", "TypeScript", 0, 0, 31, 0, 0, 0, 0, 0, 0, 0, 0, 0, 0, 0, 0, 0, 0, 4, 7, 42
"/Users/neilluo/workspaces/full-stack/misskey/packages/backend/src/server/api/endpoints/miauth/gen-token.ts", "TypeScript", 0, 0, 65, 0, 0, 0, 0, 0, 0, 0, 0, 0, 0, 0, 0, 0, 0, 7, 13, 85
"/Users/neilluo/workspaces/full-stack/misskey/packages/backend/src/server/api/endpoints/mute/create.ts", "TypeScript", 0, 0, 80, 0, 0, 0, 0, 0, 0, 0, 0, 0, 0, 0, 0, 0, 0, 7, 18, 105
"/Users/neilluo/workspaces/full-stack/misskey/packages/backend/src/server/api/endpoints/mute/delete.ts", "TypeScript", 0, 0, 64, 0, 0, 0, 0, 0, 0, 0, 0, 0, 0, 0, 0, 0, 0, 7, 16, 87
"/Users/neilluo/workspaces/full-stack/misskey/packages/backend/src/server/api/endpoints/mute/list.ts", "TypeScript", 0, 0, 47, 0, 0, 0, 0, 0, 0, 0, 0, 0, 0, 0, 0, 0, 0, 4, 11, 62
"/Users/neilluo/workspaces/full-stack/misskey/packages/backend/src/server/api/endpoints/my/apps.ts", "TypeScript", 0, 0, 49, 0, 0, 0, 0, 0, 0, 0, 0, 0, 0, 0, 0, 0, 0, 4, 10, 63
"/Users/neilluo/workspaces/full-stack/misskey/packages/backend/src/server/api/endpoints/notes.ts", "TypeScript", 0, 0, 69, 0, 0, 0, 0, 0, 0, 0, 0, 0, 0, 0, 0, 0, 0, 8, 15, 92
"/Users/neilluo/workspaces/full-stack/misskey/packages/backend/src/server/api/endpoints/notes/children.ts", "TypeScript", 0, 0, 69, 0, 0, 0, 0, 0, 0, 0, 0, 0, 0, 0, 0, 0, 0, 4, 11, 84
"/Users/neilluo/workspaces/full-stack/misskey/packages/backend/src/server/api/endpoints/notes/clips.ts", "TypeScript", 0, 0, 61, 0, 0, 0, 0, 0, 0, 0, 0, 0, 0, 0, 0, 0, 0, 4, 13, 78
"/Users/neilluo/workspaces/full-stack/misskey/packages/backend/src/server/api/endpoints/notes/conversation.ts", "TypeScript", 0, 0, 73, 0, 0, 0, 0, 0, 0, 0, 0, 0, 0, 0, 0, 0, 0, 4, 16, 93
"/Users/neilluo/workspaces/full-stack/misskey/packages/backend/src/server/api/endpoints/notes/create.test.ts", "TypeScript", 0, 0, 219, 0, 0, 0, 0, 0, 0, 0, 0, 0, 0, 0, 0, 0, 0, 4, 51, 274
"/Users/neilluo/workspaces/full-stack/misskey/packages/backend/src/server/api/endpoints/notes/create.ts", "TypeScript", 0, 0, 340, 0, 0, 0, 0, 0, 0, 0, 0, 0, 0, 0, 0, 0, 0, 19, 45, 404
"/Users/neilluo/workspaces/full-stack/misskey/packages/backend/src/server/api/endpoints/notes/delete.ts", "TypeScript", 0, 0, 59, 0, 0, 0, 0, 0, 0, 0, 0, 0, 0, 0, 0, 0, 0, 5, 13, 77
"/Users/neilluo/workspaces/full-stack/misskey/packages/backend/src/server/api/endpoints/notes/favorites/create.ts", "TypeScript", 0, 0, 72, 0, 0, 0, 0, 0, 0, 0, 0, 0, 0, 0, 0, 0, 0, 7, 15, 94
"/Users/neilluo/workspaces/full-stack/misskey/packages/backend/src/server/api/endpoints/notes/favorites/delete.ts", "TypeScript", 0, 0, 53, 0, 0, 0, 0, 0, 0, 0, 0, 0, 0, 0, 0, 0, 0, 7, 13, 73
"/Users/neilluo/workspaces/full-stack/misskey/packages/backend/src/server/api/endpoints/notes/featured.ts", "TypeScript", 0, 0, 89, 0, 0, 0, 0, 0, 0, 0, 0, 0, 0, 0, 0, 0, 0, 4, 17, 110
"/Users/neilluo/workspaces/full-stack/misskey/packages/backend/src/server/api/endpoints/notes/global-timeline.ts", "TypeScript", 0, 0, 93, 0, 0, 0, 0, 0, 0, 0, 0, 0, 0, 0, 0, 0, 0, 6, 15, 114
"/Users/neilluo/workspaces/full-stack/misskey/packages/backend/src/server/api/endpoints/notes/hybrid-timeline.ts", "TypeScript", 0, 0, 248, 0, 0, 0, 0, 0, 0, 0, 0, 0, 0, 0, 0, 0, 0, 5, 35, 288
"/Users/neilluo/workspaces/full-stack/misskey/packages/backend/src/server/api/endpoints/notes/local-timeline.ts", "TypeScript", 0, 0, 155, 0, 0, 0, 0, 0, 0, 0, 0, 0, 0, 0, 0, 0, 0, 4, 23, 182
"/Users/neilluo/workspaces/full-stack/misskey/packages/backend/src/server/api/endpoints/notes/mentions.ts", "TypeScript", 0, 0, 74, 0, 0, 0, 0, 0, 0, 0, 0, 0, 0, 0, 0, 0, 0, 5, 15, 94
"/Users/neilluo/workspaces/full-stack/misskey/packages/backend/src/server/api/endpoints/notes/polls/recommendation.ts", "TypeScript", 0, 0, 87, 0, 0, 0, 0, 0, 0, 0, 0, 0, 0, 0, 0, 0, 0, 10, 22, 119
"/Users/neilluo/workspaces/full-stack/misskey/packages/backend/src/server/api/endpoints/notes/polls/vote.ts", "TypeScript", 0, 0, 131, 0, 0, 0, 0, 0, 0, 0, 0, 0, 0, 0, 0, 0, 0, 12, 32, 175
"/Users/neilluo/workspaces/full-stack/misskey/packages/backend/src/server/api/endpoints/notes/reactions.ts", "TypeScript", 0, 0, 64, 0, 0, 0, 0, 0, 0, 0, 0, 0, 0, 0, 0, 0, 0, 6, 13, 83
"/Users/neilluo/workspaces/full-stack/misskey/packages/backend/src/server/api/endpoints/notes/reactions/create.ts", "TypeScript", 0, 0, 62, 0, 0, 0, 0, 0, 0, 0, 0, 0, 0, 0, 0, 0, 0, 4, 12, 78
"/Users/neilluo/workspaces/full-stack/misskey/packages/backend/src/server/api/endpoints/notes/reactions/delete.ts", "TypeScript", 0, 0, 53, 0, 0, 0, 0, 0, 0, 0, 0, 0, 0, 0, 0, 0, 0, 4, 10, 67
"/Users/neilluo/workspaces/full-stack/misskey/packages/backend/src/server/api/endpoints/notes/renotes.ts", "TypeScript", 0, 0, 67, 0, 0, 0, 0, 0, 0, 0, 0, 0, 0, 0, 0, 0, 0, 4, 13, 84
"/Users/neilluo/workspaces/full-stack/misskey/packages/backend/src/server/api/endpoints/notes/replies.ts", "TypeScript", 0, 0, 53, 0, 0, 0, 0, 0, 0, 0, 0, 0, 0, 0, 0, 0, 0, 4, 11, 68
"/Users/neilluo/workspaces/full-stack/misskey/packages/backend/src/server/api/endpoints/notes/search-by-tag.ts", "TypeScript", 0, 0, 122, 0, 0, 0, 0, 0, 0, 0, 0, 0, 0, 0, 0, 0, 0, 5, 16, 143
"/Users/neilluo/workspaces/full-stack/misskey/packages/backend/src/server/api/endpoints/notes/search.ts", "TypeScript", 0, 0, 68, 0, 0, 0, 0, 0, 0, 0, 0, 0, 0, 0, 0, 0, 0, 5, 11, 84
"/Users/neilluo/workspaces/full-stack/misskey/packages/backend/src/server/api/endpoints/notes/show.ts", "TypeScript", 0, 0, 53, 0, 0, 0, 0, 0, 0, 0, 0, 0, 0, 0, 0, 0, 0, 4, 11, 68
"/Users/neilluo/workspaces/full-stack/misskey/packages/backend/src/server/api/endpoints/notes/state.ts", "TypeScript", 0, 0, 65, 0, 0, 0, 0, 0, 0, 0, 0, 0, 0, 0, 0, 0, 0, 4, 11, 80
"/Users/neilluo/workspaces/full-stack/misskey/packages/backend/src/server/api/endpoints/notes/thread-muting/create.ts", "TypeScript", 0, 0, 61, 0, 0, 0, 0, 0, 0, 0, 0, 0, 0, 0, 0, 0, 0, 4, 13, 78
"/Users/neilluo/workspaces/full-stack/misskey/packages/backend/src/server/api/endpoints/notes/thread-muting/delete.ts", "TypeScript", 0, 0, 44, 0, 0, 0, 0, 0, 0, 0, 0, 0, 0, 0, 0, 0, 0, 4, 10, 58
"/Users/neilluo/workspaces/full-stack/misskey/packages/backend/src/server/api/endpoints/notes/timeline.ts", "TypeScript", 0, 0, 209, 0, 0, 0, 0, 0, 0, 0, 0, 0, 0, 0, 0, 0, 0, 10, 29, 248
"/Users/neilluo/workspaces/full-stack/misskey/packages/backend/src/server/api/endpoints/notes/translate.ts", "TypeScript", 0, 0, 104, 0, 0, 0, 0, 0, 0, 0, 0, 0, 0, 0, 0, 0, 0, 4, 19, 127
"/Users/neilluo/workspaces/full-stack/misskey/packages/backend/src/server/api/endpoints/notes/unrenote.ts", "TypeScript", 0, 0, 57, 0, 0, 0, 0, 0, 0, 0, 0, 0, 0, 0, 0, 0, 0, 4, 13, 74
"/Users/neilluo/workspaces/full-stack/misskey/packages/backend/src/server/api/endpoints/notes/user-list-timeline.ts", "TypeScript", 0, 0, 205, 0, 0, 0, 0, 0, 0, 0, 0, 0, 0, 0, 0, 0, 0, 6, 28, 239
"/Users/neilluo/workspaces/full-stack/misskey/packages/backend/src/server/api/endpoints/notifications/create.ts", "TypeScript", 0, 0, 38, 0, 0, 0, 0, 0, 0, 0, 0, 0, 0, 0, 0, 0, 0, 4, 9, 51
"/Users/neilluo/workspaces/full-stack/misskey/packages/backend/src/server/api/endpoints/notifications/flush.ts", "TypeScript", 0, 0, 23, 0, 0, 0, 0, 0, 0, 0, 0, 0, 0, 0, 0, 0, 0, 4, 7, 34
"/Users/neilluo/workspaces/full-stack/misskey/packages/backend/src/server/api/endpoints/notifications/mark-all-as-read.ts", "TypeScript", 0, 0, 23, 0, 0, 0, 0, 0, 0, 0, 0, 0, 0, 0, 0, 0, 0, 4, 7, 34
"/Users/neilluo/workspaces/full-stack/misskey/packages/backend/src/server/api/endpoints/notifications/test-notification.ts", "TypeScript", 0, 0, 27, 0, 0, 0, 0, 0, 0, 0, 0, 0, 0, 0, 0, 0, 0, 4, 8, 39
"/Users/neilluo/workspaces/full-stack/misskey/packages/backend/src/server/api/endpoints/page-push.ts", "TypeScript", 0, 0, 52, 0, 0, 0, 0, 0, 0, 0, 0, 0, 0, 0, 0, 0, 0, 4, 8, 64
"/Users/neilluo/workspaces/full-stack/misskey/packages/backend/src/server/api/endpoints/pages/create.ts", "TypeScript", 0, 0, 105, 0, 0, 0, 0, 0, 0, 0, 0, 0, 0, 0, 0, 0, 0, 4, 17, 126
"/Users/neilluo/workspaces/full-stack/misskey/packages/backend/src/server/api/endpoints/pages/delete.ts", "TypeScript", 0, 0, 62, 0, 0, 0, 0, 0, 0, 0, 0, 0, 0, 0, 0, 0, 0, 4, 15, 81
"/Users/neilluo/workspaces/full-stack/misskey/packages/backend/src/server/api/endpoints/pages/featured.ts", "TypeScript", 0, 0, 40, 0, 0, 0, 0, 0, 0, 0, 0, 0, 0, 0, 0, 0, 0, 4, 10, 54
"/Users/neilluo/workspaces/full-stack/misskey/packages/backend/src/server/api/endpoints/pages/like.ts", "TypeScript", 0, 0, 71, 0, 0, 0, 0, 0, 0, 0, 0, 0, 0, 0, 0, 0, 0, 6, 18, 95
"/Users/neilluo/workspaces/full-stack/misskey/packages/backend/src/server/api/endpoints/pages/show.ts", "TypeScript", 0, 0, 68, 0, 0, 0, 0, 0, 0, 0, 0, 0, 0, 0, 0, 0, 0, 4, 13, 85
"/Users/neilluo/workspaces/full-stack/misskey/packages/backend/src/server/api/endpoints/pages/unlike.ts", "TypeScript", 0, 0, 55, 0, 0, 0, 0, 0, 0, 0, 0, 0, 0, 0, 0, 0, 0, 5, 15, 75
"/Users/neilluo/workspaces/full-stack/misskey/packages/backend/src/server/api/endpoints/pages/update.ts", "TypeScript", 0, 0, 113, 0, 0, 0, 0, 0, 0, 0, 0, 0, 0, 0, 0, 0, 0, 4, 15, 132
"/Users/neilluo/workspaces/full-stack/misskey/packages/backend/src/server/api/endpoints/ping.ts", "TypeScript", 0, 0, 32, 0, 0, 0, 0, 0, 0, 0, 0, 0, 0, 0, 0, 0, 0, 4, 7, 43
"/Users/neilluo/workspaces/full-stack/misskey/packages/backend/src/server/api/endpoints/pinned-users.ts", "TypeScript", 0, 0, 44, 0, 0, 0, 0, 0, 0, 0, 0, 0, 0, 0, 0, 0, 0, 4, 10, 58
"/Users/neilluo/workspaces/full-stack/misskey/packages/backend/src/server/api/endpoints/promo/read.ts", "TypeScript", 0, 0, 56, 0, 0, 0, 0, 0, 0, 0, 0, 0, 0, 0, 0, 0, 0, 4, 11, 71
"/Users/neilluo/workspaces/full-stack/misskey/packages/backend/src/server/api/endpoints/renote-mute/create.ts", "TypeScript", 0, 0, 72, 0, 0, 0, 0, 0, 0, 0, 0, 0, 0, 0, 0, 0, 0, 8, 17, 97
"/Users/neilluo/workspaces/full-stack/misskey/packages/backend/src/server/api/endpoints/renote-mute/delete.ts", "TypeScript", 0, 0, 64, 0, 0, 0, 0, 0, 0, 0, 0, 0, 0, 0, 0, 0, 0, 8, 16, 88
"/Users/neilluo/workspaces/full-stack/misskey/packages/backend/src/server/api/endpoints/renote-mute/list.ts", "TypeScript", 0, 0, 47, 0, 0, 0, 0, 0, 0, 0, 0, 0, 0, 0, 0, 0, 0, 4, 11, 62
"/Users/neilluo/workspaces/full-stack/misskey/packages/backend/src/server/api/endpoints/request-reset-password.ts", "TypeScript", 0, 0, 71, 0, 0, 0, 0, 0, 0, 0, 0, 0, 0, 0, 0, 0, 0, 7, 22, 100
"/Users/neilluo/workspaces/full-stack/misskey/packages/backend/src/server/api/endpoints/reset-db.ts", "TypeScript", 0, 0, 45, 0, 0, 0, 0, 0, 0, 0, 0, 0, 0, 0, 0, 0, 0, 6, 16, 67
"/Users/neilluo/workspaces/full-stack/misskey/packages/backend/src/server/api/endpoints/reset-password.ts", "TypeScript", 0, 0, 46, 0, 0, 0, 0, 0, 0, 0, 0, 0, 0, 0, 0, 0, 0, 6, 15, 67
"/Users/neilluo/workspaces/full-stack/misskey/packages/backend/src/server/api/endpoints/retention.ts", "TypeScript", 0, 0, 64, 0, 0, 0, 0, 0, 0, 0, 0, 0, 0, 0, 0, 0, 0, 4, 9, 77
"/Users/neilluo/workspaces/full-stack/misskey/packages/backend/src/server/api/endpoints/reversi/cancel-match.ts", "TypeScript", 0, 0, 31, 0, 0, 0, 0, 0, 0, 0, 0, 0, 0, 0, 0, 0, 0, 4, 7, 42
"/Users/neilluo/workspaces/full-stack/misskey/packages/backend/src/server/api/endpoints/reversi/games.ts", "TypeScript", 0, 0, 51, 0, 0, 0, 0, 0, 0, 0, 0, 0, 0, 0, 0, 0, 0, 4, 10, 65
"/Users/neilluo/workspaces/full-stack/misskey/packages/backend/src/server/api/endpoints/reversi/invitations.ts", "TypeScript", 0, 0, 28, 0, 0, 0, 0, 0, 0, 0, 0, 0, 0, 0, 0, 0, 0, 4, 8, 40
"/Users/neilluo/workspaces/full-stack/misskey/packages/backend/src/server/api/endpoints/reversi/match.ts", "TypeScript", 0, 0, 57, 0, 0, 0, 0, 0, 0, 0, 0, 0, 0, 0, 0, 0, 0, 4, 13, 74
"/Users/neilluo/workspaces/full-stack/misskey/packages/backend/src/server/api/endpoints/reversi/show-game.ts", "TypeScript", 0, 0, 42, 0, 0, 0, 0, 0, 0, 0, 0, 0, 0, 0, 0, 0, 0, 4, 9, 55
"/Users/neilluo/workspaces/full-stack/misskey/packages/backend/src/server/api/endpoints/reversi/surrender.ts", "TypeScript", 0, 0, 52, 0, 0, 0, 0, 0, 0, 0, 0, 0, 0, 0, 0, 0, 0, 4, 13, 69
"/Users/neilluo/workspaces/full-stack/misskey/packages/backend/src/server/api/endpoints/reversi/verify.ts", "TypeScript", 0, 0, 55, 0, 0, 0, 0, 0, 0, 0, 0, 0, 0, 0, 0, 0, 0, 4, 6, 65
"/Users/neilluo/workspaces/full-stack/misskey/packages/backend/src/server/api/endpoints/roles/list.ts", "TypeScript", 0, 0, 42, 0, 0, 0, 0, 0, 0, 0, 0, 0, 0, 0, 0, 0, 0, 4, 8, 54
"/Users/neilluo/workspaces/full-stack/misskey/packages/backend/src/server/api/endpoints/roles/notes.ts", "TypeScript", 0, 0, 92, 0, 0, 0, 0, 0, 0, 0, 0, 0, 0, 0, 0, 0, 0, 4, 19, 115
"/Users/neilluo/workspaces/full-stack/misskey/packages/backend/src/server/api/endpoints/roles/show.ts", "TypeScript", 0, 0, 48, 0, 0, 0, 0, 0, 0, 0, 0, 0, 0, 0, 0, 0, 0, 4, 11, 63
"/Users/neilluo/workspaces/full-stack/misskey/packages/backend/src/server/api/endpoints/roles/users.ts", "TypeScript", 0, 0, 87, 0, 0, 0, 0, 0, 0, 0, 0, 0, 0, 0, 0, 0, 0, 4, 14, 105
"/Users/neilluo/workspaces/full-stack/misskey/packages/backend/src/server/api/endpoints/server-info.ts", "TypeScript", 0, 0, 104, 0, 0, 0, 0, 0, 0, 0, 0, 0, 0, 0, 0, 0, 0, 4, 8, 116
"/Users/neilluo/workspaces/full-stack/misskey/packages/backend/src/server/api/endpoints/stats.ts", "TypeScript", 0, 0, 86, 0, 0, 0, 0, 0, 0, 0, 0, 0, 0, 0, 0, 0, 0, 7, 12, 105
"/Users/neilluo/workspaces/full-stack/misskey/packages/backend/src/server/api/endpoints/sw/register.ts", "TypeScript", 0, 0, 94, 0, 0, 0, 0, 0, 0, 0, 0, 0, 0, 0, 0, 0, 0, 5, 14, 113
"/Users/neilluo/workspaces/full-stack/misskey/packages/backend/src/server/api/endpoints/sw/show-registration.ts", "TypeScript", 0, 0, 57, 0, 0, 0, 0, 0, 0, 0, 0, 0, 0, 0, 0, 0, 0, 5, 10, 72
"/Users/neilluo/workspaces/full-stack/misskey/packages/backend/src/server/api/endpoints/sw/unregister.ts", "TypeScript", 0, 0, 35, 0, 0, 0, 0, 0, 0, 0, 0, 0, 0, 0, 0, 0, 0, 4, 9, 48
"/Users/neilluo/workspaces/full-stack/misskey/packages/backend/src/server/api/endpoints/sw/update-registration.ts", "TypeScript", 0, 0, 75, 0, 0, 0, 0, 0, 0, 0, 0, 0, 0, 0, 0, 0, 0, 4, 14, 93
"/Users/neilluo/workspaces/full-stack/misskey/packages/backend/src/server/api/endpoints/test.ts", "TypeScript", 0, 0, 54, 0, 0, 0, 0, 0, 0, 0, 0, 0, 0, 0, 0, 0, 0, 4, 8, 66
"/Users/neilluo/workspaces/full-stack/misskey/packages/backend/src/server/api/endpoints/username/available.ts", "TypeScript", 0, 0, 50, 0, 0, 0, 0, 0, 0, 0, 0, 0, 0, 0, 0, 0, 0, 4, 12, 66
"/Users/neilluo/workspaces/full-stack/misskey/packages/backend/src/server/api/endpoints/users.ts", "TypeScript", 0, 0, 76, 0, 0, 0, 0, 0, 0, 0, 0, 0, 0, 0, 0, 0, 0, 4, 16, 96
"/Users/neilluo/workspaces/full-stack/misskey/packages/backend/src/server/api/endpoints/users/achievements.ts", "TypeScript", 0, 0, 40, 0, 0, 0, 0, 0, 0, 0, 0, 0, 0, 0, 0, 0, 0, 4, 7, 51
"/Users/neilluo/workspaces/full-stack/misskey/packages/backend/src/server/api/endpoints/users/clips.ts", "TypeScript", 0, 0, 48, 0, 0, 0, 0, 0, 0, 0, 0, 0, 0, 0, 0, 0, 0, 4, 10, 62
"/Users/neilluo/workspaces/full-stack/misskey/packages/backend/src/server/api/endpoints/users/featured-notes.ts", "TypeScript", 0, 0, 78, 0, 0, 0, 0, 0, 0, 0, 0, 0, 0, 0, 0, 0, 0, 5, 18, 101
"/Users/neilluo/workspaces/full-stack/misskey/packages/backend/src/server/api/endpoints/users/flashs.ts", "TypeScript", 0, 0, 48, 0, 0, 0, 0, 0, 0, 0, 0, 0, 0, 0, 0, 0, 0, 5, 10, 63
"/Users/neilluo/workspaces/full-stack/misskey/packages/backend/src/server/api/endpoints/users/followers.ts", "TypeScript", 0, 0, 108, 0, 0, 0, 0, 0, 0, 0, 0, 0, 0, 0, 0, 0, 0, 4, 20, 132
"/Users/neilluo/workspaces/full-stack/misskey/packages/backend/src/server/api/endpoints/users/following.ts", "TypeScript", 0, 0, 126, 0, 0, 0, 0, 0, 0, 0, 0, 0, 0, 0, 0, 0, 0, 4, 24, 154
"/Users/neilluo/workspaces/full-stack/misskey/packages/backend/src/server/api/endpoints/users/gallery/posts.ts", "TypeScript", 0, 0, 47, 0, 0, 0, 0, 0, 0, 0, 0, 0, 0, 0, 0, 0, 0, 4, 10, 61
"/Users/neilluo/workspaces/full-stack/misskey/packages/backend/src/server/api/endpoints/users/get-frequently-replied-users.ts", "TypeScript", 0, 0, 102, 0, 0, 0, 0, 0, 0, 0, 0, 0, 0, 0, 0, 0, 0, 13, 20, 135
"/Users/neilluo/workspaces/full-stack/misskey/packages/backend/src/server/api/endpoints/users/lists/create-from-public.ts", "TypeScript", 0, 0, 136, 0, 0, 0, 0, 0, 0, 0, 0, 0, 0, 0, 0, 0, 0, 4, 20, 160
"/Users/neilluo/workspaces/full-stack/misskey/packages/backend/src/server/api/endpoints/users/lists/create.ts", "TypeScript", 0, 0, 60, 0, 0, 0, 0, 0, 0, 0, 0, 0, 0, 0, 0, 0, 0, 4, 14, 78
"/Users/neilluo/workspaces/full-stack/misskey/packages/backend/src/server/api/endpoints/users/lists/delete.ts", "TypeScript", 0, 0, 43, 0, 0, 0, 0, 0, 0, 0, 0, 0, 0, 0, 0, 0, 0, 4, 11, 58
"/Users/neilluo/workspaces/full-stack/misskey/packages/backend/src/server/api/endpoints/users/lists/favorite.ts", "TypeScript", 0, 0, 65, 0, 0, 0, 0, 0, 0, 0, 0, 0, 0, 0, 0, 0, 0, 4, 11, 80
"/Users/neilluo/workspaces/full-stack/misskey/packages/backend/src/server/api/endpoints/users/lists/get-memberships.ts", "TypeScript", 0, 0, 89, 0, 0, 0, 0, 0, 0, 0, 0, 0, 0, 0, 0, 0, 0, 5, 15, 109
"/Users/neilluo/workspaces/full-stack/misskey/packages/backend/src/server/api/endpoints/users/lists/list.ts", "TypeScript", 0, 0, 72, 0, 0, 0, 0, 0, 0, 0, 0, 0, 0, 0, 0, 0, 0, 4, 13, 89
"/Users/neilluo/workspaces/full-stack/misskey/packages/backend/src/server/api/endpoints/users/lists/pull.ts", "TypeScript", 0, 0, 58, 0, 0, 0, 0, 0, 0, 0, 0, 0, 0, 0, 0, 0, 0, 6, 15, 79
"/Users/neilluo/workspaces/full-stack/misskey/packages/backend/src/server/api/endpoints/users/lists/push.ts", "TypeScript", 0, 0, 109, 0, 0, 0, 0, 0, 0, 0, 0, 0, 0, 0, 0, 0, 0, 7, 25, 141
"/Users/neilluo/workspaces/full-stack/misskey/packages/backend/src/server/api/endpoints/users/lists/show.ts", "TypeScript", 0, 0, 75, 0, 0, 0, 0, 0, 0, 0, 0, 0, 0, 0, 0, 0, 0, 5, 14, 94
"/Users/neilluo/workspaces/full-stack/misskey/packages/backend/src/server/api/endpoints/users/lists/unfavorite.ts", "TypeScript", 0, 0, 57, 0, 0, 0, 0, 0, 0, 0, 0, 0, 0, 0, 0, 0, 0, 4, 11, 72
"/Users/neilluo/workspaces/full-stack/misskey/packages/backend/src/server/api/endpoints/users/lists/update-membership.ts", "TypeScript", 0, 0, 60, 0, 0, 0, 0, 0, 0, 0, 0, 0, 0, 0, 0, 0, 0, 6, 14, 80
"/Users/neilluo/workspaces/full-stack/misskey/packages/backend/src/server/api/endpoints/users/lists/update.ts", "TypeScript", 0, 0, 56, 0, 0, 0, 0, 0, 0, 0, 0, 0, 0, 0, 0, 0, 0, 4, 14, 74
"/Users/neilluo/workspaces/full-stack/misskey/packages/backend/src/server/api/endpoints/users/notes.ts", "TypeScript", 0, 0, 176, 0, 0, 0, 0, 0, 0, 0, 0, 0, 0, 0, 0, 0, 0, 5, 28, 209
"/Users/neilluo/workspaces/full-stack/misskey/packages/backend/src/server/api/endpoints/users/pages.ts", "TypeScript", 0, 0, 48, 0, 0, 0, 0, 0, 0, 0, 0, 0, 0, 0, 0, 0, 0, 4, 10, 62
"/Users/neilluo/workspaces/full-stack/misskey/packages/backend/src/server/api/endpoints/users/reactions.ts", "TypeScript", 0, 0, 96, 0, 0, 0, 0, 0, 0, 0, 0, 0, 0, 0, 0, 0, 0, 5, 19, 120
"/Users/neilluo/workspaces/full-stack/misskey/packages/backend/src/server/api/endpoints/users/recommendation.ts", "TypeScript", 0, 0, 62, 0, 0, 0, 0, 0, 0, 0, 0, 0, 0, 0, 0, 0, 0, 4, 17, 83
"/Users/neilluo/workspaces/full-stack/misskey/packages/backend/src/server/api/endpoints/users/relation.ts", "TypeScript", 0, 0, 129, 0, 0, 0, 0, 0, 0, 0, 0, 0, 0, 0, 0, 0, 0, 4, 8, 141
"/Users/neilluo/workspaces/full-stack/misskey/packages/backend/src/server/api/endpoints/users/report-abuse.ts", "TypeScript", 0, 0, 65, 0, 0, 0, 0, 0, 0, 0, 0, 0, 0, 0, 0, 0, 0, 5, 13, 83
"/Users/neilluo/workspaces/full-stack/misskey/packages/backend/src/server/api/endpoints/users/search-by-username-and-host.ts", "TypeScript", 0, 0, 46, 0, 0, 0, 0, 0, 0, 0, 0, 0, 0, 0, 0, 0, 0, 4, 9, 59
"/Users/neilluo/workspaces/full-stack/misskey/packages/backend/src/server/api/endpoints/users/search.ts", "TypeScript", 0, 0, 46, 0, 0, 0, 0, 0, 0, 0, 0, 0, 0, 0, 0, 0, 0, 4, 9, 59
"/Users/neilluo/workspaces/full-stack/misskey/packages/backend/src/server/api/endpoints/users/show.ts", "TypeScript", 0, 0, 130, 0, 0, 0, 0, 0, 0, 0, 0, 0, 0, 0, 0, 0, 0, 7, 20, 157
"/Users/neilluo/workspaces/full-stack/misskey/packages/backend/src/server/api/endpoints/users/update-memo.ts", "TypeScript", 0, 0, 72, 0, 0, 0, 0, 0, 0, 0, 0, 0, 0, 0, 0, 0, 0, 7, 11, 90
"/Users/neilluo/workspaces/full-stack/misskey/packages/backend/src/server/api/endpoints/v2/admin/emoji/list.ts", "TypeScript", 0, 0, 115, 0, 0, 0, 0, 0, 0, 0, 0, 0, 0, 0, 0, 0, 0, 4, 8, 127
"/Users/neilluo/workspaces/full-stack/misskey/packages/backend/src/server/api/error.ts", "TypeScript", 0, 0, 25, 0, 0, 0, 0, 0, 0, 0, 0, 0, 0, 0, 0, 0, 0, 4, 5, 34
"/Users/neilluo/workspaces/full-stack/misskey/packages/backend/src/server/api/openapi/OpenApiServerService.ts", "TypeScript", 0, 0, 28, 0, 0, 0, 0, 0, 0, 0, 0, 0, 0, 0, 0, 0, 0, 4, 5, 37
"/Users/neilluo/workspaces/full-stack/misskey/packages/backend/src/server/api/openapi/errors.ts", "TypeScript", 0, 0, 68, 0, 0, 0, 0, 0, 0, 0, 0, 0, 0, 0, 0, 0, 0, 4, 2, 74
"/Users/neilluo/workspaces/full-stack/misskey/packages/backend/src/server/api/openapi/gen-spec.ts", "TypeScript", 0, 0, 199, 0, 0, 0, 0, 0, 0, 0, 0, 0, 0, 0, 0, 0, 0, 6, 22, 227
"/Users/neilluo/workspaces/full-stack/misskey/packages/backend/src/server/api/openapi/schemas.ts", "TypeScript", 0, 0, 73, 0, 0, 0, 0, 0, 0, 0, 0, 0, 0, 0, 0, 0, 0, 8, 12, 93
"/Users/neilluo/workspaces/full-stack/misskey/packages/backend/src/server/api/stream/ChannelsService.ts", "TypeScript", 0, 0, 70, 0, 0, 0, 0, 0, 0, 0, 0, 0, 0, 0, 0, 0, 0, 4, 5, 79
"/Users/neilluo/workspaces/full-stack/misskey/packages/backend/src/server/api/stream/Connection.ts", "TypeScript", 0, 0, 235, 0, 0, 0, 0, 0, 0, 0, 0, 0, 0, 0, 0, 0, 0, 41, 42, 318
"/Users/neilluo/workspaces/full-stack/misskey/packages/backend/src/server/api/stream/channel.ts", "TypeScript", 0, 0, 74, 0, 0, 0, 0, 0, 0, 0, 0, 0, 0, 0, 0, 0, 0, 15, 23, 112
"/Users/neilluo/workspaces/full-stack/misskey/packages/backend/src/server/api/stream/channels/admin.ts", "TypeScript", 0, 0, 32, 0, 0, 0, 0, 0, 0, 0, 0, 0, 0, 0, 0, 0, 0, 5, 7, 44
"/Users/neilluo/workspaces/full-stack/misskey/packages/backend/src/server/api/stream/channels/antenna.ts", "TypeScript", 0, 0, 59, 0, 0, 0, 0, 0, 0, 0, 0, 0, 0, 0, 0, 0, 0, 7, 15, 81
"/Users/neilluo/workspaces/full-stack/misskey/packages/backend/src/server/api/stream/channels/channel.ts", "TypeScript", 0, 0, 61, 0, 0, 0, 0, 0, 0, 0, 0, 0, 0, 0, 0, 0, 0, 7, 16, 84
"/Users/neilluo/workspaces/full-stack/misskey/packages/backend/src/server/api/stream/channels/chat-room.ts", "TypeScript", 0, 0, 62, 0, 0, 0, 0, 0, 0, 0, 0, 0, 0, 0, 0, 0, 0, 4, 13, 79
"/Users/neilluo/workspaces/full-stack/misskey/packages/backend/src/server/api/stream/channels/chat-user.ts", "TypeScript", 0, 0, 62, 0, 0, 0, 0, 0, 0, 0, 0, 0, 0, 0, 0, 0, 0, 4, 13, 79
"/Users/neilluo/workspaces/full-stack/misskey/packages/backend/src/server/api/stream/channels/drive.ts", "TypeScript", 0, 0, 32, 0, 0, 0, 0, 0, 0, 0, 0, 0, 0, 0, 0, 0, 0, 5, 7, 44
"/Users/neilluo/workspaces/full-stack/misskey/packages/backend/src/server/api/stream/channels/global-timeline.ts", "TypeScript", 0, 0, 78, 0, 0, 0, 0, 0, 0, 0, 0, 0, 0, 0, 0, 0, 0, 7, 19, 104
"/Users/neilluo/workspaces/full-stack/misskey/packages/backend/src/server/api/stream/channels/hashtag.ts", "TypeScript", 0, 0, 65, 0, 0, 0, 0, 0, 0, 0, 0, 0, 0, 0, 0, 0, 0, 7, 16, 88
"/Users/neilluo/workspaces/full-stack/misskey/packages/backend/src/server/api/stream/channels/home-timeline.ts", "TypeScript", 0, 0, 89, 0, 0, 0, 0, 0, 0, 0, 0, 0, 0, 0, 0, 0, 0, 11, 21, 121
"/Users/neilluo/workspaces/full-stack/misskey/packages/backend/src/server/api/stream/channels/hybrid-timeline.ts", "TypeScript", 0, 0, 102, 0, 0, 0, 0, 0, 0, 0, 0, 0, 0, 0, 0, 0, 0, 15, 22, 139
"/Users/neilluo/workspaces/full-stack/misskey/packages/backend/src/server/api/stream/channels/local-timeline.ts", "TypeScript", 0, 0, 85, 0, 0, 0, 0, 0, 0, 0, 0, 0, 0, 0, 0, 0, 0, 9, 20, 114
"/Users/neilluo/workspaces/full-stack/misskey/packages/backend/src/server/api/stream/channels/main.ts", "TypeScript", 0, 0, 69, 0, 0, 0, 0, 0, 0, 0, 0, 0, 0, 0, 0, 0, 0, 6, 12, 87
"/Users/neilluo/workspaces/full-stack/misskey/packages/backend/src/server/api/stream/channels/queue-stats.ts", "TypeScript", 0, 0, 60, 0, 0, 0, 0, 0, 0, 0, 0, 0, 0, 0, 0, 0, 0, 6, 12, 78
"/Users/neilluo/workspaces/full-stack/misskey/packages/backend/src/server/api/stream/channels/reversi-game.ts", "TypeScript", 0, 0, 104, 0, 0, 0, 0, 0, 0, 0, 0, 0, 0, 0, 0, 0, 0, 5, 23, 132
"/Users/neilluo/workspaces/full-stack/misskey/packages/backend/src/server/api/stream/channels/reversi.ts", "TypeScript", 0, 0, 40, 0, 0, 0, 0, 0, 0, 0, 0, 0, 0, 0, 0, 0, 0, 5, 9, 54
"/Users/neilluo/workspaces/full-stack/misskey/packages/backend/src/server/api/stream/channels/role-timeline.ts", "TypeScript", 0, 0, 65, 0, 0, 0, 0, 0, 0, 0, 0, 0, 0, 0, 0, 0, 0, 6, 15, 86
"/Users/neilluo/workspaces/full-stack/misskey/packages/backend/src/server/api/stream/channels/server-stats.ts", "TypeScript", 0, 0, 58, 0, 0, 0, 0, 0, 0, 0, 0, 0, 0, 0, 0, 0, 0, 6, 12, 76
"/Users/neilluo/workspaces/full-stack/misskey/packages/backend/src/server/api/stream/channels/user-list.ts", "TypeScript", 0, 0, 122, 0, 0, 0, 0, 0, 0, 0, 0, 0, 0, 0, 0, 0, 0, 12, 30, 164
"/Users/neilluo/workspaces/full-stack/misskey/packages/backend/src/server/oauth/OAuth2ProviderService.ts", "TypeScript", 0, 0, 365, 0, 0, 0, 0, 0, 0, 0, 0, 0, 0, 0, 0, 0, 0, 74, 66, 505
"/Users/neilluo/workspaces/full-stack/misskey/packages/backend/src/server/web/ClientLoggerService.ts", "TypeScript", 0, 0, 12, 0, 0, 0, 0, 0, 0, 0, 0, 0, 0, 0, 0, 0, 0, 4, 4, 20
"/Users/neilluo/workspaces/full-stack/misskey/packages/backend/src/server/web/ClientServerService.ts", "TypeScript", 0, 0, 751, 0, 0, 0, 0, 0, 0, 0, 0, 0, 0, 0, 0, 0, 0, 50, 126, 927
"/Users/neilluo/workspaces/full-stack/misskey/packages/backend/src/server/web/FeedService.ts", "TypeScript", 0, 0, 79, 0, 0, 0, 0, 0, 0, 0, 0, 0, 0, 0, 0, 0, 0, 4, 14, 97
"/Users/neilluo/workspaces/full-stack/misskey/packages/backend/src/server/web/UrlPreviewService.ts", "TypeScript", 0, 0, 123, 0, 0, 0, 0, 0, 0, 0, 0, 0, 0, 0, 0, 0, 0, 5, 23, 151
"/Users/neilluo/workspaces/full-stack/misskey/packages/backend/src/server/web/bios.css", "CSS", 0, 0, 0, 0, 0, 0, 0, 0, 0, 37, 0, 0, 0, 0, 0, 0, 0, 5, 5, 47
"/Users/neilluo/workspaces/full-stack/misskey/packages/backend/src/server/web/bios.js", "JavaScript", 0, 0, 0, 0, 0, 0, 73, 0, 0, 0, 0, 0, 0, 0, 0, 0, 0, 6, 14, 93
"/Users/neilluo/workspaces/full-stack/misskey/packages/backend/src/server/web/boot.embed.js", "JavaScript", 0, 0, 0, 0, 0, 0, 181, 0, 0, 0, 0, 0, 0, 0, 0, 0, 0, 14, 29, 224
"/Users/neilluo/workspaces/full-stack/misskey/packages/backend/src/server/web/boot.js", "JavaScript", 0, 0, 0, 0, 0, 0, 270, 0, 0, 0, 0, 0, 0, 0, 0, 0, 0, 16, 40, 326
"/Users/neilluo/workspaces/full-stack/misskey/packages/backend/src/server/web/cli.css", "CSS", 0, 0, 0, 0, 0, 0, 0, 0, 0, 16, 0, 0, 0, 0, 0, 0, 0, 5, 5, 26
"/Users/neilluo/workspaces/full-stack/misskey/packages/backend/src/server/web/cli.js", "JavaScript", 0, 0, 0, 0, 0, 0, 49, 0, 0, 0, 0, 0, 0, 0, 0, 0, 0, 6, 9, 64
"/Users/neilluo/workspaces/full-stack/misskey/packages/backend/src/server/web/error.css", "CSS", 0, 0, 0, 0, 0, 0, 0, 0, 0, 88, 0, 0, 0, 0, 0, 0, 0, 5, 19, 112
"/Users/neilluo/workspaces/full-stack/misskey/packages/backend/src/server/web/error.js", "JavaScript", 0, 0, 0, 0, 0, 0, 31, 0, 0, 0, 0, 0, 0, 0, 0, 0, 0, 4, 6, 41
"/Users/neilluo/workspaces/full-stack/misskey/packages/backend/src/server/web/manifest.json", "JSON", 0, 0, 0, 0, 0, 38, 0, 0, 0, 0, 0, 0, 0, 0, 0, 0, 0, 0, 1, 39
"/Users/neilluo/workspaces/full-stack/misskey/packages/backend/src/server/web/style.css", "CSS", 0, 0, 0, 0, 0, 0, 0, 0, 0, 66, 0, 0, 0, 0, 0, 0, 0, 5, 7, 78
"/Users/neilluo/workspaces/full-stack/misskey/packages/backend/src/server/web/style.embed.css", "CSS", 0, 0, 0, 0, 0, 0, 0, 0, 0, 84, 0, 0, 0, 0, 0, 0, 0, 5, 11, 100
"/Users/neilluo/workspaces/full-stack/misskey/packages/backend/src/server/web/views/announcement.pug", "Pug", 0, 0, 0, 0, 0, 0, 0, 0, 0, 0, 17, 0, 0, 0, 0, 0, 0, 0, 5, 22
"/Users/neilluo/workspaces/full-stack/misskey/packages/backend/src/server/web/views/base-embed.pug", "Pug", 0, 0, 0, 0, 0, 0, 0, 0, 0, 0, 58, 0, 0, 0, 0, 0, 0, 0, 15, 73
"/Users/neilluo/workspaces/full-stack/misskey/packages/backend/src/server/web/views/base.pug", "Pug", 0, 0, 0, 0, 0, 0, 0, 0, 0, 0, 82, 0, 0, 0, 0, 0, 0, 0, 20, 102
"/Users/neilluo/workspaces/full-stack/misskey/packages/backend/src/server/web/views/bios.pug", "Pug", 0, 0, 0, 0, 0, 0, 0, 0, 0, 0, 17, 0, 0, 0, 0, 0, 0, 0, 4, 21
"/Users/neilluo/workspaces/full-stack/misskey/packages/backend/src/server/web/views/channel.pug", "Pug", 0, 0, 0, 0, 0, 0, 0, 0, 0, 0, 15, 0, 0, 0, 0, 0, 0, 0, 5, 20
"/Users/neilluo/workspaces/full-stack/misskey/packages/backend/src/server/web/views/cli.pug", "Pug", 0, 0, 0, 0, 0, 0, 0, 0, 0, 0, 18, 0, 0, 0, 0, 0, 0, 0, 4, 22
"/Users/neilluo/workspaces/full-stack/misskey/packages/backend/src/server/web/views/clip.pug", "Pug", 0, 0, 0, 0, 0, 0, 0, 0, 0, 0, 28, 0, 0, 0, 0, 0, 0, 0, 8, 36
"/Users/neilluo/workspaces/full-stack/misskey/packages/backend/src/server/web/views/error.pug", "Pug", 0, 0, 0, 0, 0, 0, 0, 0, 0, 0, 56, 0, 0, 0, 0, 0, 0, 0, 16, 72
"/Users/neilluo/workspaces/full-stack/misskey/packages/backend/src/server/web/views/flash.pug", "Pug", 0, 0, 0, 0, 0, 0, 0, 0, 0, 0, 28, 0, 0, 0, 0, 0, 0, 0, 8, 36
"/Users/neilluo/workspaces/full-stack/misskey/packages/backend/src/server/web/views/flush.pug", "Pug", 0, 0, 0, 0, 0, 0, 0, 0, 0, 0, 38, 0, 0, 0, 0, 0, 0, 0, 10, 48
"/Users/neilluo/workspaces/full-stack/misskey/packages/backend/src/server/web/views/gallery-post.pug", "Pug", 0, 0, 0, 0, 0, 0, 0, 0, 0, 0, 33, 0, 0, 0, 0, 0, 0, 0, 9, 42
"/Users/neilluo/workspaces/full-stack/misskey/packages/backend/src/server/web/views/info-card.pug", "Pug", 0, 0, 0, 0, 0, 0, 0, 0, 0, 0, 42, 0, 0, 0, 0, 0, 0, 0, 9, 51
"/Users/neilluo/workspaces/full-stack/misskey/packages/backend/src/server/web/views/note.pug", "Pug", 0, 0, 0, 0, 0, 0, 0, 0, 0, 0, 51, 0, 0, 0, 0, 0, 0, 0, 11, 62
"/Users/neilluo/workspaces/full-stack/misskey/packages/backend/src/server/web/views/oauth.pug", "Pug", 0, 0, 0, 0, 0, 0, 0, 0, 0, 0, 7, 0, 0, 0, 0, 0, 0, 3, 2, 12
"/Users/neilluo/workspaces/full-stack/misskey/packages/backend/src/server/web/views/page.pug", "Pug", 0, 0, 0, 0, 0, 0, 0, 0, 0, 0, 28, 0, 0, 0, 0, 0, 0, 0, 8, 36
"/Users/neilluo/workspaces/full-stack/misskey/packages/backend/src/server/web/views/reversi-game.pug", "Pug", 0, 0, 0, 0, 0, 0, 0, 0, 0, 0, 16, 0, 0, 0, 0, 0, 0, 0, 5, 21
"/Users/neilluo/workspaces/full-stack/misskey/packages/backend/src/server/web/views/user.pug", "Pug", 0, 0, 0, 0, 0, 0, 0, 0, 0, 0, 34, 0, 0, 0, 0, 0, 0, 0, 10, 44
"/Users/neilluo/workspaces/full-stack/misskey/packages/backend/src/types.ts", "TypeScript", 0, 0, 364, 0, 0, 0, 0, 0, 0, 0, 0, 0, 0, 0, 0, 0, 0, 34, 13, 411
"/Users/neilluo/workspaces/full-stack/misskey/packages/backend/test-federation/.config/example.conf", "Properties", 0, 0, 0, 0, 0, 0, 0, 0, 0, 0, 0, 0, 48, 0, 0, 0, 0, 9, 14, 71
"/Users/neilluo/workspaces/full-stack/misskey/packages/backend/test-federation/.config/example.default.yml", "YAML", 0, 0, 0, 0, 24, 0, 0, 0, 0, 0, 0, 0, 0, 0, 0, 0, 0, 0, 1, 25
"/Users/neilluo/workspaces/full-stack/misskey/packages/backend/test-federation/README.md", "Markdown", 20, 0, 0, 0, 0, 0, 0, 0, 0, 0, 0, 0, 0, 0, 0, 0, 0, 0, 5, 25
"/Users/neilluo/workspaces/full-stack/misskey/packages/backend/test-federation/compose.a.yml", "YAML", 0, 0, 0, 0, 61, 0, 0, 0, 0, 0, 0, 0, 0, 0, 0, 0, 0, 0, 4, 65
"/Users/neilluo/workspaces/full-stack/misskey/packages/backend/test-federation/compose.b.yml", "YAML", 0, 0, 0, 0, 61, 0, 0, 0, 0, 0, 0, 0, 0, 0, 0, 0, 0, 0, 4, 65
"/Users/neilluo/workspaces/full-stack/misskey/packages/backend/test-federation/compose.override.yaml", "YAML", 0, 0, 0, 0, 108, 0, 0, 0, 0, 0, 0, 0, 0, 0, 0, 0, 0, 0, 10, 118
"/Users/neilluo/workspaces/full-stack/misskey/packages/backend/test-federation/compose.tpl.yml", "YAML", 0, 0, 0, 0, 103, 0, 0, 0, 0, 0, 0, 0, 0, 0, 0, 0, 0, 0, 3, 106
"/Users/neilluo/workspaces/full-stack/misskey/packages/backend/test-federation/compose.yml", "YAML", 0, 0, 0, 0, 141, 0, 0, 0, 0, 0, 0, 0, 0, 0, 0, 0, 0, 0, 5, 146
"/Users/neilluo/workspaces/full-stack/misskey/packages/backend/test-federation/daemon.ts", "TypeScript", 0, 0, 26, 0, 0, 0, 0, 0, 0, 0, 0, 0, 0, 0, 0, 0, 0, 6, 7, 39
"/Users/neilluo/workspaces/full-stack/misskey/packages/backend/test-federation/eslint.config.js", "JavaScript", 0, 0, 0, 0, 0, 0, 20, 0, 0, 0, 0, 0, 0, 0, 0, 0, 0, 0, 2, 22
"/Users/neilluo/workspaces/full-stack/misskey/packages/backend/test-federation/setup.sh", "Shell Script", 0, 29, 0, 0, 0, 0, 0, 0, 0, 0, 0, 0, 0, 0, 0, 0, 0, 3, 4, 36
"/Users/neilluo/workspaces/full-stack/misskey/packages/backend/test-federation/test/abuse-report.test.ts", "TypeScript", 0, 0, 43, 0, 0, 0, 0, 0, 0, 0, 0, 0, 0, 0, 0, 0, 0, 2, 8, 53
"/Users/neilluo/workspaces/full-stack/misskey/packages/backend/test-federation/test/block.test.ts", "TypeScript", 0, 0, 180, 0, 0, 0, 0, 0, 0, 0, 0, 0, 0, 0, 0, 0, 0, 7, 38, 225
"/Users/neilluo/workspaces/full-stack/misskey/packages/backend/test-federation/test/drive.test.ts", "TypeScript", 0, 0, 135, 0, 0, 0, 0, 0, 0, 0, 0, 0, 0, 0, 0, 0, 0, 9, 32, 176
"/Users/neilluo/workspaces/full-stack/misskey/packages/backend/test-federation/test/emoji.test.ts", "TypeScript", 0, 0, 76, 0, 0, 0, 0, 0, 0, 0, 0, 0, 0, 0, 0, 0, 0, 1, 21, 98
"/Users/neilluo/workspaces/full-stack/misskey/packages/backend/test-federation/test/move.test.ts", "TypeScript", 0, 0, 41, 0, 0, 0, 0, 0, 0, 0, 0, 0, 0, 0, 0, 0, 0, 3, 9, 53
"/Users/neilluo/workspaces/full-stack/misskey/packages/backend/test-federation/test/note.test.ts", "TypeScript", 0, 0, 317, 0, 0, 0, 0, 0, 0, 0, 0, 0, 0, 0, 0, 0, 0, 19, 48, 384
"/Users/neilluo/workspaces/full-stack/misskey/packages/backend/test-federation/test/notification.test.ts", "TypeScript", 0, 0, 95, 0, 0, 0, 0, 0, 0, 0, 0, 0, 0, 0, 0, 0, 0, 0, 13, 108
"/Users/neilluo/workspaces/full-stack/misskey/packages/backend/test-federation/test/timeline.test.ts", "TypeScript", 0, 0, 256, 0, 0, 0, 0, 0, 0, 0, 0, 0, 0, 0, 0, 0, 0, 12, 61, 329
"/Users/neilluo/workspaces/full-stack/misskey/packages/backend/test-federation/test/user.test.ts", "TypeScript", 0, 0, 446, 0, 0, 0, 0, 0, 0, 0, 0, 0, 0, 0, 0, 0, 0, 22, 96, 564
"/Users/neilluo/workspaces/full-stack/misskey/packages/backend/test-federation/test/utils.ts", "TypeScript", 0, 0, 269, 0, 0, 0, 0, 0, 0, 0, 0, 0, 0, 0, 0, 0, 0, 6, 33, 308
"/Users/neilluo/workspaces/full-stack/misskey/packages/backend/test-federation/tsconfig.json", "JSON with Comments", 0, 0, 0, 0, 0, 0, 0, 15, 0, 0, 0, 0, 0, 0, 0, 0, 0, 91, 9, 115
"/Users/neilluo/workspaces/full-stack/misskey/packages/backend/test-server/entry.ts", "TypeScript", 0, 0, 62, 0, 0, 0, 0, 0, 0, 0, 0, 0, 0, 0, 0, 0, 0, 14, 23, 99
"/Users/neilluo/workspaces/full-stack/misskey/packages/backend/test-server/eslint.config.js", "JavaScript", 0, 0, 0, 0, 0, 0, 42, 0, 0, 0, 0, 0, 0, 0, 0, 0, 0, 0, 2, 44
"/Users/neilluo/workspaces/full-stack/misskey/packages/backend/test-server/tsconfig.json", "JSON with Comments", 0, 0, 0, 0, 0, 0, 0, 52, 0, 0, 0, 0, 0, 0, 0, 0, 0, 0, 1, 53
"/Users/neilluo/workspaces/full-stack/misskey/packages/backend/test/compose.yml", "YAML", 0, 0, 0, 0, 12, 0, 0, 0, 0, 0, 0, 0, 0, 0, 0, 0, 0, 0, 2, 14
"/Users/neilluo/workspaces/full-stack/misskey/packages/backend/test/e2e/2fa.ts", "TypeScript", 0, 0, 414, 0, 0, 0, 0, 0, 0, 0, 0, 0, 0, 0, 0, 0, 0, 19, 57, 490
"/Users/neilluo/workspaces/full-stack/misskey/packages/backend/test/e2e/antennas.ts", "TypeScript", 0, 0, 628, 0, 0, 0, 0, 0, 0, 0, 0, 0, 0, 0, 0, 0, 0, 29, 45, 702
"/Users/neilluo/workspaces/full-stack/misskey/packages/backend/test/e2e/api-visibility.ts", "TypeScript", 0, 0, 336, 0, 0, 0, 0, 0, 0, 0, 0, 0, 0, 0, 0, 0, 0, 55, 82, 473
"/Users/neilluo/workspaces/full-stack/misskey/packages/backend/test/e2e/api.ts", "TypeScript", 0, 0, 266, 0, 0, 0, 0, 0, 0, 0, 0, 0, 0, 0, 0, 0, 0, 11, 33, 310
"/Users/neilluo/workspaces/full-stack/misskey/packages/backend/test/e2e/block.ts", "TypeScript", 0, 0, 57, 0, 0, 0, 0, 0, 0, 0, 0, 0, 0, 0, 0, 0, 0, 7, 23, 87
"/Users/neilluo/workspaces/full-stack/misskey/packages/backend/test/e2e/clips.ts", "TypeScript", 0, 0, 832, 0, 0, 0, 0, 0, 0, 0, 0, 0, 0, 0, 0, 0, 0, 34, 98, 964
"/Users/neilluo/workspaces/full-stack/misskey/packages/backend/test/e2e/drive.ts", "TypeScript", 0, 0, 57, 0, 0, 0, 0, 0, 0, 0, 0, 0, 0, 0, 0, 0, 0, 6, 23, 86
"/Users/neilluo/workspaces/full-stack/misskey/packages/backend/test/e2e/endpoints.ts", "TypeScript", 0, 0, 904, 0, 0, 0, 0, 0, 0, 0, 0, 0, 0, 0, 0, 0, 0, 14, 217, 1135
"/Users/neilluo/workspaces/full-stack/misskey/packages/backend/test/e2e/exports.ts", "TypeScript", 0, 0, 164, 0, 0, 0, 0, 0, 0, 0, 0, 0, 0, 0, 0, 0, 0, 6, 30, 200
"/Users/neilluo/workspaces/full-stack/misskey/packages/backend/test/e2e/fetch-resource.ts", "TypeScript", 0, 0, 372, 0, 0, 0, 0, 0, 0, 0, 0, 0, 0, 0, 0, 0, 0, 34, 70, 476
"/Users/neilluo/workspaces/full-stack/misskey/packages/backend/test/e2e/fetch-validate-ap-deny.ts", "TypeScript", 0, 0, 26, 0, 0, 0, 0, 0, 0, 0, 0, 0, 0, 0, 0, 0, 0, 4, 11, 41
"/Users/neilluo/workspaces/full-stack/misskey/packages/backend/test/e2e/ff-visibility.ts", "TypeScript", 0, 0, 581, 0, 0, 0, 0, 0, 0, 0, 0, 0, 0, 0, 0, 0, 0, 4, 80, 665
"/Users/neilluo/workspaces/full-stack/misskey/packages/backend/test/e2e/move.ts", "TypeScript", 0, 0, 400, 0, 0, 0, 0, 0, 0, 0, 0, 0, 0, 0, 0, 0, 0, 6, 70, 476
"/Users/neilluo/workspaces/full-stack/misskey/packages/backend/test/e2e/mute.ts", "TypeScript", 0, 0, 214, 0, 0, 0, 0, 0, 0, 0, 0, 0, 0, 0, 0, 0, 0, 8, 77, 299
"/Users/neilluo/workspaces/full-stack/misskey/packages/backend/test/e2e/nodeinfo.ts", "TypeScript", 0, 0, 19, 0, 0, 0, 0, 0, 0, 0, 0, 0, 0, 0, 0, 0, 0, 4, 7, 30
"/Users/neilluo/workspaces/full-stack/misskey/packages/backend/test/e2e/note.ts", "TypeScript", 0, 0, 829, 0, 0, 0, 0, 0, 0, 0, 0, 0, 0, 0, 0, 0, 0, 6, 205, 1040
"/Users/neilluo/workspaces/full-stack/misskey/packages/backend/test/e2e/oauth.ts", "TypeScript", 0, 0, 814, 0, 0, 0, 0, 0, 0, 0, 0, 0, 0, 0, 0, 0, 0, 47, 160, 1021
"/Users/neilluo/workspaces/full-stack/misskey/packages/backend/test/e2e/renote-mute.ts", "TypeScript", 0, 0, 82, 0, 0, 0, 0, 0, 0, 0, 0, 0, 0, 0, 0, 0, 0, 10, 28, 120
"/Users/neilluo/workspaces/full-stack/misskey/packages/backend/test/e2e/reversi-game.ts", "TypeScript", 0, 0, 24, 0, 0, 0, 0, 0, 0, 0, 0, 0, 0, 0, 0, 0, 0, 4, 6, 34
"/Users/neilluo/workspaces/full-stack/misskey/packages/backend/test/e2e/streaming.ts", "TypeScript", 0, 0, 518, 0, 0, 0, 0, 0, 0, 0, 0, 0, 0, 0, 0, 0, 0, 255, 134, 907
"/Users/neilluo/workspaces/full-stack/misskey/packages/backend/test/e2e/synalio/abuse-report.ts", "TypeScript", 0, 0, 281, 0, 0, 0, 0, 0, 0, 0, 0, 0, 0, 0, 0, 0, 0, 20, 54, 355
"/Users/neilluo/workspaces/full-stack/misskey/packages/backend/test/e2e/synalio/user-create.ts", "TypeScript", 0, 0, 102, 0, 0, 0, 0, 0, 0, 0, 0, 0, 0, 0, 0, 0, 0, 7, 22, 131
"/Users/neilluo/workspaces/full-stack/misskey/packages/backend/test/e2e/thread-mute.ts", "TypeScript", 0, 0, 39, 0, 0, 0, 0, 0, 0, 0, 0, 0, 0, 0, 0, 0, 0, 5, 16, 60
"/Users/neilluo/workspaces/full-stack/misskey/packages/backend/test/e2e/timelines.ts", "TypeScript", 0, 0, 968, 0, 0, 0, 0, 0, 0, 0, 0, 0, 0, 0, 0, 0, 0, 28, 463, 1459
"/Users/neilluo/workspaces/full-stack/misskey/packages/backend/test/e2e/user-notes.ts", "TypeScript", 0, 0, 36, 0, 0, 0, 0, 0, 0, 0, 0, 0, 0, 0, 0, 0, 0, 4, 7, 47
"/Users/neilluo/workspaces/full-stack/misskey/packages/backend/test/e2e/users.ts", "TypeScript", 0, 0, 776, 0, 0, 0, 0, 0, 0, 0, 0, 0, 0, 0, 0, 0, 0, 59, 59, 894
"/Users/neilluo/workspaces/full-stack/misskey/packages/backend/test/e2e/well-known.ts", "TypeScript", 0, 0, 84, 0, 0, 0, 0, 0, 0, 0, 0, 0, 0, 0, 0, 0, 0, 4, 16, 104
"/Users/neilluo/workspaces/full-stack/misskey/packages/backend/test/eslint.config.js", "JavaScript", 0, 0, 0, 0, 0, 0, 21, 0, 0, 0, 0, 0, 0, 0, 0, 0, 0, 0, 2, 23
"/Users/neilluo/workspaces/full-stack/misskey/packages/backend/test/global.d.ts", "TypeScript", 0, 0, 1, 0, 0, 0, 0, 0, 0, 0, 0, 0, 0, 0, 0, 0, 0, 5, 2, 8
"/Users/neilluo/workspaces/full-stack/misskey/packages/backend/test/jest.setup.ts", "TypeScript", 0, 0, 5, 0, 0, 0, 0, 0, 0, 0, 0, 0, 0, 0, 0, 0, 0, 4, 3, 12
"/Users/neilluo/workspaces/full-stack/misskey/packages/backend/test/misc/mock-resolver.ts", "TypeScript", 0, 0, 69, 0, 0, 0, 0, 0, 0, 0, 0, 0, 0, 0, 0, 0, 0, 4, 13, 86
"/Users/neilluo/workspaces/full-stack/misskey/packages/backend/test/prelude/get-api-validator.ts", "TypeScript", 0, 0, 9, 0, 0, 0, 0, 0, 0, 0, 0, 0, 0, 0, 0, 0, 0, 4, 4, 17
"/Users/neilluo/workspaces/full-stack/misskey/packages/backend/test/prelude/url.ts", "TypeScript", 0, 0, 12, 0, 0, 0, 0, 0, 0, 0, 0, 0, 0, 0, 0, 0, 0, 4, 3, 19
"/Users/neilluo/workspaces/full-stack/misskey/packages/backend/test/resources/image.svg", "XML", 0, 0, 0, 1, 0, 0, 0, 0, 0, 0, 0, 0, 0, 0, 0, 0, 0, 0, 1, 2
"/Users/neilluo/workspaces/full-stack/misskey/packages/backend/test/resources/misskey.svg", "XML", 0, 0, 0, 7, 0, 0, 0, 0, 0, 0, 0, 0, 0, 0, 0, 0, 0, 0, 1, 8
"/Users/neilluo/workspaces/full-stack/misskey/packages/backend/test/resources/with-xml-def.svg", "XML", 0, 0, 0, 2, 0, 0, 0, 0, 0, 0, 0, 0, 0, 0, 0, 0, 0, 0, 1, 3
"/Users/neilluo/workspaces/full-stack/misskey/packages/backend/test/tsconfig.json", "JSON with Comments", 0, 0, 0, 0, 0, 0, 0, 45, 0, 0, 0, 0, 0, 0, 0, 0, 0, 0, 1, 46
"/Users/neilluo/workspaces/full-stack/misskey/packages/backend/test/unit/AbuseReportNotificationService.ts", "TypeScript", 0, 0, 317, 0, 0, 0, 0, 0, 0, 0, 0, 0, 0, 0, 0, 0, 0, 12, 65, 394
"/Users/neilluo/workspaces/full-stack/misskey/packages/backend/test/unit/AnnouncementService.ts", "TypeScript", 0, 0, 177, 0, 0, 0, 0, 0, 0, 0, 0, 0, 0, 0, 0, 0, 0, 5, 29, 211
"/Users/neilluo/workspaces/full-stack/misskey/packages/backend/test/unit/ApMfmService.ts", "TypeScript", 0, 0, 35, 0, 0, 0, 0, 0, 0, 0, 0, 0, 0, 0, 0, 0, 0, 4, 11, 50
"/Users/neilluo/workspaces/full-stack/misskey/packages/backend/test/unit/CaptchaService.ts", "TypeScript", 0, 0, 543, 0, 0, 0, 0, 0, 0, 0, 0, 0, 0, 0, 0, 0, 0, 5, 75, 623
"/Users/neilluo/workspaces/full-stack/misskey/packages/backend/test/unit/CustomEmojiService.ts", "TypeScript", 0, 0, 677, 0, 0, 0, 0, 0, 0, 0, 0, 0, 0, 0, 0, 0, 0, 5, 136, 818
"/Users/neilluo/workspaces/full-stack/misskey/packages/backend/test/unit/DriveService.ts", "TypeScript", 0, 0, 50, 0, 0, 0, 0, 0, 0, 0, 0, 0, 0, 0, 0, 0, 0, 5, 13, 68
"/Users/neilluo/workspaces/full-stack/misskey/packages/backend/test/unit/FetchInstanceMetadataService.ts", "TypeScript", 0, 0, 116, 0, 0, 0, 0, 0, 0, 0, 0, 0, 0, 0, 0, 0, 0, 4, 17, 137
"/Users/neilluo/workspaces/full-stack/misskey/packages/backend/test/unit/FileInfoService.ts", "TypeScript", 0, 0, 283, 0, 0, 0, 0, 0, 0, 0, 0, 0, 0, 0, 0, 0, 0, 9, 26, 318
"/Users/neilluo/workspaces/full-stack/misskey/packages/backend/test/unit/FlashService.ts", "TypeScript", 0, 0, 111, 0, 0, 0, 0, 0, 0, 0, 0, 0, 0, 0, 0, 0, 0, 10, 32, 153
"/Users/neilluo/workspaces/full-stack/misskey/packages/backend/test/unit/MetaService.ts", "TypeScript", 0, 0, 41, 0, 0, 0, 0, 0, 0, 0, 0, 0, 0, 0, 0, 0, 0, 5, 15, 61
"/Users/neilluo/workspaces/full-stack/misskey/packages/backend/test/unit/MfmService.ts", "TypeScript", 0, 0, 105, 0, 0, 0, 0, 0, 0, 0, 0, 0, 0, 0, 0, 0, 0, 4, 29, 138
"/Users/neilluo/workspaces/full-stack/misskey/packages/backend/test/unit/NoteCreateService.ts", "TypeScript", 0, 0, 126, 0, 0, 0, 0, 0, 0, 0, 0, 0, 0, 0, 0, 0, 0, 4, 15, 145
"/Users/neilluo/workspaces/full-stack/misskey/packages/backend/test/unit/ReactionService.ts", "TypeScript", 0, 0, 102, 0, 0, 0, 0, 0, 0, 0, 0, 0, 0, 0, 0, 0, 0, 4, 29, 135
"/Users/neilluo/workspaces/full-stack/misskey/packages/backend/test/unit/RelayService.ts", "TypeScript", 0, 0, 80, 0, 0, 0, 0, 0, 0, 0, 0, 0, 0, 0, 0, 0, 0, 6, 17, 103
"/Users/neilluo/workspaces/full-stack/misskey/packages/backend/test/unit/RoleService.ts", "TypeScript", 0, 0, 825, 0, 0, 0, 0, 0, 0, 0, 0, 0, 0, 0, 0, 0, 0, 13, 125, 963
"/Users/neilluo/workspaces/full-stack/misskey/packages/backend/test/unit/S3Service.ts", "TypeScript", 0, 0, 70, 0, 0, 0, 0, 0, 0, 0, 0, 0, 0, 0, 0, 0, 0, 4, 15, 89
"/Users/neilluo/workspaces/full-stack/misskey/packages/backend/test/unit/SigninWithPasskeyApiService.ts", "TypeScript", 0, 0, 161, 0, 0, 0, 0, 0, 0, 0, 0, 0, 0, 0, 0, 0, 0, 4, 18, 183
"/Users/neilluo/workspaces/full-stack/misskey/packages/backend/test/unit/SystemWebhookService.ts", "TypeScript", 0, 0, 451, 0, 0, 0, 0, 0, 0, 0, 0, 0, 0, 0, 0, 0, 0, 27, 79, 557
"/Users/neilluo/workspaces/full-stack/misskey/packages/backend/test/unit/UserSearchService.ts", "TypeScript", 0, 0, 203, 0, 0, 0, 0, 0, 0, 0, 0, 0, 0, 0, 0, 0, 0, 16, 47, 266
"/Users/neilluo/workspaces/full-stack/misskey/packages/backend/test/unit/UserWebhookService.ts", "TypeScript", 0, 0, 280, 0, 0, 0, 0, 0, 0, 0, 0, 0, 0, 0, 0, 0, 0, 9, 44, 333
"/Users/neilluo/workspaces/full-stack/misskey/packages/backend/test/unit/WebhookTestService.ts", "TypeScript", 0, 0, 182, 0, 0, 0, 0, 0, 0, 0, 0, 0, 0, 0, 0, 0, 0, 8, 42, 232
"/Users/neilluo/workspaces/full-stack/misskey/packages/backend/test/unit/activitypub.ts", "TypeScript", 0, 0, 391, 0, 0, 0, 0, 0, 0, 0, 0, 0, 0, 0, 0, 0, 0, 12, 78, 481
"/Users/neilluo/workspaces/full-stack/misskey/packages/backend/test/unit/ap-request.ts", "TypeScript", 0, 0, 145, 0, 0, 0, 0, 0, 0, 0, 0, 0, 0, 0, 0, 0, 0, 6, 21, 172
"/Users/neilluo/workspaces/full-stack/misskey/packages/backend/test/unit/chart.ts", "TypeScript", 0, 0, 446, 0, 0, 0, 0, 0, 0, 0, 0, 0, 0, 0, 0, 0, 0, 37, 99, 582
"/Users/neilluo/workspaces/full-stack/misskey/packages/backend/test/unit/entities/UserEntityService.ts", "TypeScript", 0, 0, 461, 0, 0, 0, 0, 0, 0, 0, 0, 0, 0, 0, 0, 0, 0, 29, 43, 533
"/Users/neilluo/workspaces/full-stack/misskey/packages/backend/test/unit/extract-mentions.ts", "TypeScript", 0, 0, 39, 0, 0, 0, 0, 0, 0, 0, 0, 0, 0, 0, 0, 0, 0, 4, 5, 48
"/Users/neilluo/workspaces/full-stack/misskey/packages/backend/test/unit/misc/check-word-mute.ts", "TypeScript", 0, 0, 48, 0, 0, 0, 0, 0, 0, 0, 0, 0, 0, 0, 0, 0, 0, 4, 3, 55
"/Users/neilluo/workspaces/full-stack/misskey/packages/backend/test/unit/misc/correct-filename.ts", "TypeScript", 0, 0, 42, 0, 0, 0, 0, 0, 0, 0, 0, 0, 0, 0, 0, 0, 0, 4, 3, 49
"/Users/neilluo/workspaces/full-stack/misskey/packages/backend/test/unit/misc/id.ts", "TypeScript", 0, 0, 46, 0, 0, 0, 0, 0, 0, 0, 0, 0, 0, 0, 0, 0, 0, 4, 8, 58
"/Users/neilluo/workspaces/full-stack/misskey/packages/backend/test/unit/misc/is-renote.ts", "TypeScript", 0, 0, 75, 0, 0, 0, 0, 0, 0, 0, 0, 0, 0, 0, 0, 0, 0, 4, 10, 89
"/Users/neilluo/workspaces/full-stack/misskey/packages/backend/test/unit/misc/loader.ts", "TypeScript", 0, 0, 82, 0, 0, 0, 0, 0, 0, 0, 0, 0, 0, 0, 0, 0, 0, 4, 8, 94
"/Users/neilluo/workspaces/full-stack/misskey/packages/backend/test/unit/misc/others.ts", "TypeScript", 0, 0, 13, 0, 0, 0, 0, 0, 0, 0, 0, 0, 0, 0, 0, 0, 0, 4, 3, 20
"/Users/neilluo/workspaces/full-stack/misskey/packages/backend/test/unit/queue/processors/CheckModeratorsActivityProcessorService.ts", "TypeScript", 0, 0, 293, 0, 0, 0, 0, 0, 0, 0, 0, 0, 0, 0, 0, 0, 0, 30, 61, 384
"/Users/neilluo/workspaces/full-stack/misskey/packages/backend/test/utils.ts", "TypeScript", 0, 0, 538, 0, 0, 0, 0, 0, 0, 0, 0, 0, 0, 0, 0, 0, 0, 71, 82, 691
"/Users/neilluo/workspaces/full-stack/misskey/packages/backend/tsconfig.json", "JSON with Comments", 0, 0, 0, 0, 0, 0, 0, 51, 0, 0, 0, 0, 0, 0, 0, 0, 0, 0, 1, 52
"/Users/neilluo/workspaces/full-stack/misskey/packages/frontend-embed/@types/global.d.ts", "TypeScript", 0, 0, 13, 0, 0, 0, 0, 0, 0, 0, 0, 0, 0, 0, 0, 0, 0, 6, 5, 24
"/Users/neilluo/workspaces/full-stack/misskey/packages/frontend-embed/@types/theme.d.ts", "TypeScript", 0, 0, 5, 0, 0, 0, 0, 0, 0, 0, 0, 0, 0, 0, 0, 0, 0, 4, 4, 13
"/Users/neilluo/workspaces/full-stack/misskey/packages/frontend-embed/eslint.config.js", "JavaScript", 0, 0, 0, 0, 0, 0, 89, 0, 0, 0, 0, 0, 0, 0, 0, 0, 0, 4, 4, 97
"/Users/neilluo/workspaces/full-stack/misskey/packages/frontend-embed/package.json", "JSON", 0, 0, 0, 0, 0, 70, 0, 0, 0, 0, 0, 0, 0, 0, 0, 0, 0, 0, 1, 71
"/Users/neilluo/workspaces/full-stack/misskey/packages/frontend-embed/src/boot.ts", "TypeScript", 0, 0, 130, 0, 0, 0, 0, 0, 0, 0, 0, 0, 0, 0, 0, 0, 0, 19, 31, 180
"/Users/neilluo/workspaces/full-stack/misskey/packages/frontend-embed/src/components/EmA.vue", "vue", 0, 0, 0, 0, 0, 0, 0, 0, 0, 0, 0, 0, 0, 14, 0, 0, 0, 4, 4, 22
"/Users/neilluo/workspaces/full-stack/misskey/packages/frontend-embed/src/components/EmAcct.vue", "vue", 0, 0, 0, 0, 0, 0, 0, 0, 0, 0, 0, 0, 0, 16, 0, 0, 0, 4, 5, 25
"/Users/neilluo/workspaces/full-stack/misskey/packages/frontend-embed/src/components/EmAvatar.vue", "vue", 0, 0, 0, 0, 0, 0, 0, 0, 0, 0, 0, 0, 0, 213, 0, 0, 0, 4, 34, 251
"/Users/neilluo/workspaces/full-stack/misskey/packages/frontend-embed/src/components/EmCustomEmoji.vue", "vue", 0, 0, 0, 0, 0, 0, 0, 0, 0, 0, 0, 0, 0, 80, 0, 0, 0, 4, 16, 100
"/Users/neilluo/workspaces/full-stack/misskey/packages/frontend-embed/src/components/EmEmoji.vue", "vue", 0, 0, 0, 0, 0, 0, 0, 0, 0, 0, 0, 0, 0, 17, 0, 0, 0, 4, 6, 27
"/Users/neilluo/workspaces/full-stack/misskey/packages/frontend-embed/src/components/EmError.vue", "vue", 0, 0, 0, 0, 0, 0, 0, 0, 0, 0, 0, 0, 0, 32, 0, 0, 0, 4, 8, 44
"/Users/neilluo/workspaces/full-stack/misskey/packages/frontend-embed/src/components/EmImgWithBlurhash.vue", "vue", 0, 0, 0, 0, 0, 0, 0, 0, 0, 0, 0, 0, 0, 202, 0, 0, 0, 4, 33, 239
"/Users/neilluo/workspaces/full-stack/misskey/packages/frontend-embed/src/components/EmInstanceTicker.vue", "vue", 0, 0, 0, 0, 0, 0, 0, 0, 0, 0, 0, 0, 0, 70, 0, 0, 0, 4, 14, 88
"/Users/neilluo/workspaces/full-stack/misskey/packages/frontend-embed/src/components/EmLink.vue", "vue", 0, 0, 0, 0, 0, 0, 0, 0, 0, 0, 0, 0, 0, 29, 0, 0, 0, 4, 8, 41
"/Users/neilluo/workspaces/full-stack/misskey/packages/frontend-embed/src/components/EmLoading.vue", "vue", 0, 0, 0, 0, 0, 0, 0, 0, 0, 0, 0, 0, 0, 93, 0, 0, 0, 4, 16, 113
"/Users/neilluo/workspaces/full-stack/misskey/packages/frontend-embed/src/components/EmMediaBanner.vue", "vue", 0, 0, 0, 0, 0, 0, 0, 0, 0, 0, 0, 0, 0, 44, 0, 0, 0, 4, 8, 56
"/Users/neilluo/workspaces/full-stack/misskey/packages/frontend-embed/src/components/EmMediaImage.vue", "vue", 0, 0, 0, 0, 0, 0, 0, 0, 0, 0, 0, 0, 0, 142, 0, 0, 0, 4, 17, 163
"/Users/neilluo/workspaces/full-stack/misskey/packages/frontend-embed/src/components/EmMediaList.vue", "vue", 0, 0, 0, 0, 0, 0, 0, 0, 0, 0, 0, 0, 0, 118, 0, 0, 0, 4, 25, 147
"/Users/neilluo/workspaces/full-stack/misskey/packages/frontend-embed/src/components/EmMediaVideo.vue", "vue", 0, 0, 0, 0, 0, 0, 0, 0, 0, 0, 0, 0, 0, 51, 0, 0, 0, 4, 10, 65
"/Users/neilluo/workspaces/full-stack/misskey/packages/frontend-embed/src/components/EmMention.vue", "vue", 0, 0, 0, 0, 0, 0, 0, 0, 0, 0, 0, 0, 0, 34, 0, 0, 0, 4, 9, 47
"/Users/neilluo/workspaces/full-stack/misskey/packages/frontend-embed/src/components/EmMfm.ts", "TypeScript", 0, 0, 402, 0, 0, 0, 0, 0, 0, 0, 0, 0, 0, 0, 0, 0, 0, 16, 36, 454
"/Users/neilluo/workspaces/full-stack/misskey/packages/frontend-embed/src/components/EmNote.vue", "vue", 0, 0, 0, 0, 0, 0, 0, 0, 0, 0, 0, 0, 0, 520, 0, 0, 0, 6, 80, 606
"/Users/neilluo/workspaces/full-stack/misskey/packages/frontend-embed/src/components/EmNoteDetailed.vue", "vue", 0, 0, 0, 0, 0, 0, 0, 0, 0, 0, 0, 0, 0, 427, 0, 0, 0, 4, 60, 491
"/Users/neilluo/workspaces/full-stack/misskey/packages/frontend-embed/src/components/EmNoteHeader.vue", "vue", 0, 0, 0, 0, 0, 0, 0, 0, 0, 0, 0, 0, 0, 88, 0, 0, 0, 4, 13, 105
"/Users/neilluo/workspaces/full-stack/misskey/packages/frontend-embed/src/components/EmNoteSimple.vue", "vue", 0, 0, 0, 0, 0, 0, 0, 0, 0, 0, 0, 0, 0, 89, 0, 0, 0, 4, 14, 107
"/Users/neilluo/workspaces/full-stack/misskey/packages/frontend-embed/src/components/EmNoteSub.vue", "vue", 0, 0, 0, 0, 0, 0, 0, 0, 0, 0, 0, 0, 0, 127, 0, 0, 0, 4, 21, 152
"/Users/neilluo/workspaces/full-stack/misskey/packages/frontend-embed/src/components/EmNotes.vue", "vue", 0, 0, 0, 0, 0, 0, 0, 0, 0, 0, 0, 0, 0, 42, 0, 0, 0, 4, 9, 55
"/Users/neilluo/workspaces/full-stack/misskey/packages/frontend-embed/src/components/EmPagination.vue", "vue", 0, 0, 0, 0, 0, 0, 0, 0, 0, 0, 0, 0, 0, 424, 0, 0, 0, 4, 75, 503
"/Users/neilluo/workspaces/full-stack/misskey/packages/frontend-embed/src/components/EmPoll.vue", "vue", 0, 0, 0, 0, 0, 0, 0, 0, 0, 0, 0, 0, 0, 68, 0, 0, 0, 4, 11, 83
"/Users/neilluo/workspaces/full-stack/misskey/packages/frontend-embed/src/components/EmReactionIcon.vue", "vue", 0, 0, 0, 0, 0, 0, 0, 0, 0, 0, 0, 0, 0, 15, 0, 0, 0, 4, 5, 24
"/Users/neilluo/workspaces/full-stack/misskey/packages/frontend-embed/src/components/EmReactionsViewer.reaction.vue", "vue", 0, 0, 0, 0, 0, 0, 0, 0, 0, 0, 0, 0, 0, 79, 0, 0, 0, 4, 17, 100
"/Users/neilluo/workspaces/full-stack/misskey/packages/frontend-embed/src/components/EmReactionsViewer.vue", "vue", 0, 0, 0, 0, 0, 0, 0, 0, 0, 0, 0, 0, 0, 74, 0, 0, 0, 4, 17, 95
"/Users/neilluo/workspaces/full-stack/misskey/packages/frontend-embed/src/components/EmSubNoteContent.vue", "vue", 0, 0, 0, 0, 0, 0, 0, 0, 0, 0, 0, 0, 0, 96, 0, 0, 0, 4, 15, 115
"/Users/neilluo/workspaces/full-stack/misskey/packages/frontend-embed/src/components/EmTime.vue", "vue", 0, 0, 0, 0, 0, 0, 0, 0, 0, 0, 0, 0, 0, 89, 0, 0, 0, 4, 15, 108
"/Users/neilluo/workspaces/full-stack/misskey/packages/frontend-embed/src/components/EmTimelineContainer.vue", "vue", 0, 0, 0, 0, 0, 0, 0, 0, 0, 0, 0, 0, 0, 30, 0, 0, 0, 4, 6, 40
"/Users/neilluo/workspaces/full-stack/misskey/packages/frontend-embed/src/components/EmUrl.vue", "vue", 0, 0, 0, 0, 0, 0, 0, 0, 0, 0, 0, 0, 0, 78, 0, 0, 0, 4, 15, 97
"/Users/neilluo/workspaces/full-stack/misskey/packages/frontend-embed/src/components/EmUserName.vue", "vue", 0, 0, 0, 0, 0, 0, 0, 0, 0, 0, 0, 0, 0, 14, 0, 0, 0, 4, 4, 22
"/Users/neilluo/workspaces/full-stack/misskey/packages/frontend-embed/src/components/I18n.vue", "vue", 0, 0, 0, 0, 0, 0, 0, 0, 0, 0, 0, 0, 0, 38, 0, 0, 0, 4, 10, 52
"/Users/neilluo/workspaces/full-stack/misskey/packages/frontend-embed/src/custom-emojis.ts", "TypeScript", 0, 0, 47, 0, 0, 0, 0, 0, 0, 0, 0, 0, 0, 0, 0, 0, 0, 4, 11, 62
"/Users/neilluo/workspaces/full-stack/misskey/packages/frontend-embed/src/di.ts", "TypeScript", 0, 0, 11, 0, 0, 0, 0, 0, 0, 0, 0, 0, 0, 0, 0, 0, 0, 4, 3, 18
"/Users/neilluo/workspaces/full-stack/misskey/packages/frontend-embed/src/i18n.ts", "TypeScript", 0, 0, 8, 0, 0, 0, 0, 0, 0, 0, 0, 0, 0, 0, 0, 0, 0, 4, 4, 16
"/Users/neilluo/workspaces/full-stack/misskey/packages/frontend-embed/src/misskey-api.ts", "TypeScript", 0, 0, 76, 0, 0, 0, 0, 0, 0, 0, 0, 0, 0, 0, 0, 0, 0, 8, 16, 100
"/Users/neilluo/workspaces/full-stack/misskey/packages/frontend-embed/src/pages/clip.vue", "vue", 0, 0, 0, 0, 0, 0, 0, 0, 0, 0, 0, 0, 0, 121, 0, 0, 0, 4, 19, 144
"/Users/neilluo/workspaces/full-stack/misskey/packages/frontend-embed/src/pages/not-found.vue", "vue", 0, 0, 0, 0, 0, 0, 0, 0, 0, 0, 0, 0, 0, 16, 0, 0, 0, 4, 5, 25
"/Users/neilluo/workspaces/full-stack/misskey/packages/frontend-embed/src/pages/note.vue", "vue", 0, 0, 0, 0, 0, 0, 0, 0, 0, 0, 0, 0, 0, 39, 0, 0, 0, 4, 10, 53
"/Users/neilluo/workspaces/full-stack/misskey/packages/frontend-embed/src/pages/tag.vue", "vue", 0, 0, 0, 0, 0, 0, 0, 0, 0, 0, 0, 0, 0, 107, 0, 0, 0, 4, 16, 127
"/Users/neilluo/workspaces/full-stack/misskey/packages/frontend-embed/src/pages/user-timeline.vue", "vue", 0, 0, 0, 0, 0, 0, 0, 0, 0, 0, 0, 0, 0, 133, 0, 0, 0, 4, 22, 159
"/Users/neilluo/workspaces/full-stack/misskey/packages/frontend-embed/src/post-message.ts", "TypeScript", 0, 0, 34, 0, 0, 0, 0, 0, 0, 0, 0, 0, 0, 0, 0, 0, 0, 7, 9, 50
"/Users/neilluo/workspaces/full-stack/misskey/packages/frontend-embed/src/server-context.ts", "TypeScript", 0, 0, 12, 0, 0, 0, 0, 0, 0, 0, 0, 0, 0, 0, 0, 0, 0, 5, 5, 22
"/Users/neilluo/workspaces/full-stack/misskey/packages/frontend-embed/src/server-metadata.ts", "TypeScript", 0, 0, 7, 0, 0, 0, 0, 0, 0, 0, 0, 0, 0, 0, 0, 0, 0, 5, 5, 17
"/Users/neilluo/workspaces/full-stack/misskey/packages/frontend-embed/src/style.scss", "SCSS", 0, 0, 0, 0, 0, 0, 0, 0, 0, 0, 0, 0, 0, 0, 364, 0, 0, 14, 76, 454
"/Users/neilluo/workspaces/full-stack/misskey/packages/frontend-embed/src/theme.ts", "TypeScript", 0, 0, 82, 0, 0, 0, 0, 0, 0, 0, 0, 0, 0, 0, 0, 0, 0, 7, 25, 114
"/Users/neilluo/workspaces/full-stack/misskey/packages/frontend-embed/src/ui.vue", "vue", 0, 0, 0, 0, 0, 0, 0, 0, 0, 0, 0, 0, 0, 94, 0, 0, 0, 4, 13, 111
"/Users/neilluo/workspaces/full-stack/misskey/packages/frontend-embed/src/utils.ts", "TypeScript", 0, 0, 14, 0, 0, 0, 0, 0, 0, 0, 0, 0, 0, 0, 0, 0, 0, 4, 6, 24
"/Users/neilluo/workspaces/full-stack/misskey/packages/frontend-embed/src/workers/draw-blurhash.ts", "TypeScript", 0, 0, 13, 0, 0, 0, 0, 0, 0, 0, 0, 0, 0, 0, 0, 0, 0, 5, 5, 23
"/Users/neilluo/workspaces/full-stack/misskey/packages/frontend-embed/src/workers/test-webgl2.ts", "TypeScript", 0, 0, 7, 0, 0, 0, 0, 0, 0, 0, 0, 0, 0, 0, 0, 0, 0, 6, 2, 15
"/Users/neilluo/workspaces/full-stack/misskey/packages/frontend-embed/src/workers/tsconfig.json", "JSON with Comments", 0, 0, 0, 0, 0, 0, 0, 5, 0, 0, 0, 0, 0, 0, 0, 0, 0, 0, 1, 6
"/Users/neilluo/workspaces/full-stack/misskey/packages/frontend-embed/tsconfig.json", "JSON with Comments", 0, 0, 0, 0, 0, 0, 0, 55, 0, 0, 0, 0, 0, 0, 0, 0, 0, 0, 1, 56
"/Users/neilluo/workspaces/full-stack/misskey/packages/frontend-embed/vite.config.ts", "TypeScript", 0, 0, 142, 0, 0, 0, 0, 0, 0, 0, 0, 0, 0, 0, 0, 0, 0, 9, 23, 174
"/Users/neilluo/workspaces/full-stack/misskey/packages/frontend-embed/vite.json5.ts", "TypeScript", 0, 0, 38, 0, 0, 0, 0, 0, 0, 0, 0, 0, 0, 0, 0, 0, 0, 4, 7, 49
"/Users/neilluo/workspaces/full-stack/misskey/packages/frontend-embed/vue-shims.d.ts", "TypeScript", 0, 0, 5, 0, 0, 0, 0, 0, 0, 0, 0, 0, 0, 0, 0, 0, 0, 1, 1, 7
"/Users/neilluo/workspaces/full-stack/misskey/packages/frontend-shared/@types/global.d.ts", "TypeScript", 0, 0, 13, 0, 0, 0, 0, 0, 0, 0, 0, 0, 0, 0, 0, 0, 0, 8, 5, 26
"/Users/neilluo/workspaces/full-stack/misskey/packages/frontend-shared/build.js", "JavaScript", 0, 0, 0, 0, 0, 0, 92, 0, 0, 0, 0, 0, 0, 0, 0, 0, 0, 2, 17, 111
"/Users/neilluo/workspaces/full-stack/misskey/packages/frontend-shared/eslint.config.js", "JavaScript", 0, 0, 0, 0, 0, 0, 99, 0, 0, 0, 0, 0, 0, 0, 0, 0, 0, 7, 4, 110
"/Users/neilluo/workspaces/full-stack/misskey/packages/frontend-shared/js/collapsed.ts", "TypeScript", 0, 0, 15, 0, 0, 0, 0, 0, 0, 0, 0, 0, 0, 0, 0, 0, 0, 4, 4, 23
"/Users/neilluo/workspaces/full-stack/misskey/packages/frontend-shared/js/config.ts", "TypeScript", 0, 0, 20, 0, 0, 0, 0, 0, 0, 0, 0, 0, 0, 0, 0, 0, 0, 5, 5, 30
"/Users/neilluo/workspaces/full-stack/misskey/packages/frontend-shared/js/const.ts", "TypeScript", 0, 0, 114, 0, 0, 0, 0, 0, 0, 0, 0, 0, 0, 0, 0, 0, 0, 17, 12, 143
"/Users/neilluo/workspaces/full-stack/misskey/packages/frontend-shared/js/embed-page.ts", "TypeScript", 0, 0, 67, 0, 0, 0, 0, 0, 0, 0, 0, 0, 0, 0, 0, 0, 0, 17, 14, 98
"/Users/neilluo/workspaces/full-stack/misskey/packages/frontend-shared/js/emoji-base.ts", "TypeScript", 0, 0, 17, 0, 0, 0, 0, 0, 0, 0, 0, 0, 0, 0, 0, 0, 0, 5, 4, 26
"/Users/neilluo/workspaces/full-stack/misskey/packages/frontend-shared/js/emojilist.json", "JSON", 0, 0, 0, 0, 0, 1805, 0, 0, 0, 0, 0, 0, 0, 0, 0, 0, 0, 0, 1, 1806
"/Users/neilluo/workspaces/full-stack/misskey/packages/frontend-shared/js/emojilist.ts", "TypeScript", 0, 0, 48, 0, 0, 0, 0, 0, 0, 0, 0, 0, 0, 0, 0, 0, 0, 13, 13, 74
"/Users/neilluo/workspaces/full-stack/misskey/packages/frontend-shared/js/extract-avg-color-from-blurhash.ts", "TypeScript", 0, 0, 9, 0, 0, 0, 0, 0, 0, 0, 0, 0, 0, 0, 0, 0, 0, 4, 2, 15
"/Users/neilluo/workspaces/full-stack/misskey/packages/frontend-shared/js/i18n.ts", "TypeScript", 0, 0, 176, 0, 0, 0, 0, 0, 0, 0, 0, 0, 0, 0, 0, 0, 0, 15, 62, 253
"/Users/neilluo/workspaces/full-stack/misskey/packages/frontend-shared/js/intl-const.ts", "TypeScript", 0, 0, 36, 0, 0, 0, 0, 0, 0, 0, 0, 0, 0, 0, 0, 0, 0, 7, 9, 52
"/Users/neilluo/workspaces/full-stack/misskey/packages/frontend-shared/js/is-link.ts", "TypeScript", 0, 0, 7, 0, 0, 0, 0, 0, 0, 0, 0, 0, 0, 0, 0, 0, 0, 4, 2, 13
"/Users/neilluo/workspaces/full-stack/misskey/packages/frontend-shared/js/media-proxy.ts", "TypeScript", 0, 0, 45, 0, 0, 0, 0, 0, 0, 0, 0, 0, 0, 0, 0, 0, 0, 7, 12, 64
"/Users/neilluo/workspaces/full-stack/misskey/packages/frontend-shared/js/scroll.ts", "TypeScript", 0, 0, 109, 0, 0, 0, 0, 0, 0, 0, 0, 0, 0, 0, 0, 0, 0, 21, 23, 153
"/Users/neilluo/workspaces/full-stack/misskey/packages/frontend-shared/js/url.ts", "TypeScript", 0, 0, 15, 0, 0, 0, 0, 0, 0, 0, 0, 0, 0, 0, 0, 0, 0, 9, 5, 29
"/Users/neilluo/workspaces/full-stack/misskey/packages/frontend-shared/js/use-document-visibility.ts", "TypeScript", 0, 0, 15, 0, 0, 0, 0, 0, 0, 0, 0, 0, 0, 0, 0, 0, 0, 4, 7, 26
"/Users/neilluo/workspaces/full-stack/misskey/packages/frontend-shared/js/use-interval.ts", "TypeScript", 0, 0, 33, 0, 0, 0, 0, 0, 0, 0, 0, 0, 0, 0, 0, 0, 0, 4, 10, 47
"/Users/neilluo/workspaces/full-stack/misskey/packages/frontend-shared/js/worker-multi-dispatch.ts", "TypeScript", 0, 0, 63, 0, 0, 0, 0, 0, 0, 0, 0, 0, 0, 0, 0, 0, 0, 9, 15, 87
"/Users/neilluo/workspaces/full-stack/misskey/packages/frontend-shared/package.json", "JSON", 0, 0, 0, 0, 0, 40, 0, 0, 0, 0, 0, 0, 0, 0, 0, 0, 0, 0, 1, 41
"/Users/neilluo/workspaces/full-stack/misskey/packages/frontend-shared/tsconfig.json", "JSON with Comments", 0, 0, 0, 0, 0, 0, 0, 42, 0, 0, 0, 0, 0, 0, 0, 0, 0, 0, 1, 43
"/Users/neilluo/workspaces/full-stack/misskey/packages/frontend/.storybook/changes.ts", "TypeScript", 0, 0, 79, 0, 0, 0, 0, 0, 0, 0, 0, 0, 0, 0, 0, 0, 0, 4, 5, 88
"/Users/neilluo/workspaces/full-stack/misskey/packages/frontend/.storybook/charts.ts", "TypeScript", 0, 0, 42, 0, 0, 0, 0, 0, 0, 0, 0, 0, 0, 0, 0, 0, 0, 4, 4, 50
"/Users/neilluo/workspaces/full-stack/misskey/packages/frontend/.storybook/fake-utils.ts", "TypeScript", 0, 0, 115, 0, 0, 0, 0, 0, 0, 0, 0, 0, 0, 0, 0, 0, 0, 14, 26, 155
"/Users/neilluo/workspaces/full-stack/misskey/packages/frontend/.storybook/fakes.ts", "TypeScript", 0, 0, 366, 0, 0, 0, 0, 0, 0, 0, 0, 0, 0, 0, 0, 0, 0, 4, 25, 395
"/Users/neilluo/workspaces/full-stack/misskey/packages/frontend/.storybook/generate.tsx", "TypeScript JSX", 0, 0, 0, 0, 0, 0, 0, 0, 0, 0, 0, 0, 0, 0, 0, 457, 0, 8, 14, 479
"/Users/neilluo/workspaces/full-stack/misskey/packages/frontend/.storybook/main.ts", "TypeScript", 0, 0, 58, 0, 0, 0, 0, 0, 0, 0, 0, 0, 0, 0, 0, 0, 0, 6, 7, 71
"/Users/neilluo/workspaces/full-stack/misskey/packages/frontend/.storybook/manager.ts", "TypeScript", 0, 0, 11, 0, 0, 0, 0, 0, 0, 0, 0, 0, 0, 0, 0, 0, 0, 4, 3, 18
"/Users/neilluo/workspaces/full-stack/misskey/packages/frontend/.storybook/mocks.ts", "TypeScript", 0, 0, 37, 0, 0, 0, 0, 0, 0, 0, 0, 0, 0, 0, 0, 0, 0, 4, 4, 45
"/Users/neilluo/workspaces/full-stack/misskey/packages/frontend/.storybook/package.json", "JSON", 0, 0, 0, 0, 0, 3, 0, 0, 0, 0, 0, 0, 0, 0, 0, 0, 0, 0, 1, 4
"/Users/neilluo/workspaces/full-stack/misskey/packages/frontend/.storybook/preload-locale.ts", "TypeScript", 0, 0, 7, 0, 0, 0, 0, 0, 0, 0, 0, 0, 0, 0, 0, 0, 0, 4, 3, 14
"/Users/neilluo/workspaces/full-stack/misskey/packages/frontend/.storybook/preload-theme.ts", "TypeScript", 0, 0, 36, 0, 0, 0, 0, 0, 0, 0, 0, 0, 0, 0, 0, 0, 0, 4, 4, 44
"/Users/neilluo/workspaces/full-stack/misskey/packages/frontend/.storybook/preview-head.html", "HTML", 0, 0, 0, 0, 0, 0, 0, 0, 0, 0, 0, 12, 0, 0, 0, 0, 0, 4, 2, 18
"/Users/neilluo/workspaces/full-stack/misskey/packages/frontend/.storybook/preview.ts", "TypeScript", 0, 0, 137, 0, 0, 0, 0, 0, 0, 0, 0, 0, 0, 0, 0, 0, 0, 5, 9, 151
"/Users/neilluo/workspaces/full-stack/misskey/packages/frontend/.storybook/tsconfig.json", "JSON with Comments", 0, 0, 0, 0, 0, 0, 0, 30, 0, 0, 0, 0, 0, 0, 0, 0, 0, 0, 1, 31
"/Users/neilluo/workspaces/full-stack/misskey/packages/frontend/@types/global.d.ts", "TypeScript", 0, 0, 13, 0, 0, 0, 0, 0, 0, 0, 0, 0, 0, 0, 0, 0, 0, 6, 5, 24
"/Users/neilluo/workspaces/full-stack/misskey/packages/frontend/@types/theme.d.ts", "TypeScript", 0, 0, 5, 0, 0, 0, 0, 0, 0, 0, 0, 0, 0, 0, 0, 0, 0, 4, 4, 13
"/Users/neilluo/workspaces/full-stack/misskey/packages/frontend/assets/drop-and-fusion/drop-arrow.svg", "XML", 0, 0, 0, 6, 0, 0, 0, 0, 0, 0, 0, 0, 0, 0, 0, 0, 0, 0, 1, 7
"/Users/neilluo/workspaces/full-stack/misskey/packages/frontend/assets/drop-and-fusion/frame-dark.svg", "XML", 0, 0, 0, 28, 0, 0, 0, 0, 0, 0, 0, 0, 0, 0, 0, 0, 0, 0, 1, 29
"/Users/neilluo/workspaces/full-stack/misskey/packages/frontend/assets/drop-and-fusion/frame-light.svg", "XML", 0, 0, 0, 28, 0, 0, 0, 0, 0, 0, 0, 0, 0, 0, 0, 0, 0, 0, 1, 29
"/Users/neilluo/workspaces/full-stack/misskey/packages/frontend/assets/drop-and-fusion/sweets_monos/candy_color.svg", "XML", 0, 0, 0, 86, 0, 0, 0, 0, 0, 0, 0, 0, 0, 0, 0, 0, 0, 0, 1, 87
"/Users/neilluo/workspaces/full-stack/misskey/packages/frontend/assets/drop-and-fusion/sweets_monos/chocolate_bar_color.svg", "XML", 0, 0, 0, 316, 0, 0, 0, 0, 0, 0, 0, 0, 0, 0, 0, 0, 0, 0, 1, 317
"/Users/neilluo/workspaces/full-stack/misskey/packages/frontend/assets/drop-and-fusion/sweets_monos/cookie_color.svg", "XML", 0, 0, 0, 116, 0, 0, 0, 0, 0, 0, 0, 0, 0, 0, 0, 0, 0, 0, 1, 117
"/Users/neilluo/workspaces/full-stack/misskey/packages/frontend/assets/drop-and-fusion/sweets_monos/custard_color.svg", "XML", 0, 0, 0, 22, 0, 0, 0, 0, 0, 0, 0, 0, 0, 0, 0, 0, 0, 0, 1, 23
"/Users/neilluo/workspaces/full-stack/misskey/packages/frontend/assets/drop-and-fusion/sweets_monos/doughnut_color.svg", "XML", 0, 0, 0, 272, 0, 0, 0, 0, 0, 0, 0, 0, 0, 0, 0, 0, 0, 0, 1, 273
"/Users/neilluo/workspaces/full-stack/misskey/packages/frontend/assets/drop-and-fusion/sweets_monos/lollipop_color.svg", "XML", 0, 0, 0, 112, 0, 0, 0, 0, 0, 0, 0, 0, 0, 0, 0, 0, 0, 0, 1, 113
"/Users/neilluo/workspaces/full-stack/misskey/packages/frontend/assets/drop-and-fusion/sweets_monos/pancakes_color.svg", "XML", 0, 0, 0, 92, 0, 0, 0, 0, 0, 0, 0, 0, 0, 0, 0, 0, 0, 0, 1, 93
"/Users/neilluo/workspaces/full-stack/misskey/packages/frontend/assets/drop-and-fusion/sweets_monos/shaved_ice_color.svg", "XML", 0, 0, 0, 161, 0, 0, 0, 0, 0, 0, 0, 0, 0, 0, 0, 0, 0, 0, 1, 162
"/Users/neilluo/workspaces/full-stack/misskey/packages/frontend/assets/drop-and-fusion/sweets_monos/shortcake_color.svg", "XML", 0, 0, 0, 48, 0, 0, 0, 0, 0, 0, 0, 0, 0, 0, 0, 0, 0, 0, 1, 49
"/Users/neilluo/workspaces/full-stack/misskey/packages/frontend/assets/drop-and-fusion/sweets_monos/soft_ice_cream_color.svg", "XML", 0, 0, 0, 140, 0, 0, 0, 0, 0, 0, 0, 0, 0, 0, 0, 0, 0, 0, 1, 141
"/Users/neilluo/workspaces/full-stack/misskey/packages/frontend/assets/drop-and-fusion/sweets_monos/verts/candy_color.svg", "XML", 0, 0, 0, 5, 0, 0, 0, 0, 0, 0, 0, 0, 0, 0, 0, 0, 0, 0, 1, 6
"/Users/neilluo/workspaces/full-stack/misskey/packages/frontend/assets/drop-and-fusion/sweets_monos/verts/chocolate_bar_color.svg", "XML", 0, 0, 0, 5, 0, 0, 0, 0, 0, 0, 0, 0, 0, 0, 0, 0, 0, 0, 1, 6
"/Users/neilluo/workspaces/full-stack/misskey/packages/frontend/assets/drop-and-fusion/sweets_monos/verts/custard_color.svg", "XML", 0, 0, 0, 5, 0, 0, 0, 0, 0, 0, 0, 0, 0, 0, 0, 0, 0, 0, 1, 6
"/Users/neilluo/workspaces/full-stack/misskey/packages/frontend/assets/drop-and-fusion/sweets_monos/verts/doughnut_color.svg", "XML", 0, 0, 0, 5, 0, 0, 0, 0, 0, 0, 0, 0, 0, 0, 0, 0, 0, 0, 1, 6
"/Users/neilluo/workspaces/full-stack/misskey/packages/frontend/assets/drop-and-fusion/sweets_monos/verts/lollipop_color.svg", "XML", 0, 0, 0, 5, 0, 0, 0, 0, 0, 0, 0, 0, 0, 0, 0, 0, 0, 0, 1, 6
"/Users/neilluo/workspaces/full-stack/misskey/packages/frontend/assets/drop-and-fusion/sweets_monos/verts/pancakes_color.svg", "XML", 0, 0, 0, 5, 0, 0, 0, 0, 0, 0, 0, 0, 0, 0, 0, 0, 0, 0, 1, 6
"/Users/neilluo/workspaces/full-stack/misskey/packages/frontend/assets/drop-and-fusion/sweets_monos/verts/shaved_ice_color.svg", "XML", 0, 0, 0, 5, 0, 0, 0, 0, 0, 0, 0, 0, 0, 0, 0, 0, 0, 0, 1, 6
"/Users/neilluo/workspaces/full-stack/misskey/packages/frontend/assets/drop-and-fusion/sweets_monos/verts/shortcake_color.svg", "XML", 0, 0, 0, 5, 0, 0, 0, 0, 0, 0, 0, 0, 0, 0, 0, 0, 0, 0, 1, 6
"/Users/neilluo/workspaces/full-stack/misskey/packages/frontend/assets/drop-and-fusion/sweets_monos/verts/soft_ice_cream_color.svg", "XML", 0, 0, 0, 5, 0, 0, 0, 0, 0, 0, 0, 0, 0, 0, 0, 0, 0, 0, 1, 6
"/Users/neilluo/workspaces/full-stack/misskey/packages/frontend/assets/label-red.svg", "XML", 0, 0, 0, 6, 0, 0, 0, 0, 0, 0, 0, 0, 0, 0, 0, 0, 0, 0, 1, 7
"/Users/neilluo/workspaces/full-stack/misskey/packages/frontend/assets/label.svg", "XML", 0, 0, 0, 6, 0, 0, 0, 0, 0, 0, 0, 0, 0, 0, 0, 0, 0, 0, 1, 7
"/Users/neilluo/workspaces/full-stack/misskey/packages/frontend/assets/misskey.svg", "XML", 0, 0, 0, 7, 0, 0, 0, 0, 0, 0, 0, 0, 0, 0, 0, 0, 0, 0, 1, 8
"/Users/neilluo/workspaces/full-stack/misskey/packages/frontend/assets/tagcanvas.min.js", "JavaScript", 0, 0, 0, 0, 0, 0, 1, 0, 0, 0, 0, 0, 0, 0, 0, 0, 0, 20, 1, 22
"/Users/neilluo/workspaces/full-stack/misskey/packages/frontend/assets/unread.svg", "XML", 0, 0, 0, 6, 0, 0, 0, 0, 0, 0, 0, 0, 0, 0, 0, 0, 0, 1, 1, 8
"/Users/neilluo/workspaces/full-stack/misskey/packages/frontend/eslint.config.js", "JavaScript", 0, 0, 0, 0, 0, 0, 141, 0, 0, 0, 0, 0, 0, 0, 0, 0, 0, 16, 4, 161
"/Users/neilluo/workspaces/full-stack/misskey/packages/frontend/lib/rollup-plugin-unwind-css-module-class-name.test.ts", "TypeScript", 0, 0, 581, 0, 0, 0, 0, 0, 0, 0, 0, 0, 0, 0, 0, 0, 0, 4, 15, 600
"/Users/neilluo/workspaces/full-stack/misskey/packages/frontend/lib/rollup-plugin-unwind-css-module-class-name.ts", "TypeScript", 0, 0, 272, 0, 0, 0, 0, 0, 0, 0, 0, 0, 0, 0, 0, 0, 0, 205, 7, 484
"/Users/neilluo/workspaces/full-stack/misskey/packages/frontend/lib/vite-plugin-create-search-index.ts", "TypeScript", 0, 0, 569, 0, 0, 0, 0, 0, 0, 0, 0, 0, 0, 0, 0, 0, 0, 79, 109, 757
"/Users/neilluo/workspaces/full-stack/misskey/packages/frontend/package.json", "JSON", 0, 0, 0, 0, 0, 147, 0, 0, 0, 0, 0, 0, 0, 0, 0, 0, 0, 0, 1, 148
"/Users/neilluo/workspaces/full-stack/misskey/packages/frontend/public/mockServiceWorker.js", "JavaScript", 0, 0, 0, 0, 0, 0, 208, 0, 0, 0, 0, 0, 0, 0, 0, 0, 0, 47, 54, 309
"/Users/neilluo/workspaces/full-stack/misskey/packages/frontend/src/_boot_.ts", "TypeScript", 0, 0, 11, 0, 0, 0, 0, 0, 0, 0, 0, 0, 0, 0, 0, 0, 0, 5, 6, 22
"/Users/neilluo/workspaces/full-stack/misskey/packages/frontend/src/accounts.ts", "TypeScript", 0, 0, 293, 0, 0, 0, 0, 0, 0, 0, 0, 0, 0, 0, 0, 0, 0, 16, 31, 340
"/Users/neilluo/workspaces/full-stack/misskey/packages/frontend/src/aiscript/api.ts", "TypeScript", 0, 0, 104, 0, 0, 0, 0, 0, 0, 0, 0, 0, 0, 0, 0, 0, 0, 17, 5, 126
"/Users/neilluo/workspaces/full-stack/misskey/packages/frontend/src/aiscript/common.ts", "TypeScript", 0, 0, 10, 0, 0, 0, 0, 0, 0, 0, 0, 0, 0, 0, 0, 0, 0, 4, 3, 17
"/Users/neilluo/workspaces/full-stack/misskey/packages/frontend/src/aiscript/ui.ts", "TypeScript", 0, 0, 559, 0, 0, 0, 0, 0, 0, 0, 0, 0, 0, 0, 0, 0, 0, 7, 90, 656
"/Users/neilluo/workspaces/full-stack/misskey/packages/frontend/src/analytics.ts", "TypeScript", 0, 0, 77, 0, 0, 0, 0, 0, 0, 0, 0, 0, 0, 0, 0, 0, 0, 9, 22, 108
"/Users/neilluo/workspaces/full-stack/misskey/packages/frontend/src/boot/common.ts", "TypeScript", 0, 0, 265, 0, 0, 0, 0, 0, 0, 0, 0, 0, 0, 0, 0, 0, 0, 51, 63, 379
"/Users/neilluo/workspaces/full-stack/misskey/packages/frontend/src/boot/main-boot.ts", "TypeScript", 0, 0, 330, 0, 0, 0, 0, 0, 0, 0, 0, 0, 0, 0, 0, 0, 0, 28, 56, 414
"/Users/neilluo/workspaces/full-stack/misskey/packages/frontend/src/boot/sub-boot.ts", "TypeScript", 0, 0, 8, 0, 0, 0, 0, 0, 0, 0, 0, 0, 0, 0, 0, 0, 0, 4, 4, 16
"/Users/neilluo/workspaces/full-stack/misskey/packages/frontend/src/cache.ts", "TypeScript", 0, 0, 8, 0, 0, 0, 0, 0, 0, 0, 0, 0, 0, 0, 0, 0, 0, 4, 3, 15
"/Users/neilluo/workspaces/full-stack/misskey/packages/frontend/src/components/MkAbuseReport.vue", "vue", 0, 0, 0, 0, 0, 0, 0, 0, 0, 0, 0, 0, 0, 130, 0, 0, 0, 4, 20, 154
"/Users/neilluo/workspaces/full-stack/misskey/packages/frontend/src/components/MkAbuseReportWindow.stories.impl.ts", "TypeScript", 0, 0, 48, 0, 0, 0, 0, 0, 0, 0, 0, 0, 0, 0, 0, 0, 0, 5, 2, 55
"/Users/neilluo/workspaces/full-stack/misskey/packages/frontend/src/components/MkAbuseReportWindow.vue", "vue", 0, 0, 0, 0, 0, 0, 0, 0, 0, 0, 0, 0, 0, 61, 0, 0, 0, 4, 8, 73
"/Users/neilluo/workspaces/full-stack/misskey/packages/frontend/src/components/MkAccountMoved.stories.impl.ts", "TypeScript", 0, 0, 43, 0, 0, 0, 0, 0, 0, 0, 0, 0, 0, 0, 0, 0, 0, 5, 2, 50
"/Users/neilluo/workspaces/full-stack/misskey/packages/frontend/src/components/MkAccountMoved.vue", "vue", 0, 0, 0, 0, 0, 0, 0, 0, 0, 0, 0, 0, 0, 32, 0, 0, 0, 4, 8, 44
"/Users/neilluo/workspaces/full-stack/misskey/packages/frontend/src/components/MkAchievements.stories.impl.ts", "TypeScript", 0, 0, 55, 0, 0, 0, 0, 0, 0, 0, 0, 0, 0, 0, 0, 0, 0, 5, 2, 62
"/Users/neilluo/workspaces/full-stack/misskey/packages/frontend/src/components/MkAchievements.vue", "vue", 0, 0, 0, 0, 0, 0, 0, 0, 0, 0, 0, 0, 0, 209, 0, 0, 0, 4, 28, 241
"/Users/neilluo/workspaces/full-stack/misskey/packages/frontend/src/components/MkAnalogClock.stories.impl.ts", "TypeScript", 0, 0, 36, 0, 0, 0, 0, 0, 0, 0, 0, 0, 0, 0, 0, 0, 0, 5, 2, 43
"/Users/neilluo/workspaces/full-stack/misskey/packages/frontend/src/components/MkAnalogClock.vue", "vue", 0, 0, 0, 0, 0, 0, 0, 0, 0, 0, 0, 0, 0, 201, 0, 0, 0, 15, 22, 238
"/Users/neilluo/workspaces/full-stack/misskey/packages/frontend/src/components/MkAnimBg.vue", "vue", 0, 0, 0, 0, 0, 0, 0, 0, 0, 0, 0, 0, 0, 208, 0, 0, 0, 4, 59, 271
"/Users/neilluo/workspaces/full-stack/misskey/packages/frontend/src/components/MkAnnouncementDialog.stories.impl.ts", "TypeScript", 0, 0, 59, 0, 0, 0, 0, 0, 0, 0, 0, 0, 0, 0, 0, 0, 0, 5, 2, 66
"/Users/neilluo/workspaces/full-stack/misskey/packages/frontend/src/components/MkAnnouncementDialog.vue", "vue", 0, 0, 0, 0, 0, 0, 0, 0, 0, 0, 0, 0, 0, 89, 0, 0, 0, 4, 14, 107
"/Users/neilluo/workspaces/full-stack/misskey/packages/frontend/src/components/MkAntennaEditor.stories.impl.ts", "TypeScript", 0, 0, 56, 0, 0, 0, 0, 0, 0, 0, 0, 0, 0, 0, 0, 0, 0, 5, 2, 63
"/Users/neilluo/workspaces/full-stack/misskey/packages/frontend/src/components/MkAntennaEditor.vue", "vue", 0, 0, 0, 0, 0, 0, 0, 0, 0, 0, 0, 0, 0, 157, 0, 0, 0, 6, 17, 180
"/Users/neilluo/workspaces/full-stack/misskey/packages/frontend/src/components/MkAntennaEditorDialog.stories.impl.ts", "TypeScript", 0, 0, 57, 0, 0, 0, 0, 0, 0, 0, 0, 0, 0, 0, 0, 0, 0, 5, 2, 64
"/Users/neilluo/workspaces/full-stack/misskey/packages/frontend/src/components/MkAntennaEditorDialog.vue", "vue", 0, 0, 0, 0, 0, 0, 0, 0, 0, 0, 0, 0, 0, 50, 0, 0, 0, 4, 10, 64
"/Users/neilluo/workspaces/full-stack/misskey/packages/frontend/src/components/MkAsUi.stories.impl.ts", "TypeScript", 0, 0, 2, 0, 0, 0, 0, 0, 0, 0, 0, 0, 0, 0, 0, 0, 0, 4, 2, 8
"/Users/neilluo/workspaces/full-stack/misskey/packages/frontend/src/components/MkAsUi.vue", "vue", 0, 0, 0, 0, 0, 0, 0, 0, 0, 0, 0, 0, 0, 156, 0, 0, 0, 4, 22, 182
"/Users/neilluo/workspaces/full-stack/misskey/packages/frontend/src/components/MkAuthConfirm.stories.impl.ts", "TypeScript", 0, 0, 2, 0, 0, 0, 0, 0, 0, 0, 0, 0, 0, 0, 0, 0, 0, 4, 2, 8
"/Users/neilluo/workspaces/full-stack/misskey/packages/frontend/src/components/MkAuthConfirm.vue", "vue", 0, 0, 0, 0, 0, 0, 0, 0, 0, 0, 0, 0, 0, 382, 0, 0, 0, 4, 64, 450
"/Users/neilluo/workspaces/full-stack/misskey/packages/frontend/src/components/MkAutocomplete.stories.impl.ts", "TypeScript", 0, 0, 173, 0, 0, 0, 0, 0, 0, 0, 0, 0, 0, 0, 0, 0, 0, 6, 2, 181
"/Users/neilluo/workspaces/full-stack/misskey/packages/frontend/src/components/MkAutocomplete.vue", "vue", 0, 0, 0, 0, 0, 0, 0, 0, 0, 0, 0, 0, 0, 404, 0, 0, 0, 5, 59, 468
"/Users/neilluo/workspaces/full-stack/misskey/packages/frontend/src/components/MkAvatars.stories.impl.ts", "TypeScript", 0, 0, 45, 0, 0, 0, 0, 0, 0, 0, 0, 0, 0, 0, 0, 0, 0, 5, 2, 52
"/Users/neilluo/workspaces/full-stack/misskey/packages/frontend/src/components/MkAvatars.vue", "vue", 0, 0, 0, 0, 0, 0, 0, 0, 0, 0, 0, 0, 0, 25, 0, 0, 0, 4, 6, 35
"/Users/neilluo/workspaces/full-stack/misskey/packages/frontend/src/components/MkButton.stories.impl.ts", "TypeScript", 0, 0, 77, 0, 0, 0, 0, 0, 0, 0, 0, 0, 0, 0, 0, 0, 0, 6, 2, 85
"/Users/neilluo/workspaces/full-stack/misskey/packages/frontend/src/components/MkButton.vue", "vue", 0, 0, 0, 0, 0, 0, 0, 0, 0, 0, 0, 0, 0, 253, 0, 0, 0, 4, 50, 307
"/Users/neilluo/workspaces/full-stack/misskey/packages/frontend/src/components/MkCaptcha.stories.impl.ts", "TypeScript", 0, 0, 2, 0, 0, 0, 0, 0, 0, 0, 0, 0, 0, 0, 0, 0, 0, 4, 2, 8
"/Users/neilluo/workspaces/full-stack/misskey/packages/frontend/src/components/MkCaptcha.vue", "vue", 0, 0, 0, 0, 0, 0, 0, 0, 0, 0, 0, 0, 0, 196, 0, 0, 0, 4, 32, 232
"/Users/neilluo/workspaces/full-stack/misskey/packages/frontend/src/components/MkChannelFollowButton.stories.impl.ts", "TypeScript", 0, 0, 62, 0, 0, 0, 0, 0, 0, 0, 0, 0, 0, 0, 0, 0, 0, 4, 4, 70
"/Users/neilluo/workspaces/full-stack/misskey/packages/frontend/src/components/MkChannelFollowButton.vue", "vue", 0, 0, 0, 0, 0, 0, 0, 0, 0, 0, 0, 0, 0, 104, 0, 0, 0, 4, 18, 126
"/Users/neilluo/workspaces/full-stack/misskey/packages/frontend/src/components/MkChannelList.stories.impl.ts", "TypeScript", 0, 0, 57, 0, 0, 0, 0, 0, 0, 0, 0, 0, 0, 0, 0, 0, 0, 7, 2, 66
"/Users/neilluo/workspaces/full-stack/misskey/packages/frontend/src/components/MkChannelList.vue", "vue", 0, 0, 0, 0, 0, 0, 0, 0, 0, 0, 0, 0, 0, 27, 0, 0, 0, 4, 5, 36
"/Users/neilluo/workspaces/full-stack/misskey/packages/frontend/src/components/MkChannelPreview.stories.impl.ts", "TypeScript", 0, 0, 36, 0, 0, 0, 0, 0, 0, 0, 0, 0, 0, 0, 0, 0, 0, 6, 2, 44
"/Users/neilluo/workspaces/full-stack/misskey/packages/frontend/src/components/MkChannelPreview.vue", "vue", 0, 0, 0, 0, 0, 0, 0, 0, 0, 0, 0, 0, 0, 192, 0, 0, 0, 4, 32, 228
"/Users/neilluo/workspaces/full-stack/misskey/packages/frontend/src/components/MkChart.stories.impl.ts", "TypeScript", 0, 0, 72, 0, 0, 0, 0, 0, 0, 0, 0, 0, 0, 0, 0, 0, 0, 6, 3, 81
"/Users/neilluo/workspaces/full-stack/misskey/packages/frontend/src/components/MkChart.vue", "vue", 0, 0, 0, 0, 0, 0, 0, 0, 0, 0, 0, 0, 0, 817, 0, 0, 0, 4, 49, 870
"/Users/neilluo/workspaces/full-stack/misskey/packages/frontend/src/components/MkChartLegend.stories.impl.ts", "TypeScript", 0, 0, 2, 0, 0, 0, 0, 0, 0, 0, 0, 0, 0, 0, 0, 0, 0, 4, 2, 8
"/Users/neilluo/workspaces/full-stack/misskey/packages/frontend/src/components/MkChartLegend.vue", "vue", 0, 0, 0, 0, 0, 0, 0, 0, 0, 0, 0, 0, 0, 70, 0, 0, 0, 4, 13, 87
"/Users/neilluo/workspaces/full-stack/misskey/packages/frontend/src/components/MkChartTooltip.stories.impl.ts", "TypeScript", 0, 0, 2, 0, 0, 0, 0, 0, 0, 0, 0, 0, 0, 0, 0, 0, 0, 4, 2, 8
"/Users/neilluo/workspaces/full-stack/misskey/packages/frontend/src/components/MkChartTooltip.vue", "vue", 0, 0, 0, 0, 0, 0, 0, 0, 0, 0, 0, 0, 0, 44, 0, 0, 0, 4, 7, 55
"/Users/neilluo/workspaces/full-stack/misskey/packages/frontend/src/components/MkClickerGame.stories.impl.ts", "TypeScript", 0, 0, 68, 0, 0, 0, 0, 0, 0, 0, 0, 0, 0, 0, 0, 0, 0, 4, 4, 76
"/Users/neilluo/workspaces/full-stack/misskey/packages/frontend/src/components/MkClickerGame.vue", "vue", 0, 0, 0, 0, 0, 0, 0, 0, 0, 0, 0, 0, 0, 79, 0, 0, 0, 4, 15, 98
"/Users/neilluo/workspaces/full-stack/misskey/packages/frontend/src/components/MkClipPreview.stories.impl.ts", "TypeScript", 0, 0, 37, 0, 0, 0, 0, 0, 0, 0, 0, 0, 0, 0, 0, 0, 0, 6, 2, 45
"/Users/neilluo/workspaces/full-stack/misskey/packages/frontend/src/components/MkClipPreview.vue", "vue", 0, 0, 0, 0, 0, 0, 0, 0, 0, 0, 0, 0, 0, 63, 0, 0, 0, 4, 13, 80
"/Users/neilluo/workspaces/full-stack/misskey/packages/frontend/src/components/MkCode.core.stories.impl.ts", "TypeScript", 0, 0, 2, 0, 0, 0, 0, 0, 0, 0, 0, 0, 0, 0, 0, 0, 0, 4, 2, 8
"/Users/neilluo/workspaces/full-stack/misskey/packages/frontend/src/components/MkCode.core.vue", "vue", 0, 0, 0, 0, 0, 0, 0, 0, 0, 0, 0, 0, 0, 117, 0, 0, 0, 5, 21, 143
"/Users/neilluo/workspaces/full-stack/misskey/packages/frontend/src/components/MkCode.stories.impl.ts", "TypeScript", 0, 0, 37, 0, 0, 0, 0, 0, 0, 0, 0, 0, 0, 0, 0, 0, 0, 6, 2, 45
"/Users/neilluo/workspaces/full-stack/misskey/packages/frontend/src/components/MkCode.vue", "vue", 0, 0, 0, 0, 0, 0, 0, 0, 0, 0, 0, 0, 0, 86, 0, 0, 0, 4, 15, 105
"/Users/neilluo/workspaces/full-stack/misskey/packages/frontend/src/components/MkCodeEditor.stories.impl.ts", "TypeScript", 0, 0, 55, 0, 0, 0, 0, 0, 0, 0, 0, 0, 0, 0, 0, 0, 0, 6, 2, 63
"/Users/neilluo/workspaces/full-stack/misskey/packages/frontend/src/components/MkCodeEditor.vue", "vue", 0, 0, 0, 0, 0, 0, 0, 0, 0, 0, 0, 0, 0, 186, 0, 0, 0, 4, 27, 217
"/Users/neilluo/workspaces/full-stack/misskey/packages/frontend/src/components/MkCodeInline.stories.impl.ts", "TypeScript", 0, 0, 30, 0, 0, 0, 0, 0, 0, 0, 0, 0, 0, 0, 0, 0, 0, 6, 2, 38
"/Users/neilluo/workspaces/full-stack/misskey/packages/frontend/src/components/MkCodeInline.vue", "vue", 0, 0, 0, 0, 0, 0, 0, 0, 0, 0, 0, 0, 0, 18, 0, 0, 0, 4, 4, 26
"/Users/neilluo/workspaces/full-stack/misskey/packages/frontend/src/components/MkColorInput.stories.impl.ts", "TypeScript", 0, 0, 43, 0, 0, 0, 0, 0, 0, 0, 0, 0, 0, 0, 0, 0, 0, 6, 2, 51
"/Users/neilluo/workspaces/full-stack/misskey/packages/frontend/src/components/MkColorInput.vue", "vue", 0, 0, 0, 0, 0, 0, 0, 0, 0, 0, 0, 0, 0, 94, 0, 0, 0, 4, 17, 115
"/Users/neilluo/workspaces/full-stack/misskey/packages/frontend/src/components/MkContainer.stories.impl.ts", "TypeScript", 0, 0, 2, 0, 0, 0, 0, 0, 0, 0, 0, 0, 0, 0, 0, 0, 0, 4, 2, 8
"/Users/neilluo/workspaces/full-stack/misskey/packages/frontend/src/components/MkContainer.vue", "vue", 0, 0, 0, 0, 0, 0, 0, 0, 0, 0, 0, 0, 0, 229, 0, 0, 0, 4, 38, 271
"/Users/neilluo/workspaces/full-stack/misskey/packages/frontend/src/components/MkContextMenu.stories.impl.ts", "TypeScript", 0, 0, 51, 0, 0, 0, 0, 0, 0, 0, 0, 0, 0, 0, 0, 0, 0, 6, 2, 59
"/Users/neilluo/workspaces/full-stack/misskey/packages/frontend/src/components/MkContextMenu.vue", "vue", 0, 0, 0, 0, 0, 0, 0, 0, 0, 0, 0, 0, 0, 75, 0, 0, 0, 4, 20, 99
"/Users/neilluo/workspaces/full-stack/misskey/packages/frontend/src/components/MkCropperDialog.stories.impl.ts", "TypeScript", 0, 0, 67, 0, 0, 0, 0, 0, 0, 0, 0, 0, 0, 0, 0, 0, 0, 5, 2, 74
"/Users/neilluo/workspaces/full-stack/misskey/packages/frontend/src/components/MkCropperDialog.vue", "vue", 0, 0, 0, 0, 0, 0, 0, 0, 0, 0, 0, 0, 0, 163, 0, 0, 0, 4, 27, 194
"/Users/neilluo/workspaces/full-stack/misskey/packages/frontend/src/components/MkCustomEmojiDetailedDialog.stories.impl.ts", "TypeScript", 0, 0, 31, 0, 0, 0, 0, 0, 0, 0, 0, 0, 0, 0, 0, 0, 0, 6, 2, 39
"/Users/neilluo/workspaces/full-stack/misskey/packages/frontend/src/components/MkCustomEmojiDetailedDialog.vue", "vue", 0, 0, 0, 0, 0, 0, 0, 0, 0, 0, 0, 0, 0, 95, 0, 0, 0, 4, 10, 109
"/Users/neilluo/workspaces/full-stack/misskey/packages/frontend/src/components/MkCwButton.stories.impl.ts", "TypeScript", 0, 0, 70, 0, 0, 0, 0, 0, 0, 0, 0, 0, 0, 0, 0, 0, 0, 7, 3, 80
"/Users/neilluo/workspaces/full-stack/misskey/packages/frontend/src/components/MkCwButton.vue", "vue", 0, 0, 0, 0, 0, 0, 0, 0, 0, 0, 0, 0, 0, 43, 0, 0, 0, 4, 10, 57
"/Users/neilluo/workspaces/full-stack/misskey/packages/frontend/src/components/MkDateSeparatedList.stories.impl.ts", "TypeScript", 0, 0, 2, 0, 0, 0, 0, 0, 0, 0, 0, 0, 0, 0, 0, 0, 0, 4, 2, 8
"/Users/neilluo/workspaces/full-stack/misskey/packages/frontend/src/components/MkDateSeparatedList.vue", "vue", 0, 0, 0, 0, 0, 0, 0, 0, 0, 0, 0, 0, 0, 219, 0, 0, 0, 5, 33, 257
"/Users/neilluo/workspaces/full-stack/misskey/packages/frontend/src/components/MkDialog.stories.impl.ts", "TypeScript", 0, 0, 154, 0, 0, 0, 0, 0, 0, 0, 0, 0, 0, 0, 0, 0, 0, 4, 2, 160
"/Users/neilluo/workspaces/full-stack/misskey/packages/frontend/src/components/MkDialog.vue", "vue", 0, 0, 0, 0, 0, 0, 0, 0, 0, 0, 0, 0, 0, 208, 0, 0, 0, 4, 31, 243
"/Users/neilluo/workspaces/full-stack/misskey/packages/frontend/src/components/MkDigitalClock.stories.impl.ts", "TypeScript", 0, 0, 31, 0, 0, 0, 0, 0, 0, 0, 0, 0, 0, 0, 0, 0, 0, 5, 2, 38
"/Users/neilluo/workspaces/full-stack/misskey/packages/frontend/src/components/MkDigitalClock.vue", "vue", 0, 0, 0, 0, 0, 0, 0, 0, 0, 0, 0, 0, 0, 66, 0, 0, 0, 4, 12, 82
"/Users/neilluo/workspaces/full-stack/misskey/packages/frontend/src/components/MkDisableSection.vue", "vue", 0, 0, 0, 0, 0, 0, 0, 0, 0, 0, 0, 0, 0, 33, 0, 0, 0, 4, 6, 43
"/Users/neilluo/workspaces/full-stack/misskey/packages/frontend/src/components/MkDivider.stories.impl.ts", "TypeScript", 0, 0, 2, 0, 0, 0, 0, 0, 0, 0, 0, 0, 0, 0, 0, 0, 0, 4, 2, 8
"/Users/neilluo/workspaces/full-stack/misskey/packages/frontend/src/components/MkDivider.vue", "vue", 0, 0, 0, 0, 0, 0, 0, 0, 0, 0, 0, 0, 0, 25, 0, 0, 0, 4, 4, 33
"/Users/neilluo/workspaces/full-stack/misskey/packages/frontend/src/components/MkDonation.stories.impl.ts", "TypeScript", 0, 0, 47, 0, 0, 0, 0, 0, 0, 0, 0, 0, 0, 0, 0, 0, 0, 6, 2, 55
"/Users/neilluo/workspaces/full-stack/misskey/packages/frontend/src/components/MkDonation.vue", "vue", 0, 0, 0, 0, 0, 0, 0, 0, 0, 0, 0, 0, 0, 97, 0, 0, 0, 5, 13, 115
"/Users/neilluo/workspaces/full-stack/misskey/packages/frontend/src/components/MkDrive.file.stories.impl.ts", "TypeScript", 0, 0, 42, 0, 0, 0, 0, 0, 0, 0, 0, 0, 0, 0, 0, 0, 0, 5, 2, 49
"/Users/neilluo/workspaces/full-stack/misskey/packages/frontend/src/components/MkDrive.file.vue", "vue", 0, 0, 0, 0, 0, 0, 0, 0, 0, 0, 0, 0, 0, 210, 0, 0, 0, 4, 37, 251
"/Users/neilluo/workspaces/full-stack/misskey/packages/frontend/src/components/MkDrive.folder.stories.impl.ts", "TypeScript", 0, 0, 65, 0, 0, 0, 0, 0, 0, 0, 0, 0, 0, 0, 0, 0, 0, 4, 2, 71
"/Users/neilluo/workspaces/full-stack/misskey/packages/frontend/src/components/MkDrive.folder.vue", "vue", 0, 0, 0, 0, 0, 0, 0, 0, 0, 0, 0, 0, 0, 343, 0, 0, 0, 4, 45, 392
"/Users/neilluo/workspaces/full-stack/misskey/packages/frontend/src/components/MkDrive.navFolder.stories.impl.ts", "TypeScript", 0, 0, 2, 0, 0, 0, 0, 0, 0, 0, 0, 0, 0, 0, 0, 0, 0, 4, 2, 8
"/Users/neilluo/workspaces/full-stack/misskey/packages/frontend/src/components/MkDrive.navFolder.vue", "vue", 0, 0, 0, 0, 0, 0, 0, 0, 0, 0, 0, 0, 0, 119, 0, 0, 0, 4, 22, 145
"/Users/neilluo/workspaces/full-stack/misskey/packages/frontend/src/components/MkDrive.stories.impl.ts", "TypeScript", 0, 0, 76, 0, 0, 0, 0, 0, 0, 0, 0, 0, 0, 0, 0, 0, 0, 5, 2, 83
"/Users/neilluo/workspaces/full-stack/misskey/packages/frontend/src/components/MkDrive.vue", "vue", 0, 0, 0, 0, 0, 0, 0, 0, 0, 0, 0, 0, 0, 747, 0, 0, 0, 6, 102, 855
"/Users/neilluo/workspaces/full-stack/misskey/packages/frontend/src/components/MkDriveFileThumbnail.stories.impl.ts", "TypeScript", 0, 0, 35, 0, 0, 0, 0, 0, 0, 0, 0, 0, 0, 0, 0, 0, 0, 5, 2, 42
"/Users/neilluo/workspaces/full-stack/misskey/packages/frontend/src/components/MkDriveFileThumbnail.vue", "vue", 0, 0, 0, 0, 0, 0, 0, 0, 0, 0, 0, 0, 0, 103, 0, 0, 0, 4, 12, 119
"/Users/neilluo/workspaces/full-stack/misskey/packages/frontend/src/components/MkDriveSelectDialog.stories.impl.ts", "TypeScript", 0, 0, 2, 0, 0, 0, 0, 0, 0, 0, 0, 0, 0, 0, 0, 0, 0, 4, 2, 8
"/Users/neilluo/workspaces/full-stack/misskey/packages/frontend/src/components/MkDriveSelectDialog.vue", "vue", 0, 0, 0, 0, 0, 0, 0, 0, 0, 0, 0, 0, 0, 50, 0, 0, 0, 4, 10, 64
"/Users/neilluo/workspaces/full-stack/misskey/packages/frontend/src/components/MkDriveWindow.stories.impl.ts", "TypeScript", 0, 0, 2, 0, 0, 0, 0, 0, 0, 0, 0, 0, 0, 0, 0, 0, 0, 4, 2, 8
"/Users/neilluo/workspaces/full-stack/misskey/packages/frontend/src/components/MkDriveWindow.vue", "vue", 0, 0, 0, 0, 0, 0, 0, 0, 0, 0, 0, 0, 0, 27, 0, 0, 0, 4, 5, 36
"/Users/neilluo/workspaces/full-stack/misskey/packages/frontend/src/components/MkEmbedCodeGenDialog.vue", "vue", 0, 0, 0, 0, 0, 0, 0, 0, 0, 0, 0, 0, 0, 358, 0, 0, 0, 4, 52, 414
"/Users/neilluo/workspaces/full-stack/misskey/packages/frontend/src/components/MkEmojiPicker.section.stories.impl.ts", "TypeScript", 0, 0, 2, 0, 0, 0, 0, 0, 0, 0, 0, 0, 0, 0, 0, 0, 0, 4, 2, 8
"/Users/neilluo/workspaces/full-stack/misskey/packages/frontend/src/components/MkEmojiPicker.section.vue", "vue", 0, 0, 0, 0, 0, 0, 0, 0, 0, 0, 0, 0, 0, 83, 0, 0, 0, 7, 9, 99
"/Users/neilluo/workspaces/full-stack/misskey/packages/frontend/src/components/MkEmojiPicker.stories.impl.ts", "TypeScript", 0, 0, 49, 0, 0, 0, 0, 0, 0, 0, 0, 0, 0, 0, 0, 0, 0, 4, 2, 55
"/Users/neilluo/workspaces/full-stack/misskey/packages/frontend/src/components/MkEmojiPicker.vue", "vue", 0, 0, 0, 0, 0, 0, 0, 0, 0, 0, 0, 0, 0, 661, 0, 0, 0, 5, 108, 774
"/Users/neilluo/workspaces/full-stack/misskey/packages/frontend/src/components/MkEmojiPickerDialog.stories.impl.ts", "TypeScript", 0, 0, 2, 0, 0, 0, 0, 0, 0, 0, 0, 0, 0, 0, 0, 0, 0, 4, 2, 8
"/Users/neilluo/workspaces/full-stack/misskey/packages/frontend/src/components/MkEmojiPickerDialog.vue", "vue", 0, 0, 0, 0, 0, 0, 0, 0, 0, 0, 0, 0, 0, 81, 0, 0, 0, 4, 10, 95
"/Users/neilluo/workspaces/full-stack/misskey/packages/frontend/src/components/MkExtensionInstaller.stories.impl.ts", "TypeScript", 0, 0, 76, 0, 0, 0, 0, 0, 0, 0, 0, 0, 0, 0, 0, 0, 0, 4, 4, 84
"/Users/neilluo/workspaces/full-stack/misskey/packages/frontend/src/components/MkExtensionInstaller.vue", "vue", 0, 0, 0, 0, 0, 0, 0, 0, 0, 0, 0, 0, 0, 154, 0, 0, 0, 5, 22, 181
"/Users/neilluo/workspaces/full-stack/misskey/packages/frontend/src/components/MkFeatureBanner.vue", "vue", 0, 0, 0, 0, 0, 0, 0, 0, 0, 0, 0, 0, 0, 34, 0, 0, 0, 4, 6, 44
"/Users/neilluo/workspaces/full-stack/misskey/packages/frontend/src/components/MkFeaturedPhotos.vue", "vue", 0, 0, 0, 0, 0, 0, 0, 0, 0, 0, 0, 0, 0, 12, 0, 0, 0, 4, 4, 20
"/Users/neilluo/workspaces/full-stack/misskey/packages/frontend/src/components/MkFileCaptionEditWindow.vue", "vue", 0, 0, 0, 0, 0, 0, 0, 0, 0, 0, 0, 0, 0, 42, 0, 0, 0, 4, 8, 54
"/Users/neilluo/workspaces/full-stack/misskey/packages/frontend/src/components/MkFileListForAdmin.vue", "vue", 0, 0, 0, 0, 0, 0, 0, 0, 0, 0, 0, 0, 0, 101, 0, 0, 0, 4, 14, 119
"/Users/neilluo/workspaces/full-stack/misskey/packages/frontend/src/components/MkFlashPreview.stories.impl.ts", "TypeScript", 0, 0, 48, 0, 0, 0, 0, 0, 0, 0, 0, 0, 0, 0, 0, 0, 0, 4, 2, 54
"/Users/neilluo/workspaces/full-stack/misskey/packages/frontend/src/components/MkFlashPreview.vue", "vue", 0, 0, 0, 0, 0, 0, 0, 0, 0, 0, 0, 0, 0, 104, 0, 0, 0, 4, 25, 133
"/Users/neilluo/workspaces/full-stack/misskey/packages/frontend/src/components/MkFoldableSection.vue", "vue", 0, 0, 0, 0, 0, 0, 0, 0, 0, 0, 0, 0, 0, 116, 0, 0, 0, 4, 20, 140
"/Users/neilluo/workspaces/full-stack/misskey/packages/frontend/src/components/MkFolder.vue", "vue", 0, 0, 0, 0, 0, 0, 0, 0, 0, 0, 0, 0, 0, 213, 0, 0, 0, 4, 33, 250
"/Users/neilluo/workspaces/full-stack/misskey/packages/frontend/src/components/MkFollowButton.vue", "vue", 0, 0, 0, 0, 0, 0, 0, 0, 0, 0, 0, 0, 0, 197, 0, 0, 0, 5, 32, 234
"/Users/neilluo/workspaces/full-stack/misskey/packages/frontend/src/components/MkForgotPassword.vue", "vue", 0, 0, 0, 0, 0, 0, 0, 0, 0, 0, 0, 0, 0, 57, 0, 0, 0, 4, 11, 72
"/Users/neilluo/workspaces/full-stack/misskey/packages/frontend/src/components/MkFormDialog.file.vue", "vue", 0, 0, 0, 0, 0, 0, 0, 0, 0, 0, 0, 0, 0, 55, 0, 0, 0, 4, 13, 72
"/Users/neilluo/workspaces/full-stack/misskey/packages/frontend/src/components/MkFormDialog.vue", "vue", 0, 0, 0, 0, 0, 0, 0, 0, 0, 0, 0, 0, 0, 109, 0, 0, 0, 4, 10, 123
"/Users/neilluo/workspaces/full-stack/misskey/packages/frontend/src/components/MkFormFooter.vue", "vue", 0, 0, 0, 0, 0, 0, 0, 0, 0, 0, 0, 0, 0, 42, 0, 0, 0, 4, 7, 53
"/Users/neilluo/workspaces/full-stack/misskey/packages/frontend/src/components/MkFukidashi.vue", "vue", 0, 0, 0, 0, 0, 0, 0, 0, 0, 0, 0, 0, 0, 93, 0, 0, 0, 4, 17, 114
"/Users/neilluo/workspaces/full-stack/misskey/packages/frontend/src/components/MkGalleryPostPreview.stories.impl.ts", "TypeScript", 0, 0, 88, 0, 0, 0, 0, 0, 0, 0, 0, 0, 0, 0, 0, 0, 0, 6, 2, 96
"/Users/neilluo/workspaces/full-stack/misskey/packages/frontend/src/components/MkGalleryPostPreview.vue", "vue", 0, 0, 0, 0, 0, 0, 0, 0, 0, 0, 0, 0, 0, 137, 0, 0, 0, 4, 22, 163
"/Users/neilluo/workspaces/full-stack/misskey/packages/frontend/src/components/MkGoogle.vue", "vue", 0, 0, 0, 0, 0, 0, 0, 0, 0, 0, 0, 0, 0, 46, 0, 0, 0, 4, 10, 60
"/Users/neilluo/workspaces/full-stack/misskey/packages/frontend/src/components/MkHeatmap.vue", "vue", 0, 0, 0, 0, 0, 0, 0, 0, 0, 0, 0, 0, 0, 209, 0, 0, 0, 4, 27, 240
"/Users/neilluo/workspaces/full-stack/misskey/packages/frontend/src/components/MkHorizontalSwipe.vue", "vue", 0, 0, 0, 0, 0, 0, 0, 0, 0, 0, 0, 0, 0, 181, 0, 0, 0, 4, 54, 239
"/Users/neilluo/workspaces/full-stack/misskey/packages/frontend/src/components/MkImgPreviewDialog.stories.impl.ts", "TypeScript", 0, 0, 34, 0, 0, 0, 0, 0, 0, 0, 0, 0, 0, 0, 0, 0, 0, 5, 2, 41
"/Users/neilluo/workspaces/full-stack/misskey/packages/frontend/src/components/MkImgPreviewDialog.vue", "vue", 0, 0, 0, 0, 0, 0, 0, 0, 0, 0, 0, 0, 0, 47, 0, 0, 0, 4, 8, 59
"/Users/neilluo/workspaces/full-stack/misskey/packages/frontend/src/components/MkImgWithBlurhash.vue", "vue", 0, 0, 0, 0, 0, 0, 0, 0, 0, 0, 0, 0, 0, 254, 0, 0, 0, 4, 33, 291
"/Users/neilluo/workspaces/full-stack/misskey/packages/frontend/src/components/MkInfo.vue", "vue", 0, 0, 0, 0, 0, 0, 0, 0, 0, 0, 0, 0, 0, 45, 0, 0, 0, 4, 10, 59
"/Users/neilluo/workspaces/full-stack/misskey/packages/frontend/src/components/MkInput.vue", "vue", 0, 0, 0, 0, 0, 0, 0, 0, 0, 0, 0, 0, 0, 257, 0, 0, 0, 4, 36, 297
"/Users/neilluo/workspaces/full-stack/misskey/packages/frontend/src/components/MkInstanceCardMini.stories.impl.ts", "TypeScript", 0, 0, 57, 0, 0, 0, 0, 0, 0, 0, 0, 0, 0, 0, 0, 0, 0, 4, 4, 65
"/Users/neilluo/workspaces/full-stack/misskey/packages/frontend/src/components/MkInstanceCardMini.vue", "vue", 0, 0, 0, 0, 0, 0, 0, 0, 0, 0, 0, 0, 0, 96, 0, 0, 0, 4, 18, 118
"/Users/neilluo/workspaces/full-stack/misskey/packages/frontend/src/components/MkInstanceStats.vue", "vue", 0, 0, 0, 0, 0, 0, 0, 0, 0, 0, 0, 0, 0, 250, 0, 0, 0, 4, 29, 283
"/Users/neilluo/workspaces/full-stack/misskey/packages/frontend/src/components/MkInstanceTicker.vue", "vue", 0, 0, 0, 0, 0, 0, 0, 0, 0, 0, 0, 0, 0, 83, 0, 0, 0, 4, 11, 98
"/Users/neilluo/workspaces/full-stack/misskey/packages/frontend/src/components/MkInviteCode.stories.impl.ts", "TypeScript", 0, 0, 56, 0, 0, 0, 0, 0, 0, 0, 0, 0, 0, 0, 0, 0, 0, 5, 5, 66
"/Users/neilluo/workspaces/full-stack/misskey/packages/frontend/src/components/MkInviteCode.vue", "vue", 0, 0, 0, 0, 0, 0, 0, 0, 0, 0, 0, 0, 0, 108, 0, 0, 0, 4, 14, 126
"/Users/neilluo/workspaces/full-stack/misskey/packages/frontend/src/components/MkKeyValue.vue", "vue", 0, 0, 0, 0, 0, 0, 0, 0, 0, 0, 0, 0, 0, 50, 0, 0, 0, 4, 9, 63
"/Users/neilluo/workspaces/full-stack/misskey/packages/frontend/src/components/MkLaunchPad.vue", "vue", 0, 0, 0, 0, 0, 0, 0, 0, 0, 0, 0, 0, 0, 127, 0, 0, 0, 4, 21, 152
"/Users/neilluo/workspaces/full-stack/misskey/packages/frontend/src/components/MkLink.vue", "vue", 0, 0, 0, 0, 0, 0, 0, 0, 0, 0, 0, 0, 0, 45, 0, 0, 0, 4, 8, 57
"/Users/neilluo/workspaces/full-stack/misskey/packages/frontend/src/components/MkMarquee.vue", "vue", 0, 0, 0, 0, 0, 0, 0, 0, 0, 0, 0, 0, 0, 98, 0, 0, 0, 4, 11, 113
"/Users/neilluo/workspaces/full-stack/misskey/packages/frontend/src/components/MkMediaAudio.vue", "vue", 0, 0, 0, 0, 0, 0, 0, 0, 0, 0, 0, 0, 0, 482, 0, 0, 0, 4, 66, 552
"/Users/neilluo/workspaces/full-stack/misskey/packages/frontend/src/components/MkMediaBanner.vue", "vue", 0, 0, 0, 0, 0, 0, 0, 0, 0, 0, 0, 0, 0, 67, 0, 0, 0, 4, 12, 83
"/Users/neilluo/workspaces/full-stack/misskey/packages/frontend/src/components/MkMediaImage.vue", "vue", 0, 0, 0, 0, 0, 0, 0, 0, 0, 0, 0, 0, 0, 266, 0, 0, 0, 4, 34, 304
"/Users/neilluo/workspaces/full-stack/misskey/packages/frontend/src/components/MkMediaList.vue", "vue", 0, 0, 0, 0, 0, 0, 0, 0, 0, 0, 0, 0, 0, 294, 0, 0, 0, 4, 50, 348
"/Users/neilluo/workspaces/full-stack/misskey/packages/frontend/src/components/MkMediaRange.vue", "vue", 0, 0, 0, 0, 0, 0, 0, 0, 0, 0, 0, 0, 0, 128, 0, 0, 0, 5, 19, 152
"/Users/neilluo/workspaces/full-stack/misskey/packages/frontend/src/components/MkMediaVideo.vue", "vue", 0, 0, 0, 0, 0, 0, 0, 0, 0, 0, 0, 0, 0, 656, 0, 0, 0, 4, 85, 745
"/Users/neilluo/workspaces/full-stack/misskey/packages/frontend/src/components/MkMention.vue", "vue", 0, 0, 0, 0, 0, 0, 0, 0, 0, 0, 0, 0, 0, 56, 0, 0, 0, 4, 12, 72
"/Users/neilluo/workspaces/full-stack/misskey/packages/frontend/src/components/MkMenu.child.vue", "vue", 0, 0, 0, 0, 0, 0, 0, 0, 0, 0, 0, 0, 0, 73, 0, 0, 0, 4, 17, 94
"/Users/neilluo/workspaces/full-stack/misskey/packages/frontend/src/components/MkMenu.vue", "vue", 0, 0, 0, 0, 0, 0, 0, 0, 0, 0, 0, 0, 0, 624, 0, 0, 0, 4, 102, 730
"/Users/neilluo/workspaces/full-stack/misskey/packages/frontend/src/components/MkMiniChart.vue", "vue", 0, 0, 0, 0, 0, 0, 0, 0, 0, 0, 0, 0, 0, 63, 0, 0, 0, 4, 12, 79
"/Users/neilluo/workspaces/full-stack/misskey/packages/frontend/src/components/MkModal.vue", "vue", 0, 0, 0, 0, 0, 0, 0, 0, 0, 0, 0, 0, 0, 447, 0, 0, 0, 4, 69, 520
"/Users/neilluo/workspaces/full-stack/misskey/packages/frontend/src/components/MkModalWindow.vue", "vue", 0, 0, 0, 0, 0, 0, 0, 0, 0, 0, 0, 0, 0, 123, 0, 0, 0, 4, 23, 150
"/Users/neilluo/workspaces/full-stack/misskey/packages/frontend/src/components/MkNote.vue", "vue", 0, 0, 0, 0, 0, 0, 0, 0, 0, 0, 0, 0, 0, 973, 0, 0, 0, 8, 133, 1114
"/Users/neilluo/workspaces/full-stack/misskey/packages/frontend/src/components/MkNoteDetailed.vue", "vue", 0, 0, 0, 0, 0, 0, 0, 0, 0, 0, 0, 0, 0, 801, 0, 0, 0, 4, 103, 908
"/Users/neilluo/workspaces/full-stack/misskey/packages/frontend/src/components/MkNoteHeader.vue", "vue", 0, 0, 0, 0, 0, 0, 0, 0, 0, 0, 0, 0, 0, 93, 0, 0, 0, 4, 14, 111
"/Users/neilluo/workspaces/full-stack/misskey/packages/frontend/src/components/MkNoteMediaGrid.vue", "vue", 0, 0, 0, 0, 0, 0, 0, 0, 0, 0, 0, 0, 0, 94, 0, 0, 0, 4, 12, 110
"/Users/neilluo/workspaces/full-stack/misskey/packages/frontend/src/components/MkNotePreview.vue", "vue", 0, 0, 0, 0, 0, 0, 0, 0, 0, 0, 0, 0, 0, 84, 0, 0, 0, 4, 12, 100
"/Users/neilluo/workspaces/full-stack/misskey/packages/frontend/src/components/MkNoteSimple.vue", "vue", 0, 0, 0, 0, 0, 0, 0, 0, 0, 0, 0, 0, 0, 87, 0, 0, 0, 4, 14, 105
"/Users/neilluo/workspaces/full-stack/misskey/packages/frontend/src/components/MkNoteSub.vue", "vue", 0, 0, 0, 0, 0, 0, 0, 0, 0, 0, 0, 0, 0, 138, 0, 0, 0, 4, 22, 164
"/Users/neilluo/workspaces/full-stack/misskey/packages/frontend/src/components/MkNotes.vue", "vue", 0, 0, 0, 0, 0, 0, 0, 0, 0, 0, 0, 0, 0, 89, 0, 0, 0, 4, 15, 108
"/Users/neilluo/workspaces/full-stack/misskey/packages/frontend/src/components/MkNotification.vue", "vue", 0, 0, 0, 0, 0, 0, 0, 0, 0, 0, 0, 0, 0, 433, 0, 0, 0, 4, 50, 487
"/Users/neilluo/workspaces/full-stack/misskey/packages/frontend/src/components/MkNotificationSelectWindow.vue", "vue", 0, 0, 0, 0, 0, 0, 0, 0, 0, 0, 0, 0, 0, 63, 0, 0, 0, 4, 13, 80
"/Users/neilluo/workspaces/full-stack/misskey/packages/frontend/src/components/MkNotifications.vue", "vue", 0, 0, 0, 0, 0, 0, 0, 0, 0, 0, 0, 0, 0, 108, 0, 0, 0, 4, 17, 129
"/Users/neilluo/workspaces/full-stack/misskey/packages/frontend/src/components/MkNumber.vue", "vue", 0, 0, 0, 0, 0, 0, 0, 0, 0, 0, 0, 0, 0, 32, 0, 0, 0, 4, 8, 44
"/Users/neilluo/workspaces/full-stack/misskey/packages/frontend/src/components/MkNumberDiff.vue", "vue", 0, 0, 0, 0, 0, 0, 0, 0, 0, 0, 0, 0, 0, 26, 0, 0, 0, 4, 8, 38
"/Users/neilluo/workspaces/full-stack/misskey/packages/frontend/src/components/MkObjectView.value.vue", "vue", 0, 0, 0, 0, 0, 0, 0, 0, 0, 0, 0, 0, 0, 119, 0, 0, 0, 4, 27, 150
"/Users/neilluo/workspaces/full-stack/misskey/packages/frontend/src/components/MkObjectView.vue", "vue", 0, 0, 0, 0, 0, 0, 0, 0, 0, 0, 0, 0, 0, 12, 0, 0, 0, 4, 4, 20
"/Users/neilluo/workspaces/full-stack/misskey/packages/frontend/src/components/MkOmit.vue", "vue", 0, 0, 0, 0, 0, 0, 0, 0, 0, 0, 0, 0, 0, 67, 0, 0, 0, 4, 14, 85
"/Users/neilluo/workspaces/full-stack/misskey/packages/frontend/src/components/MkPagePreview.vue", "vue", 0, 0, 0, 0, 0, 0, 0, 0, 0, 0, 0, 0, 0, 144, 0, 0, 0, 4, 29, 177
"/Users/neilluo/workspaces/full-stack/misskey/packages/frontend/src/components/MkPageWindow.vue", "vue", 0, 0, 0, 0, 0, 0, 0, 0, 0, 0, 0, 0, 0, 171, 0, 0, 0, 4, 30, 205
"/Users/neilluo/workspaces/full-stack/misskey/packages/frontend/src/components/MkPagination.vue", "vue", 0, 0, 0, 0, 0, 0, 0, 0, 0, 0, 0, 0, 0, 430, 0, 0, 0, 4, 74, 508
"/Users/neilluo/workspaces/full-stack/misskey/packages/frontend/src/components/MkPagingButtons.vue", "vue", 0, 0, 0, 0, 0, 0, 0, 0, 0, 0, 0, 0, 0, 96, 0, 0, 0, 4, 25, 125
"/Users/neilluo/workspaces/full-stack/misskey/packages/frontend/src/components/MkPasswordDialog.vue", "vue", 0, 0, 0, 0, 0, 0, 0, 0, 0, 0, 0, 0, 0, 60, 0, 0, 0, 4, 13, 77
"/Users/neilluo/workspaces/full-stack/misskey/packages/frontend/src/components/MkPlusOneEffect.vue", "vue", 0, 0, 0, 0, 0, 0, 0, 0, 0, 0, 0, 0, 0, 63, 0, 0, 0, 4, 11, 78
"/Users/neilluo/workspaces/full-stack/misskey/packages/frontend/src/components/MkPolkadots.vue", "vue", 0, 0, 0, 0, 0, 0, 0, 0, 0, 0, 0, 0, 0, 29, 0, 0, 0, 4, 8, 41
"/Users/neilluo/workspaces/full-stack/misskey/packages/frontend/src/components/MkPoll.vue", "vue", 0, 0, 0, 0, 0, 0, 0, 0, 0, 0, 0, 0, 0, 130, 0, 0, 0, 4, 20, 154
"/Users/neilluo/workspaces/full-stack/misskey/packages/frontend/src/components/MkPollEditor.vue", "vue", 0, 0, 0, 0, 0, 0, 0, 0, 0, 0, 0, 0, 0, 191, 0, 0, 0, 4, 28, 223
"/Users/neilluo/workspaces/full-stack/misskey/packages/frontend/src/components/MkPopupMenu.vue", "vue", 0, 0, 0, 0, 0, 0, 0, 0, 0, 0, 0, 0, 0, 62, 0, 0, 0, 4, 15, 81
"/Users/neilluo/workspaces/full-stack/misskey/packages/frontend/src/components/MkPostForm.TextCounter.vue", "vue", 0, 0, 0, 0, 0, 0, 0, 0, 0, 0, 0, 0, 0, 78, 0, 0, 0, 4, 14, 96
"/Users/neilluo/workspaces/full-stack/misskey/packages/frontend/src/components/MkPostForm.vue", "vue", 0, 0, 0, 0, 0, 0, 0, 0, 0, 0, 0, 0, 0, 1300, 0, 0, 0, 5, 200, 1505
"/Users/neilluo/workspaces/full-stack/misskey/packages/frontend/src/components/MkPostFormAttaches.vue", "vue", 0, 0, 0, 0, 0, 0, 0, 0, 0, 0, 0, 0, 0, 232, 0, 0, 0, 4, 39, 275
"/Users/neilluo/workspaces/full-stack/misskey/packages/frontend/src/components/MkPostFormDialog.vue", "vue", 0, 0, 0, 0, 0, 0, 0, 0, 0, 0, 0, 0, 0, 51, 0, 0, 0, 4, 9, 64
"/Users/neilluo/workspaces/full-stack/misskey/packages/frontend/src/components/MkPreferenceContainer.vue", "vue", 0, 0, 0, 0, 0, 0, 0, 0, 0, 0, 0, 0, 0, 87, 0, 0, 0, 4, 13, 104
"/Users/neilluo/workspaces/full-stack/misskey/packages/frontend/src/components/MkPreview.vue", "vue", 0, 0, 0, 0, 0, 0, 0, 0, 0, 0, 0, 0, 0, 127, 0, 0, 0, 4, 20, 151
"/Users/neilluo/workspaces/full-stack/misskey/packages/frontend/src/components/MkPullToRefresh.vue", "vue", 0, 0, 0, 0, 0, 0, 0, 0, 0, 0, 0, 0, 0, 213, 0, 0, 0, 4, 47, 264
"/Users/neilluo/workspaces/full-stack/misskey/packages/frontend/src/components/MkPushNotificationAllowButton.vue", "vue", 0, 0, 0, 0, 0, 0, 0, 0, 0, 0, 0, 0, 0, 153, 0, 0, 0, 4, 23, 180
"/Users/neilluo/workspaces/full-stack/misskey/packages/frontend/src/components/MkRadio.vue", "vue", 0, 0, 0, 0, 0, 0, 0, 0, 0, 0, 0, 0, 0, 113, 0, 0, 0, 4, 18, 135
"/Users/neilluo/workspaces/full-stack/misskey/packages/frontend/src/components/MkRadios.vue", "vue", 0, 0, 0, 0, 0, 0, 0, 0, 0, 0, 0, 0, 0, 74, 0, 0, 0, 4, 11, 89
"/Users/neilluo/workspaces/full-stack/misskey/packages/frontend/src/components/MkRange.vue", "vue", 0, 0, 0, 0, 0, 0, 0, 0, 0, 0, 0, 0, 0, 263, 0, 0, 0, 4, 46, 313
"/Users/neilluo/workspaces/full-stack/misskey/packages/frontend/src/components/MkReactionEffect.vue", "vue", 0, 0, 0, 0, 0, 0, 0, 0, 0, 0, 0, 0, 0, 61, 0, 0, 0, 4, 11, 76
"/Users/neilluo/workspaces/full-stack/misskey/packages/frontend/src/components/MkReactionIcon.vue", "vue", 0, 0, 0, 0, 0, 0, 0, 0, 0, 0, 0, 0, 0, 27, 0, 0, 0, 4, 6, 37
"/Users/neilluo/workspaces/full-stack/misskey/packages/frontend/src/components/MkReactionTooltip.vue", "vue", 0, 0, 0, 0, 0, 0, 0, 0, 0, 0, 0, 0, 0, 37, 0, 0, 0, 4, 8, 49
"/Users/neilluo/workspaces/full-stack/misskey/packages/frontend/src/components/MkReactionsViewer.details.vue", "vue", 0, 0, 0, 0, 0, 0, 0, 0, 0, 0, 0, 0, 0, 86, 0, 0, 0, 4, 14, 104
"/Users/neilluo/workspaces/full-stack/misskey/packages/frontend/src/components/MkReactionsViewer.reaction.vue", "vue", 0, 0, 0, 0, 0, 0, 0, 0, 0, 0, 0, 0, 0, 208, 0, 0, 0, 4, 40, 252
"/Users/neilluo/workspaces/full-stack/misskey/packages/frontend/src/components/MkReactionsViewer.vue", "vue", 0, 0, 0, 0, 0, 0, 0, 0, 0, 0, 0, 0, 0, 91, 0, 0, 0, 4, 21, 116
"/Users/neilluo/workspaces/full-stack/misskey/packages/frontend/src/components/MkRemoteCaution.vue", "vue", 0, 0, 0, 0, 0, 0, 0, 0, 0, 0, 0, 0, 0, 23, 0, 0, 0, 4, 6, 33
"/Users/neilluo/workspaces/full-stack/misskey/packages/frontend/src/components/MkRemoteEmojiEditDialog.vue", "vue", 0, 0, 0, 0, 0, 0, 0, 0, 0, 0, 0, 0, 0, 114, 0, 0, 0, 4, 15, 133
"/Users/neilluo/workspaces/full-stack/misskey/packages/frontend/src/components/MkRetentionHeatmap.vue", "vue", 0, 0, 0, 0, 0, 0, 0, 0, 0, 0, 0, 0, 0, 183, 0, 0, 0, 4, 23, 210
"/Users/neilluo/workspaces/full-stack/misskey/packages/frontend/src/components/MkRetentionLineChart.vue", "vue", 0, 0, 0, 0, 0, 0, 0, 0, 0, 0, 0, 0, 0, 117, 0, 0, 0, 4, 14, 135
"/Users/neilluo/workspaces/full-stack/misskey/packages/frontend/src/components/MkRippleEffect.vue", "vue", 0, 0, 0, 0, 0, 0, 0, 0, 0, 0, 0, 0, 0, 110, 0, 0, 0, 4, 9, 123
"/Users/neilluo/workspaces/full-stack/misskey/packages/frontend/src/components/MkRolePreview.vue", "vue", 0, 0, 0, 0, 0, 0, 0, 0, 0, 0, 0, 0, 0, 76, 0, 0, 0, 4, 14, 94
"/Users/neilluo/workspaces/full-stack/misskey/packages/frontend/src/components/MkRoleSelectDialog.stories.impl.ts", "TypeScript", 0, 0, 93, 0, 0, 0, 0, 0, 0, 0, 0, 0, 0, 0, 0, 0, 0, 5, 9, 107
"/Users/neilluo/workspaces/full-stack/misskey/packages/frontend/src/components/MkRoleSelectDialog.vue", "vue", 0, 0, 0, 0, 0, 0, 0, 0, 0, 0, 0, 0, 0, 165, 0, 0, 0, 4, 32, 201
"/Users/neilluo/workspaces/full-stack/misskey/packages/frontend/src/components/MkSelect.vue", "vue", 0, 0, 0, 0, 0, 0, 0, 0, 0, 0, 0, 0, 0, 335, 0, 0, 0, 4, 45, 384
"/Users/neilluo/workspaces/full-stack/misskey/packages/frontend/src/components/MkSignin.input.vue", "vue", 0, 0, 0, 0, 0, 0, 0, 0, 0, 0, 0, 0, 0, 171, 0, 0, 0, 8, 28, 207
"/Users/neilluo/workspaces/full-stack/misskey/packages/frontend/src/components/MkSignin.passkey.vue", "vue", 0, 0, 0, 0, 0, 0, 0, 0, 0, 0, 0, 0, 0, 72, 0, 0, 0, 4, 17, 93
"/Users/neilluo/workspaces/full-stack/misskey/packages/frontend/src/components/MkSignin.password.vue", "vue", 0, 0, 0, 0, 0, 0, 0, 0, 0, 0, 0, 0, 0, 155, 0, 0, 0, 6, 28, 189
"/Users/neilluo/workspaces/full-stack/misskey/packages/frontend/src/components/MkSignin.totp.vue", "vue", 0, 0, 0, 0, 0, 0, 0, 0, 0, 0, 0, 0, 0, 57, 0, 0, 0, 5, 13, 75
"/Users/neilluo/workspaces/full-stack/misskey/packages/frontend/src/components/MkSignin.vue", "vue", 0, 0, 0, 0, 0, 0, 0, 0, 0, 0, 0, 0, 0, 366, 0, 0, 0, 8, 46, 420
"/Users/neilluo/workspaces/full-stack/misskey/packages/frontend/src/components/MkSigninDialog.vue", "vue", 0, 0, 0, 0, 0, 0, 0, 0, 0, 0, 0, 0, 0, 91, 0, 0, 0, 4, 13, 108
"/Users/neilluo/workspaces/full-stack/misskey/packages/frontend/src/components/MkSignupDialog.form.vue", "vue", 0, 0, 0, 0, 0, 0, 0, 0, 0, 0, 0, 0, 0, 292, 0, 0, 0, 4, 38, 334
"/Users/neilluo/workspaces/full-stack/misskey/packages/frontend/src/components/MkSignupDialog.rules.stories.impl.ts", "TypeScript", 0, 0, 91, 0, 0, 0, 0, 0, 0, 0, 0, 0, 0, 0, 0, 0, 0, 12, 2, 105
"/Users/neilluo/workspaces/full-stack/misskey/packages/frontend/src/components/MkSignupDialog.rules.vue", "vue", 0, 0, 0, 0, 0, 0, 0, 0, 0, 0, 0, 0, 0, 164, 0, 0, 0, 4, 27, 195
"/Users/neilluo/workspaces/full-stack/misskey/packages/frontend/src/components/MkSignupDialog.vue", "vue", 0, 0, 0, 0, 0, 0, 0, 0, 0, 0, 0, 0, 0, 72, 0, 0, 0, 4, 12, 88
"/Users/neilluo/workspaces/full-stack/misskey/packages/frontend/src/components/MkSortOrderEditor.define.ts", "TypeScript", 0, 0, 5, 0, 0, 0, 0, 0, 0, 0, 0, 0, 0, 0, 0, 0, 0, 4, 3, 12
"/Users/neilluo/workspaces/full-stack/misskey/packages/frontend/src/components/MkSortOrderEditor.vue", "vue", 0, 0, 0, 0, 0, 0, 0, 0, 0, 0, 0, 0, 0, 99, 0, 0, 0, 4, 16, 119
"/Users/neilluo/workspaces/full-stack/misskey/packages/frontend/src/components/MkSourceCodeAvailablePopup.vue", "vue", 0, 0, 0, 0, 0, 0, 0, 0, 0, 0, 0, 0, 0, 97, 0, 0, 0, 4, 12, 113
"/Users/neilluo/workspaces/full-stack/misskey/packages/frontend/src/components/MkSparkle.vue", "vue", 0, 0, 0, 0, 0, 0, 0, 0, 0, 0, 0, 0, 0, 96, 0, 0, 0, 35, 10, 141
"/Users/neilluo/workspaces/full-stack/misskey/packages/frontend/src/components/MkSubNoteContent.vue", "vue", 0, 0, 0, 0, 0, 0, 0, 0, 0, 0, 0, 0, 0, 93, 0, 0, 0, 4, 15, 112
"/Users/neilluo/workspaces/full-stack/misskey/packages/frontend/src/components/MkSuperMenu.vue", "vue", 0, 0, 0, 0, 0, 0, 0, 0, 0, 0, 0, 0, 0, 332, 0, 0, 0, 4, 50, 386
"/Users/neilluo/workspaces/full-stack/misskey/packages/frontend/src/components/MkSwitch.button.vue", "vue", 0, 0, 0, 0, 0, 0, 0, 0, 0, 0, 0, 0, 0, 76, 0, 0, 0, 4, 13, 93
"/Users/neilluo/workspaces/full-stack/misskey/packages/frontend/src/components/MkSwitch.vue", "vue", 0, 0, 0, 0, 0, 0, 0, 0, 0, 0, 0, 0, 0, 96, 0, 0, 0, 5, 16, 117
"/Users/neilluo/workspaces/full-stack/misskey/packages/frontend/src/components/MkSystemWebhookEditor.impl.ts", "TypeScript", 0, 0, 37, 0, 0, 0, 0, 0, 0, 0, 0, 0, 0, 0, 0, 0, 0, 4, 7, 48
"/Users/neilluo/workspaces/full-stack/misskey/packages/frontend/src/components/MkSystemWebhookEditor.vue", "vue", 0, 0, 0, 0, 0, 0, 0, 0, 0, 0, 0, 0, 0, 277, 0, 0, 0, 4, 32, 313
"/Users/neilluo/workspaces/full-stack/misskey/packages/frontend/src/components/MkTab.vue", "vue", 0, 0, 0, 0, 0, 0, 0, 0, 0, 0, 0, 0, 0, 62, 0, 0, 0, 4, 13, 79
"/Users/neilluo/workspaces/full-stack/misskey/packages/frontend/src/components/MkTagCloud.vue", "vue", 0, 0, 0, 0, 0, 0, 0, 0, 0, 0, 0, 0, 0, 77, 0, 0, 0, 4, 11, 92
"/Users/neilluo/workspaces/full-stack/misskey/packages/frontend/src/components/MkTagItem.stories.impl.ts", "TypeScript", 0, 0, 59, 0, 0, 0, 0, 0, 0, 0, 0, 0, 0, 0, 0, 0, 0, 6, 6, 71
"/Users/neilluo/workspaces/full-stack/misskey/packages/frontend/src/components/MkTagItem.vue", "vue", 0, 0, 0, 0, 0, 0, 0, 0, 0, 0, 0, 0, 0, 61, 0, 0, 0, 4, 12, 77
"/Users/neilluo/workspaces/full-stack/misskey/packages/frontend/src/components/MkTextarea.vue", "vue", 0, 0, 0, 0, 0, 0, 0, 0, 0, 0, 0, 0, 0, 200, 0, 0, 0, 4, 32, 236
"/Users/neilluo/workspaces/full-stack/misskey/packages/frontend/src/components/MkThemePreview.vue", "vue", 0, 0, 0, 0, 0, 0, 0, 0, 0, 0, 0, 0, 0, 99, 0, 0, 0, 4, 10, 113
"/Users/neilluo/workspaces/full-stack/misskey/packages/frontend/src/components/MkTimeline.vue", "vue", 0, 0, 0, 0, 0, 0, 0, 0, 0, 0, 0, 0, 0, 244, 0, 0, 0, 4, 32, 280
"/Users/neilluo/workspaces/full-stack/misskey/packages/frontend/src/components/MkToast.vue", "vue", 0, 0, 0, 0, 0, 0, 0, 0, 0, 0, 0, 0, 0, 62, 0, 0, 0, 4, 9, 75
"/Users/neilluo/workspaces/full-stack/misskey/packages/frontend/src/components/MkTokenGenerateWindow.vue", "vue", 0, 0, 0, 0, 0, 0, 0, 0, 0, 0, 0, 0, 0, 132, 0, 0, 0, 4, 15, 151
"/Users/neilluo/workspaces/full-stack/misskey/packages/frontend/src/components/MkTooltip.vue", "vue", 0, 0, 0, 0, 0, 0, 0, 0, 0, 0, 0, 0, 0, 99, 0, 0, 0, 4, 16, 119
"/Users/neilluo/workspaces/full-stack/misskey/packages/frontend/src/components/MkTutorialDialog.Note.vue", "vue", 0, 0, 0, 0, 0, 0, 0, 0, 0, 0, 0, 0, 0, 101, 0, 0, 0, 4, 13, 118
"/Users/neilluo/workspaces/full-stack/misskey/packages/frontend/src/components/MkTutorialDialog.PostNote.vue", "vue", 0, 0, 0, 0, 0, 0, 0, 0, 0, 0, 0, 0, 0, 121, 0, 0, 0, 4, 12, 137
"/Users/neilluo/workspaces/full-stack/misskey/packages/frontend/src/components/MkTutorialDialog.Sensitive.vue", "vue", 0, 0, 0, 0, 0, 0, 0, 0, 0, 0, 0, 0, 0, 127, 0, 0, 0, 4, 16, 147
"/Users/neilluo/workspaces/full-stack/misskey/packages/frontend/src/components/MkTutorialDialog.Timeline.vue", "vue", 0, 0, 0, 0, 0, 0, 0, 0, 0, 0, 0, 0, 0, 72, 0, 0, 0, 4, 11, 87
"/Users/neilluo/workspaces/full-stack/misskey/packages/frontend/src/components/MkTutorialDialog.vue", "vue", 0, 0, 0, 0, 0, 0, 0, 0, 0, 0, 0, 0, 0, 239, 0, 0, 0, 4, 19, 262
"/Users/neilluo/workspaces/full-stack/misskey/packages/frontend/src/components/MkUpdated.vue", "vue", 0, 0, 0, 0, 0, 0, 0, 0, 0, 0, 0, 0, 0, 51, 0, 0, 0, 4, 10, 65
"/Users/neilluo/workspaces/full-stack/misskey/packages/frontend/src/components/MkUrlPreview.vue", "vue", 0, 0, 0, 0, 0, 0, 0, 0, 0, 0, 0, 0, 0, 344, 0, 0, 0, 4, 51, 399
"/Users/neilluo/workspaces/full-stack/misskey/packages/frontend/src/components/MkUrlPreviewPopup.vue", "vue", 0, 0, 0, 0, 0, 0, 0, 0, 0, 0, 0, 0, 0, 39, 0, 0, 0, 4, 9, 52
"/Users/neilluo/workspaces/full-stack/misskey/packages/frontend/src/components/MkUserAnnouncementEditDialog.vue", "vue", 0, 0, 0, 0, 0, 0, 0, 0, 0, 0, 0, 0, 0, 129, 0, 0, 0, 4, 18, 151
"/Users/neilluo/workspaces/full-stack/misskey/packages/frontend/src/components/MkUserCardMini.vue", "vue", 0, 0, 0, 0, 0, 0, 0, 0, 0, 0, 0, 0, 0, 78, 0, 0, 0, 4, 13, 95
"/Users/neilluo/workspaces/full-stack/misskey/packages/frontend/src/components/MkUserInfo.vue", "vue", 0, 0, 0, 0, 0, 0, 0, 0, 0, 0, 0, 0, 0, 126, 0, 0, 0, 4, 18, 148
"/Users/neilluo/workspaces/full-stack/misskey/packages/frontend/src/components/MkUserList.vue", "vue", 0, 0, 0, 0, 0, 0, 0, 0, 0, 0, 0, 0, 0, 36, 0, 0, 0, 4, 6, 46
"/Users/neilluo/workspaces/full-stack/misskey/packages/frontend/src/components/MkUserOnlineIndicator.vue", "vue", 0, 0, 0, 0, 0, 0, 0, 0, 0, 0, 0, 0, 0, 45, 0, 0, 0, 4, 10, 59
"/Users/neilluo/workspaces/full-stack/misskey/packages/frontend/src/components/MkUserPopup.vue", "vue", 0, 0, 0, 0, 0, 0, 0, 0, 0, 0, 0, 0, 0, 210, 0, 0, 0, 4, 27, 241
"/Users/neilluo/workspaces/full-stack/misskey/packages/frontend/src/components/MkUserSelectDialog.vue", "vue", 0, 0, 0, 0, 0, 0, 0, 0, 0, 0, 0, 0, 0, 203, 0, 0, 0, 4, 28, 235
"/Users/neilluo/workspaces/full-stack/misskey/packages/frontend/src/components/MkUserSetupDialog.Follow.stories.impl.ts", "TypeScript", 0, 0, 49, 0, 0, 0, 0, 0, 0, 0, 0, 0, 0, 0, 0, 0, 0, 5, 3, 57
"/Users/neilluo/workspaces/full-stack/misskey/packages/frontend/src/components/MkUserSetupDialog.Follow.vue", "vue", 0, 0, 0, 0, 0, 0, 0, 0, 0, 0, 0, 0, 0, 56, 0, 0, 0, 4, 10, 70
"/Users/neilluo/workspaces/full-stack/misskey/packages/frontend/src/components/MkUserSetupDialog.Privacy.stories.impl.ts", "TypeScript", 0, 0, 29, 0, 0, 0, 0, 0, 0, 0, 0, 0, 0, 0, 0, 0, 0, 5, 3, 37
"/Users/neilluo/workspaces/full-stack/misskey/packages/frontend/src/components/MkUserSetupDialog.Privacy.vue", "vue", 0, 0, 0, 0, 0, 0, 0, 0, 0, 0, 0, 0, 0, 52, 0, 0, 0, 4, 16, 72
"/Users/neilluo/workspaces/full-stack/misskey/packages/frontend/src/components/MkUserSetupDialog.Profile.stories.impl.ts", "TypeScript", 0, 0, 29, 0, 0, 0, 0, 0, 0, 0, 0, 0, 0, 0, 0, 0, 0, 5, 3, 37
"/Users/neilluo/workspaces/full-stack/misskey/packages/frontend/src/components/MkUserSetupDialog.Profile.vue", "vue", 0, 0, 0, 0, 0, 0, 0, 0, 0, 0, 0, 0, 0, 87, 0, 0, 0, 4, 18, 109
"/Users/neilluo/workspaces/full-stack/misskey/packages/frontend/src/components/MkUserSetupDialog.User.stories.impl.ts", "TypeScript", 0, 0, 31, 0, 0, 0, 0, 0, 0, 0, 0, 0, 0, 0, 0, 0, 0, 5, 2, 38
"/Users/neilluo/workspaces/full-stack/misskey/packages/frontend/src/components/MkUserSetupDialog.User.vue", "vue", 0, 0, 0, 0, 0, 0, 0, 0, 0, 0, 0, 0, 0, 88, 0, 0, 0, 4, 14, 106
"/Users/neilluo/workspaces/full-stack/misskey/packages/frontend/src/components/MkUserSetupDialog.stories.impl.ts", "TypeScript", 0, 0, 49, 0, 0, 0, 0, 0, 0, 0, 0, 0, 0, 0, 0, 0, 0, 5, 3, 57
"/Users/neilluo/workspaces/full-stack/misskey/packages/frontend/src/components/MkUserSetupDialog.vue", "vue", 0, 0, 0, 0, 0, 0, 0, 0, 0, 0, 0, 0, 0, 234, 0, 0, 0, 4, 21, 259
"/Users/neilluo/workspaces/full-stack/misskey/packages/frontend/src/components/MkUsersTooltip.vue", "vue", 0, 0, 0, 0, 0, 0, 0, 0, 0, 0, 0, 0, 0, 44, 0, 0, 0, 4, 9, 57
"/Users/neilluo/workspaces/full-stack/misskey/packages/frontend/src/components/MkVisibilityPicker.vue", "vue", 0, 0, 0, 0, 0, 0, 0, 0, 0, 0, 0, 0, 0, 134, 0, 0, 0, 4, 21, 159
"/Users/neilluo/workspaces/full-stack/misskey/packages/frontend/src/components/MkVisitorDashboard.ActiveUsersChart.vue", "vue", 0, 0, 0, 0, 0, 0, 0, 0, 0, 0, 0, 0, 0, 141, 0, 0, 0, 4, 21, 166
"/Users/neilluo/workspaces/full-stack/misskey/packages/frontend/src/components/MkVisitorDashboard.vue", "vue", 0, 0, 0, 0, 0, 0, 0, 0, 0, 0, 0, 0, 0, 174, 0, 0, 0, 7, 27, 208
"/Users/neilluo/workspaces/full-stack/misskey/packages/frontend/src/components/MkWaitingDialog.vue", "vue", 0, 0, 0, 0, 0, 0, 0, 0, 0, 0, 0, 0, 0, 62, 0, 0, 0, 4, 14, 80
"/Users/neilluo/workspaces/full-stack/misskey/packages/frontend/src/components/MkWidgets.vue", "vue", 0, 0, 0, 0, 0, 0, 0, 0, 0, 0, 0, 0, 0, 161, 0, 0, 0, 4, 28, 193
"/Users/neilluo/workspaces/full-stack/misskey/packages/frontend/src/components/MkWindow.vue", "vue", 0, 0, 0, 0, 0, 0, 0, 0, 0, 0, 0, 0, 0, 556, 0, 0, 0, 4, 96, 656
"/Users/neilluo/workspaces/full-stack/misskey/packages/frontend/src/components/MkYouTubePlayer.vue", "vue", 0, 0, 0, 0, 0, 0, 0, 0, 0, 0, 0, 0, 0, 64, 0, 0, 0, 4, 13, 81
"/Users/neilluo/workspaces/full-stack/misskey/packages/frontend/src/components/form/link.vue", "vue", 0, 0, 0, 0, 0, 0, 0, 0, 0, 0, 0, 0, 0, 82, 0, 0, 0, 4, 15, 101
"/Users/neilluo/workspaces/full-stack/misskey/packages/frontend/src/components/form/section.vue", "vue", 0, 0, 0, 0, 0, 0, 0, 0, 0, 0, 0, 0, 0, 42, 0, 0, 0, 4, 10, 56
"/Users/neilluo/workspaces/full-stack/misskey/packages/frontend/src/components/form/slot.vue", "vue", 0, 0, 0, 0, 0, 0, 0, 0, 0, 0, 0, 0, 0, 33, 0, 0, 0, 4, 8, 45
"/Users/neilluo/workspaces/full-stack/misskey/packages/frontend/src/components/form/split.vue", "vue", 0, 0, 0, 0, 0, 0, 0, 0, 0, 0, 0, 0, 0, 22, 0, 0, 0, 4, 7, 33
"/Users/neilluo/workspaces/full-stack/misskey/packages/frontend/src/components/form/suspense.vue", "vue", 0, 0, 0, 0, 0, 0, 0, 0, 0, 0, 0, 0, 0, 58, 0, 0, 0, 4, 9, 71
"/Users/neilluo/workspaces/full-stack/misskey/packages/frontend/src/components/global/I18n.vue", "vue", 0, 0, 0, 0, 0, 0, 0, 0, 0, 0, 0, 0, 0, 38, 0, 0, 0, 4, 10, 52
"/Users/neilluo/workspaces/full-stack/misskey/packages/frontend/src/components/global/MkA.stories.impl.ts", "TypeScript", 0, 0, 43, 0, 0, 0, 0, 0, 0, 0, 0, 0, 0, 0, 0, 0, 0, 7, 2, 52
"/Users/neilluo/workspaces/full-stack/misskey/packages/frontend/src/components/global/MkA.vue", "vue", 0, 0, 0, 0, 0, 0, 0, 0, 0, 0, 0, 0, 0, 85, 0, 0, 0, 4, 16, 105
"/Users/neilluo/workspaces/full-stack/misskey/packages/frontend/src/components/global/MkAcct.stories.impl.ts", "TypeScript", 0, 0, 74, 0, 0, 0, 0, 0, 0, 0, 0, 0, 0, 0, 0, 0, 0, 5, 2, 81
"/Users/neilluo/workspaces/full-stack/misskey/packages/frontend/src/components/global/MkAcct.vue", "vue", 0, 0, 0, 0, 0, 0, 0, 0, 0, 0, 0, 0, 0, 16, 0, 0, 0, 4, 5, 25
"/Users/neilluo/workspaces/full-stack/misskey/packages/frontend/src/components/global/MkAd.stories.impl.ts", "TypeScript", 0, 0, 121, 0, 0, 0, 0, 0, 0, 0, 0, 0, 0, 0, 0, 0, 0, 7, 3, 131
"/Users/neilluo/workspaces/full-stack/misskey/packages/frontend/src/components/global/MkAd.vue", "vue", 0, 0, 0, 0, 0, 0, 0, 0, 0, 0, 0, 0, 0, 170, 0, 0, 0, 5, 31, 206
"/Users/neilluo/workspaces/full-stack/misskey/packages/frontend/src/components/global/MkAvatar.stories.impl.ts", "TypeScript", 0, 0, 60, 0, 0, 0, 0, 0, 0, 0, 0, 0, 0, 0, 0, 0, 0, 11, 2, 73
"/Users/neilluo/workspaces/full-stack/misskey/packages/frontend/src/components/global/MkAvatar.vue", "vue", 0, 0, 0, 0, 0, 0, 0, 0, 0, 0, 0, 0, 0, 295, 0, 0, 0, 4, 49, 348
"/Users/neilluo/workspaces/full-stack/misskey/packages/frontend/src/components/global/MkCondensedLine.stories.impl.ts", "TypeScript", 0, 0, 38, 0, 0, 0, 0, 0, 0, 0, 0, 0, 0, 0, 0, 0, 0, 7, 2, 47
"/Users/neilluo/workspaces/full-stack/misskey/packages/frontend/src/components/global/MkCondensedLine.vue", "vue", 0, 0, 0, 0, 0, 0, 0, 0, 0, 0, 0, 0, 0, 64, 0, 0, 0, 4, 10, 78
"/Users/neilluo/workspaces/full-stack/misskey/packages/frontend/src/components/global/MkCustomEmoji.stories.impl.ts", "TypeScript", 0, 0, 59, 0, 0, 0, 0, 0, 0, 0, 0, 0, 0, 0, 0, 0, 0, 5, 2, 66
"/Users/neilluo/workspaces/full-stack/misskey/packages/frontend/src/components/global/MkCustomEmoji.vue", "vue", 0, 0, 0, 0, 0, 0, 0, 0, 0, 0, 0, 0, 0, 155, 0, 0, 0, 4, 23, 182
"/Users/neilluo/workspaces/full-stack/misskey/packages/frontend/src/components/global/MkEllipsis.stories.impl.ts", "TypeScript", 0, 0, 31, 0, 0, 0, 0, 0, 0, 0, 0, 0, 0, 0, 0, 0, 0, 5, 2, 38
"/Users/neilluo/workspaces/full-stack/misskey/packages/frontend/src/components/global/MkEllipsis.vue", "vue", 0, 0, 0, 0, 0, 0, 0, 0, 0, 0, 0, 0, 0, 40, 0, 0, 0, 4, 10, 54
"/Users/neilluo/workspaces/full-stack/misskey/packages/frontend/src/components/global/MkEmoji.stories.impl.ts", "TypeScript", 0, 0, 30, 0, 0, 0, 0, 0, 0, 0, 0, 0, 0, 0, 0, 0, 0, 5, 2, 37
"/Users/neilluo/workspaces/full-stack/misskey/packages/frontend/src/components/global/MkEmoji.vue", "vue", 0, 0, 0, 0, 0, 0, 0, 0, 0, 0, 0, 0, 0, 60, 0, 0, 0, 4, 13, 77
"/Users/neilluo/workspaces/full-stack/misskey/packages/frontend/src/components/global/MkError.stories.impl.ts", "TypeScript", 0, 0, 40, 0, 0, 0, 0, 0, 0, 0, 0, 0, 0, 0, 0, 0, 0, 5, 2, 47
"/Users/neilluo/workspaces/full-stack/misskey/packages/frontend/src/components/global/MkError.stories.meta.ts", "TypeScript", 0, 0, 7, 0, 0, 0, 0, 0, 0, 0, 0, 0, 0, 0, 0, 0, 0, 4, 3, 14
"/Users/neilluo/workspaces/full-stack/misskey/packages/frontend/src/components/global/MkError.vue", "vue", 0, 0, 0, 0, 0, 0, 0, 0, 0, 0, 0, 0, 0, 38, 0, 0, 0, 4, 8, 50
"/Users/neilluo/workspaces/full-stack/misskey/packages/frontend/src/components/global/MkLazy.vue", "vue", 0, 0, 0, 0, 0, 0, 0, 0, 0, 0, 0, 0, 0, 40, 0, 0, 0, 4, 10, 54
"/Users/neilluo/workspaces/full-stack/misskey/packages/frontend/src/components/global/MkLoading.stories.impl.ts", "TypeScript", 0, 0, 59, 0, 0, 0, 0, 0, 0, 0, 0, 0, 0, 0, 0, 0, 0, 5, 2, 66
"/Users/neilluo/workspaces/full-stack/misskey/packages/frontend/src/components/global/MkLoading.vue", "vue", 0, 0, 0, 0, 0, 0, 0, 0, 0, 0, 0, 0, 0, 93, 0, 0, 0, 4, 16, 113
"/Users/neilluo/workspaces/full-stack/misskey/packages/frontend/src/components/global/MkMfm.stories.impl.ts", "TypeScript", 0, 0, 72, 0, 0, 0, 0, 0, 0, 0, 0, 0, 0, 0, 0, 0, 0, 4, 2, 78
"/Users/neilluo/workspaces/full-stack/misskey/packages/frontend/src/components/global/MkMfm.ts", "TypeScript", 0, 0, 430, 0, 0, 0, 0, 0, 0, 0, 0, 0, 0, 0, 0, 0, 0, 18, 37, 485
"/Users/neilluo/workspaces/full-stack/misskey/packages/frontend/src/components/global/MkPageHeader.stories.impl.ts", "TypeScript", 0, 0, 97, 0, 0, 0, 0, 0, 0, 0, 0, 0, 0, 0, 0, 0, 0, 4, 2, 103
"/Users/neilluo/workspaces/full-stack/misskey/packages/frontend/src/components/global/MkPageHeader.tabs.stories.impl.ts", "TypeScript", 0, 0, 2, 0, 0, 0, 0, 0, 0, 0, 0, 0, 0, 0, 0, 0, 0, 5, 2, 9
"/Users/neilluo/workspaces/full-stack/misskey/packages/frontend/src/components/global/MkPageHeader.tabs.vue", "vue", 0, 0, 0, 0, 0, 0, 0, 0, 0, 0, 0, 0, 0, 221, 0, 0, 0, 4, 36, 261
"/Users/neilluo/workspaces/full-stack/misskey/packages/frontend/src/components/global/MkPageHeader.vue", "vue", 0, 0, 0, 0, 0, 0, 0, 0, 0, 0, 0, 0, 0, 252, 0, 0, 0, 4, 42, 298
"/Users/neilluo/workspaces/full-stack/misskey/packages/frontend/src/components/global/MkSpacer.vue", "vue", 0, 0, 0, 0, 0, 0, 0, 0, 0, 0, 0, 0, 0, 46, 0, 0, 0, 4, 9, 59
"/Users/neilluo/workspaces/full-stack/misskey/packages/frontend/src/components/global/MkStickyContainer.stories.impl.ts", "TypeScript", 0, 0, 2, 0, 0, 0, 0, 0, 0, 0, 0, 0, 0, 0, 0, 0, 0, 5, 2, 9
"/Users/neilluo/workspaces/full-stack/misskey/packages/frontend/src/components/global/MkStickyContainer.vue", "vue", 0, 0, 0, 0, 0, 0, 0, 0, 0, 0, 0, 0, 0, 83, 0, 0, 0, 4, 18, 105
"/Users/neilluo/workspaces/full-stack/misskey/packages/frontend/src/components/global/MkTime.stories.impl.ts", "TypeScript", 0, 0, 312, 0, 0, 0, 0, 0, 0, 0, 0, 0, 0, 0, 0, 0, 0, 5, 2, 319
"/Users/neilluo/workspaces/full-stack/misskey/packages/frontend/src/components/global/MkTime.vue", "vue", 0, 0, 0, 0, 0, 0, 0, 0, 0, 0, 0, 0, 0, 90, 0, 0, 0, 4, 15, 109
"/Users/neilluo/workspaces/full-stack/misskey/packages/frontend/src/components/global/MkUrl.stories.impl.ts", "TypeScript", 0, 0, 62, 0, 0, 0, 0, 0, 0, 0, 0, 0, 0, 0, 0, 0, 0, 18, 2, 82
"/Users/neilluo/workspaces/full-stack/misskey/packages/frontend/src/components/global/MkUrl.vue", "vue", 0, 0, 0, 0, 0, 0, 0, 0, 0, 0, 0, 0, 0, 94, 0, 0, 0, 4, 16, 114
"/Users/neilluo/workspaces/full-stack/misskey/packages/frontend/src/components/global/MkUserName.stories.impl.ts", "TypeScript", 0, 0, 55, 0, 0, 0, 0, 0, 0, 0, 0, 0, 0, 0, 0, 0, 0, 5, 2, 62
"/Users/neilluo/workspaces/full-stack/misskey/packages/frontend/src/components/global/MkUserName.vue", "vue", 0, 0, 0, 0, 0, 0, 0, 0, 0, 0, 0, 0, 0, 13, 0, 0, 0, 4, 4, 21
"/Users/neilluo/workspaces/full-stack/misskey/packages/frontend/src/components/global/NestedRouterView.vue", "vue", 0, 0, 0, 0, 0, 0, 0, 0, 0, 0, 0, 0, 0, 46, 0, 0, 0, 4, 11, 61
"/Users/neilluo/workspaces/full-stack/misskey/packages/frontend/src/components/global/PageWithAnimBg.vue", "vue", 0, 0, 0, 0, 0, 0, 0, 0, 0, 0, 0, 0, 0, 21, 0, 0, 0, 4, 5, 30
"/Users/neilluo/workspaces/full-stack/misskey/packages/frontend/src/components/global/PageWithHeader.vue", "vue", 0, 0, 0, 0, 0, 0, 0, 0, 0, 0, 0, 0, 0, 41, 0, 0, 0, 4, 9, 54
"/Users/neilluo/workspaces/full-stack/misskey/packages/frontend/src/components/global/RouterView.stories.impl.ts", "TypeScript", 0, 0, 2, 0, 0, 0, 0, 0, 0, 0, 0, 0, 0, 0, 0, 0, 0, 5, 2, 9
"/Users/neilluo/workspaces/full-stack/misskey/packages/frontend/src/components/global/RouterView.vue", "vue", 0, 0, 0, 0, 0, 0, 0, 0, 0, 0, 0, 0, 0, 90, 0, 0, 0, 4, 20, 114
"/Users/neilluo/workspaces/full-stack/misskey/packages/frontend/src/components/global/SearchIcon.vue", "vue", 0, 0, 0, 0, 0, 0, 0, 0, 0, 0, 0, 0, 0, 7, 0, 0, 0, 4, 4, 15
"/Users/neilluo/workspaces/full-stack/misskey/packages/frontend/src/components/global/SearchKeyword.vue", "vue", 0, 0, 0, 0, 0, 0, 0, 0, 0, 0, 0, 0, 0, 7, 0, 0, 0, 4, 4, 15
"/Users/neilluo/workspaces/full-stack/misskey/packages/frontend/src/components/global/SearchLabel.vue", "vue", 0, 0, 0, 0, 0, 0, 0, 0, 0, 0, 0, 0, 0, 7, 0, 0, 0, 4, 4, 15
"/Users/neilluo/workspaces/full-stack/misskey/packages/frontend/src/components/global/SearchMarker.vue", "vue", 0, 0, 0, 0, 0, 0, 0, 0, 0, 0, 0, 0, 0, 99, 0, 0, 0, 4, 15, 118
"/Users/neilluo/workspaces/full-stack/misskey/packages/frontend/src/components/global/StackingRouterView.vue", "vue", 0, 0, 0, 0, 0, 0, 0, 0, 0, 0, 0, 0, 0, 208, 0, 0, 0, 4, 32, 244
"/Users/neilluo/workspaces/full-stack/misskey/packages/frontend/src/components/grid/MkCellTooltip.vue", "vue", 0, 0, 0, 0, 0, 0, 0, 0, 0, 0, 0, 0, 0, 26, 0, 0, 0, 4, 6, 36
"/Users/neilluo/workspaces/full-stack/misskey/packages/frontend/src/components/grid/MkDataCell.vue", "vue", 0, 0, 0, 0, 0, 0, 0, 0, 0, 0, 0, 0, 0, 365, 0, 0, 0, 4, 53, 422
"/Users/neilluo/workspaces/full-stack/misskey/packages/frontend/src/components/grid/MkDataRow.vue", "vue", 0, 0, 0, 0, 0, 0, 0, 0, 0, 0, 0, 0, 0, 63, 0, 0, 0, 4, 7, 74
"/Users/neilluo/workspaces/full-stack/misskey/packages/frontend/src/components/grid/MkGrid.stories.impl.ts", "TypeScript", 0, 0, 204, 0, 0, 0, 0, 0, 0, 0, 0, 0, 0, 0, 0, 0, 0, 5, 15, 224
"/Users/neilluo/workspaces/full-stack/misskey/packages/frontend/src/components/grid/MkGrid.vue", "vue", 0, 0, 0, 0, 0, 0, 0, 0, 0, 0, 0, 0, 0, 1195, 0, 0, 0, 4, 180, 1379
"/Users/neilluo/workspaces/full-stack/misskey/packages/frontend/src/components/grid/MkHeaderCell.vue", "vue", 0, 0, 0, 0, 0, 0, 0, 0, 0, 0, 0, 0, 0, 184, 0, 0, 0, 4, 30, 218
"/Users/neilluo/workspaces/full-stack/misskey/packages/frontend/src/components/grid/MkHeaderRow.vue", "vue", 0, 0, 0, 0, 0, 0, 0, 0, 0, 0, 0, 0, 0, 52, 0, 0, 0, 4, 6, 62
"/Users/neilluo/workspaces/full-stack/misskey/packages/frontend/src/components/grid/MkNumberCell.vue", "vue", 0, 0, 0, 0, 0, 0, 0, 0, 0, 0, 0, 0, 0, 48, 0, 0, 0, 4, 9, 61
"/Users/neilluo/workspaces/full-stack/misskey/packages/frontend/src/components/grid/cell-validators.ts", "TypeScript", 0, 0, 92, 0, 0, 0, 0, 0, 0, 0, 0, 0, 0, 0, 0, 0, 0, 4, 15, 111
"/Users/neilluo/workspaces/full-stack/misskey/packages/frontend/src/components/grid/cell.ts", "TypeScript", 0, 0, 74, 0, 0, 0, 0, 0, 0, 0, 0, 0, 0, 0, 0, 0, 0, 4, 11, 89
"/Users/neilluo/workspaces/full-stack/misskey/packages/frontend/src/components/grid/column.ts", "TypeScript", 0, 0, 42, 0, 0, 0, 0, 0, 0, 0, 0, 0, 0, 0, 0, 0, 0, 4, 8, 54
"/Users/neilluo/workspaces/full-stack/misskey/packages/frontend/src/components/grid/grid-event.ts", "TypeScript", 0, 0, 37, 0, 0, 0, 0, 0, 0, 0, 0, 0, 0, 0, 0, 0, 0, 4, 6, 47
"/Users/neilluo/workspaces/full-stack/misskey/packages/frontend/src/components/grid/grid-utils.ts", "TypeScript", 0, 0, 171, 0, 0, 0, 0, 0, 0, 0, 0, 0, 0, 0, 0, 0, 0, 19, 28, 218
"/Users/neilluo/workspaces/full-stack/misskey/packages/frontend/src/components/grid/grid.ts", "TypeScript", 0, 0, 37, 0, 0, 0, 0, 0, 0, 0, 0, 0, 0, 0, 0, 0, 0, 4, 9, 50
"/Users/neilluo/workspaces/full-stack/misskey/packages/frontend/src/components/grid/row.ts", "TypeScript", 0, 0, 54, 0, 0, 0, 0, 0, 0, 0, 0, 0, 0, 0, 0, 0, 0, 4, 11, 69
"/Users/neilluo/workspaces/full-stack/misskey/packages/frontend/src/components/hook/useLoading.ts", "TypeScript", 0, 0, 40, 0, 0, 0, 0, 0, 0, 0, 0, 0, 0, 0, 0, 0, 0, 4, 9, 53
"/Users/neilluo/workspaces/full-stack/misskey/packages/frontend/src/components/index.ts", "TypeScript", 0, 0, 96, 0, 0, 0, 0, 0, 0, 0, 0, 0, 0, 0, 0, 0, 0, 4, 6, 106
"/Users/neilluo/workspaces/full-stack/misskey/packages/frontend/src/components/page/page.block.vue", "vue", 0, 0, 0, 0, 0, 0, 0, 0, 0, 0, 0, 0, 0, 38, 0, 0, 0, 4, 7, 49
"/Users/neilluo/workspaces/full-stack/misskey/packages/frontend/src/components/page/page.dynamic.vue", "vue", 0, 0, 0, 0, 0, 0, 0, 0, 0, 0, 0, 0, 0, 32, 0, 0, 0, 5, 7, 44
"/Users/neilluo/workspaces/full-stack/misskey/packages/frontend/src/components/page/page.image.vue", "vue", 0, 0, 0, 0, 0, 0, 0, 0, 0, 0, 0, 0, 0, 30, 0, 0, 0, 4, 7, 41
"/Users/neilluo/workspaces/full-stack/misskey/packages/frontend/src/components/page/page.note.vue", "vue", 0, 0, 0, 0, 0, 0, 0, 0, 0, 0, 0, 0, 0, 31, 0, 0, 0, 4, 7, 42
"/Users/neilluo/workspaces/full-stack/misskey/packages/frontend/src/components/page/page.section.vue", "vue", 0, 0, 0, 0, 0, 0, 0, 0, 0, 0, 0, 0, 0, 41, 0, 0, 0, 4, 9, 54
"/Users/neilluo/workspaces/full-stack/misskey/packages/frontend/src/components/page/page.text.vue", "vue", 0, 0, 0, 0, 0, 0, 0, 0, 0, 0, 0, 0, 0, 26, 0, 0, 0, 4, 7, 37
"/Users/neilluo/workspaces/full-stack/misskey/packages/frontend/src/components/page/page.vue", "vue", 0, 0, 0, 0, 0, 0, 0, 0, 0, 0, 0, 0, 0, 20, 0, 0, 0, 4, 6, 30
"/Users/neilluo/workspaces/full-stack/misskey/packages/frontend/src/custom-emojis.ts", "TypeScript", 0, 0, 61, 0, 0, 0, 0, 0, 0, 0, 0, 0, 0, 0, 0, 0, 0, 4, 12, 77
"/Users/neilluo/workspaces/full-stack/misskey/packages/frontend/src/debug.ts", "TypeScript", 0, 0, 25, 0, 0, 0, 0, 0, 0, 0, 0, 0, 0, 0, 0, 0, 0, 4, 5, 34
"/Users/neilluo/workspaces/full-stack/misskey/packages/frontend/src/deck.ts", "TypeScript", 0, 0, 307, 0, 0, 0, 0, 0, 0, 0, 0, 0, 0, 0, 0, 0, 0, 4, 43, 354
"/Users/neilluo/workspaces/full-stack/misskey/packages/frontend/src/di.ts", "TypeScript", 0, 0, 15, 0, 0, 0, 0, 0, 0, 0, 0, 0, 0, 0, 0, 0, 0, 4, 3, 22
"/Users/neilluo/workspaces/full-stack/misskey/packages/frontend/src/directives/adaptive-bg.ts", "TypeScript", 0, 0, 13, 0, 0, 0, 0, 0, 0, 0, 0, 0, 0, 0, 0, 0, 0, 4, 5, 22
"/Users/neilluo/workspaces/full-stack/misskey/packages/frontend/src/directives/adaptive-border.ts", "TypeScript", 0, 0, 23, 0, 0, 0, 0, 0, 0, 0, 0, 0, 0, 0, 0, 0, 0, 4, 10, 37
"/Users/neilluo/workspaces/full-stack/misskey/packages/frontend/src/directives/anim.ts", "TypeScript", 0, 0, 14, 0, 0, 0, 0, 0, 0, 0, 0, 0, 0, 0, 0, 0, 0, 6, 4, 24
"/Users/neilluo/workspaces/full-stack/misskey/packages/frontend/src/directives/appear.ts", "TypeScript", 0, 0, 17, 0, 0, 0, 0, 0, 0, 0, 0, 0, 0, 0, 0, 0, 0, 4, 7, 28
"/Users/neilluo/workspaces/full-stack/misskey/packages/frontend/src/directives/click-anime.ts", "TypeScript", 0, 0, 26, 0, 0, 0, 0, 0, 0, 0, 0, 0, 0, 0, 0, 0, 0, 4, 11, 41
"/Users/neilluo/workspaces/full-stack/misskey/packages/frontend/src/directives/follow-append.ts", "TypeScript", 0, 0, 27, 0, 0, 0, 0, 0, 0, 0, 0, 0, 0, 0, 0, 0, 0, 5, 9, 41
"/Users/neilluo/workspaces/full-stack/misskey/packages/frontend/src/directives/get-size.ts", "TypeScript", 0, 0, 44, 0, 0, 0, 0, 0, 0, 0, 0, 0, 0, 0, 0, 0, 0, 6, 10, 60
"/Users/neilluo/workspaces/full-stack/misskey/packages/frontend/src/directives/hotkey.ts", "TypeScript", 0, 0, 20, 0, 0, 0, 0, 0, 0, 0, 0, 0, 0, 0, 0, 0, 0, 4, 6, 30
"/Users/neilluo/workspaces/full-stack/misskey/packages/frontend/src/directives/index.ts", "TypeScript", 0, 0, 31, 0, 0, 0, 0, 0, 0, 0, 0, 0, 0, 0, 0, 0, 0, 4, 5, 40
"/Users/neilluo/workspaces/full-stack/misskey/packages/frontend/src/directives/panel.ts", "TypeScript", 0, 0, 13, 0, 0, 0, 0, 0, 0, 0, 0, 0, 0, 0, 0, 0, 0, 4, 5, 22
"/Users/neilluo/workspaces/full-stack/misskey/packages/frontend/src/directives/ripple.ts", "TypeScript", 0, 0, 17, 0, 0, 0, 0, 0, 0, 0, 0, 0, 0, 0, 0, 0, 0, 5, 6, 28
"/Users/neilluo/workspaces/full-stack/misskey/packages/frontend/src/directives/tooltip.ts", "TypeScript", 0, 0, 86, 0, 0, 0, 0, 0, 0, 0, 0, 0, 0, 0, 0, 0, 0, 6, 18, 110
"/Users/neilluo/workspaces/full-stack/misskey/packages/frontend/src/directives/user-preview.ts", "TypeScript", 0, 0, 97, 0, 0, 0, 0, 0, 0, 0, 0, 0, 0, 0, 0, 0, 0, 6, 22, 125
"/Users/neilluo/workspaces/full-stack/misskey/packages/frontend/src/events.ts", "TypeScript", 0, 0, 7, 0, 0, 0, 0, 0, 0, 0, 0, 0, 0, 0, 0, 0, 0, 4, 3, 14
"/Users/neilluo/workspaces/full-stack/misskey/packages/frontend/src/filters/bytes.ts", "TypeScript", 0, 0, 9, 0, 0, 0, 0, 0, 0, 0, 0, 0, 0, 0, 0, 0, 0, 4, 2, 15
"/Users/neilluo/workspaces/full-stack/misskey/packages/frontend/src/filters/date.ts", "TypeScript", 0, 0, 3, 0, 0, 0, 0, 0, 0, 0, 0, 0, 0, 0, 0, 0, 0, 4, 3, 10
"/Users/neilluo/workspaces/full-stack/misskey/packages/frontend/src/filters/hms.ts", "TypeScript", 0, 0, 43, 0, 0, 0, 0, 0, 0, 0, 0, 0, 0, 0, 0, 0, 0, 11, 12, 66
"/Users/neilluo/workspaces/full-stack/misskey/packages/frontend/src/filters/kmg.ts", "TypeScript", 0, 0, 9, 0, 0, 0, 0, 0, 0, 0, 0, 0, 0, 0, 0, 0, 0, 4, 2, 15
"/Users/neilluo/workspaces/full-stack/misskey/packages/frontend/src/filters/note.ts", "TypeScript", 0, 0, 3, 0, 0, 0, 0, 0, 0, 0, 0, 0, 0, 0, 0, 0, 0, 4, 2, 9
"/Users/neilluo/workspaces/full-stack/misskey/packages/frontend/src/filters/number.ts", "TypeScript", 0, 0, 2, 0, 0, 0, 0, 0, 0, 0, 0, 0, 0, 0, 0, 0, 0, 4, 3, 9
"/Users/neilluo/workspaces/full-stack/misskey/packages/frontend/src/filters/user.ts", "TypeScript", 0, 0, 11, 0, 0, 0, 0, 0, 0, 0, 0, 0, 0, 0, 0, 0, 0, 4, 5, 20
"/Users/neilluo/workspaces/full-stack/misskey/packages/frontend/src/i.ts", "TypeScript", 0, 0, 19, 0, 0, 0, 0, 0, 0, 0, 0, 0, 0, 0, 0, 0, 0, 6, 10, 35
"/Users/neilluo/workspaces/full-stack/misskey/packages/frontend/src/i18n.ts", "TypeScript", 0, 0, 8, 0, 0, 0, 0, 0, 0, 0, 0, 0, 0, 0, 0, 0, 0, 4, 4, 16
"/Users/neilluo/workspaces/full-stack/misskey/packages/frontend/src/instance.ts", "TypeScript", 0, 0, 38, 0, 0, 0, 0, 0, 0, 0, 0, 0, 0, 0, 0, 0, 0, 8, 17, 63
"/Users/neilluo/workspaces/full-stack/misskey/packages/frontend/src/lib/nirax.ts", "TypeScript", 0, 0, 297, 0, 0, 0, 0, 0, 0, 0, 0, 0, 0, 0, 0, 0, 0, 6, 48, 351
"/Users/neilluo/workspaces/full-stack/misskey/packages/frontend/src/lib/pizzax.ts", "TypeScript", 0, 0, 232, 0, 0, 0, 0, 0, 0, 0, 0, 0, 0, 0, 0, 0, 0, 27, 46, 305
"/Users/neilluo/workspaces/full-stack/misskey/packages/frontend/src/local-storage.ts", "TypeScript", 0, 0, 60, 0, 0, 0, 0, 0, 0, 0, 0, 0, 0, 0, 0, 0, 0, 6, 4, 70
"/Users/neilluo/workspaces/full-stack/misskey/packages/frontend/src/memory-storage.ts", "TypeScript", 0, 0, 36, 0, 0, 0, 0, 0, 0, 0, 0, 0, 0, 0, 0, 0, 0, 10, 12, 58
"/Users/neilluo/workspaces/full-stack/misskey/packages/frontend/src/navbar.ts", "TypeScript", 0, 0, 179, 0, 0, 0, 0, 0, 0, 0, 0, 0, 0, 0, 0, 0, 0, 4, 4, 187
"/Users/neilluo/workspaces/full-stack/misskey/packages/frontend/src/os.ts", "TypeScript", 0, 0, 688, 0, 0, 0, 0, 0, 0, 0, 0, 0, 0, 0, 0, 0, 0, 36, 48, 772
"/Users/neilluo/workspaces/full-stack/misskey/packages/frontend/src/page.ts", "TypeScript", 0, 0, 49, 0, 0, 0, 0, 0, 0, 0, 0, 0, 0, 0, 0, 0, 0, 6, 12, 67
"/Users/neilluo/workspaces/full-stack/misskey/packages/frontend/src/pages/_empty_.vue", "vue", 0, 0, 0, 0, 0, 0, 0, 0, 0, 0, 0, 0, 0, 6, 0, 0, 0, 4, 3, 13
"/Users/neilluo/workspaces/full-stack/misskey/packages/frontend/src/pages/_error_.vue", "vue", 0, 0, 0, 0, 0, 0, 0, 0, 0, 0, 0, 0, 0, 73, 0, 0, 0, 4, 12, 89
"/Users/neilluo/workspaces/full-stack/misskey/packages/frontend/src/pages/_loading_.vue", "vue", 0, 0, 0, 0, 0, 0, 0, 0, 0, 0, 0, 0, 0, 5, 0, 0, 0, 4, 3, 12
"/Users/neilluo/workspaces/full-stack/misskey/packages/frontend/src/pages/about-misskey.vue", "vue", 0, 0, 0, 0, 0, 0, 0, 0, 0, 0, 0, 0, 0, 554, 0, 0, 0, 4, 38, 596
"/Users/neilluo/workspaces/full-stack/misskey/packages/frontend/src/pages/about.emojis.vue", "vue", 0, 0, 0, 0, 0, 0, 0, 0, 0, 0, 0, 0, 0, 75, 0, 0, 0, 9, 15, 99
"/Users/neilluo/workspaces/full-stack/misskey/packages/frontend/src/pages/about.federation.vue", "vue", 0, 0, 0, 0, 0, 0, 0, 0, 0, 0, 0, 0, 0, 94, 0, 0, 0, 4, 8, 106
"/Users/neilluo/workspaces/full-stack/misskey/packages/frontend/src/pages/about.overview.vue", "vue", 0, 0, 0, 0, 0, 0, 0, 0, 0, 0, 0, 0, 0, 186, 0, 0, 0, 4, 16, 206
"/Users/neilluo/workspaces/full-stack/misskey/packages/frontend/src/pages/about.vue", "vue", 0, 0, 0, 0, 0, 0, 0, 0, 0, 0, 0, 0, 0, 70, 0, 0, 0, 4, 14, 88
"/Users/neilluo/workspaces/full-stack/misskey/packages/frontend/src/pages/achievements.vue", "vue", 0, 0, 0, 0, 0, 0, 0, 0, 0, 0, 0, 0, 0, 43, 0, 0, 0, 4, 12, 59
"/Users/neilluo/workspaces/full-stack/misskey/packages/frontend/src/pages/admin-file.vue", "vue", 0, 0, 0, 0, 0, 0, 0, 0, 0, 0, 0, 0, 0, 162, 0, 0, 0, 4, 21, 187
"/Users/neilluo/workspaces/full-stack/misskey/packages/frontend/src/pages/admin-user.vue", "vue", 0, 0, 0, 0, 0, 0, 0, 0, 0, 0, 0, 0, 0, 564, 0, 0, 0, 45, 73, 682
"/Users/neilluo/workspaces/full-stack/misskey/packages/frontend/src/pages/admin/RolesEditorFormula.vue", "vue", 0, 0, 0, 0, 0, 0, 0, 0, 0, 0, 0, 0, 0, 136, 0, 0, 0, 5, 26, 167
"/Users/neilluo/workspaces/full-stack/misskey/packages/frontend/src/pages/admin/_header_.vue", "vue", 0, 0, 0, 0, 0, 0, 0, 0, 0, 0, 0, 0, 0, 254, 0, 0, 0, 4, 39, 297
"/Users/neilluo/workspaces/full-stack/misskey/packages/frontend/src/pages/admin/abuse-report/notification-recipient.editor.vue", "vue", 0, 0, 0, 0, 0, 0, 0, 0, 0, 0, 0, 0, 0, 281, 0, 0, 0, 4, 38, 323
"/Users/neilluo/workspaces/full-stack/misskey/packages/frontend/src/pages/admin/abuse-report/notification-recipient.item.vue", "vue", 0, 0, 0, 0, 0, 0, 0, 0, 0, 0, 0, 0, 0, 97, 0, 0, 0, 4, 14, 115
"/Users/neilluo/workspaces/full-stack/misskey/packages/frontend/src/pages/admin/abuse-report/notification-recipient.vue", "vue", 0, 0, 0, 0, 0, 0, 0, 0, 0, 0, 0, 0, 0, 149, 0, 0, 0, 4, 25, 178
"/Users/neilluo/workspaces/full-stack/misskey/packages/frontend/src/pages/admin/abuses.vue", "vue", 0, 0, 0, 0, 0, 0, 0, 0, 0, 0, 0, 0, 0, 99, 0, 0, 0, 14, 18, 131
"/Users/neilluo/workspaces/full-stack/misskey/packages/frontend/src/pages/admin/ads.vue", "vue", 0, 0, 0, 0, 0, 0, 0, 0, 0, 0, 0, 0, 0, 244, 0, 0, 0, 12, 20, 276
"/Users/neilluo/workspaces/full-stack/misskey/packages/frontend/src/pages/admin/announcements.vue", "vue", 0, 0, 0, 0, 0, 0, 0, 0, 0, 0, 0, 0, 0, 182, 0, 0, 0, 4, 21, 207
"/Users/neilluo/workspaces/full-stack/misskey/packages/frontend/src/pages/admin/bot-protection.vue", "vue", 0, 0, 0, 0, 0, 0, 0, 0, 0, 0, 0, 0, 0, 251, 0, 0, 0, 4, 19, 274
"/Users/neilluo/workspaces/full-stack/misskey/packages/frontend/src/pages/admin/branding.vue", "vue", 0, 0, 0, 0, 0, 0, 0, 0, 0, 0, 0, 0, 0, 164, 0, 0, 0, 4, 22, 190
"/Users/neilluo/workspaces/full-stack/misskey/packages/frontend/src/pages/admin/custom-emojis-manager.impl.ts", "TypeScript", 0, 0, 44, 0, 0, 0, 0, 0, 0, 0, 0, 0, 0, 0, 0, 0, 0, 5, 9, 58
"/Users/neilluo/workspaces/full-stack/misskey/packages/frontend/src/pages/admin/custom-emojis-manager.local.list.logs.vue", "vue", 0, 0, 0, 0, 0, 0, 0, 0, 0, 0, 0, 0, 0, 28, 0, 0, 0, 4, 8, 40
"/Users/neilluo/workspaces/full-stack/misskey/packages/frontend/src/pages/admin/custom-emojis-manager.local.list.search.vue", "vue", 0, 0, 0, 0, 0, 0, 0, 0, 0, 0, 0, 0, 0, 189, 0, 0, 0, 4, 21, 214
"/Users/neilluo/workspaces/full-stack/misskey/packages/frontend/src/pages/admin/custom-emojis-manager.local.list.vue", "vue", 0, 0, 0, 0, 0, 0, 0, 0, 0, 0, 0, 0, 0, 588, 0, 0, 0, 4, 69, 661
"/Users/neilluo/workspaces/full-stack/misskey/packages/frontend/src/pages/admin/custom-emojis-manager.local.register.vue", "vue", 0, 0, 0, 0, 0, 0, 0, 0, 0, 0, 0, 0, 0, 424, 0, 0, 0, 4, 50, 478
"/Users/neilluo/workspaces/full-stack/misskey/packages/frontend/src/pages/admin/custom-emojis-manager.local.vue", "vue", 0, 0, 0, 0, 0, 0, 0, 0, 0, 0, 0, 0, 0, 26, 0, 0, 0, 4, 6, 36
"/Users/neilluo/workspaces/full-stack/misskey/packages/frontend/src/pages/admin/custom-emojis-manager.logs.vue", "vue", 0, 0, 0, 0, 0, 0, 0, 0, 0, 0, 0, 0, 0, 77, 0, 0, 0, 4, 8, 89
"/Users/neilluo/workspaces/full-stack/misskey/packages/frontend/src/pages/admin/custom-emojis-manager.remote.vue", "vue", 0, 0, 0, 0, 0, 0, 0, 0, 0, 0, 0, 0, 0, 435, 0, 0, 0, 5, 61, 501
"/Users/neilluo/workspaces/full-stack/misskey/packages/frontend/src/pages/admin/custom-emojis-manager2.stories.impl.ts", "TypeScript", 0, 0, 135, 0, 0, 0, 0, 0, 0, 0, 0, 0, 0, 0, 0, 0, 0, 6, 20, 161
"/Users/neilluo/workspaces/full-stack/misskey/packages/frontend/src/pages/admin/custom-emojis-manager2.vue", "vue", 0, 0, 0, 0, 0, 0, 0, 0, 0, 0, 0, 0, 0, 40, 0, 0, 0, 4, 8, 52
"/Users/neilluo/workspaces/full-stack/misskey/packages/frontend/src/pages/admin/database.vue", "vue", 0, 0, 0, 0, 0, 0, 0, 0, 0, 0, 0, 0, 0, 29, 0, 0, 0, 4, 7, 40
"/Users/neilluo/workspaces/full-stack/misskey/packages/frontend/src/pages/admin/email-settings.vue", "vue", 0, 0, 0, 0, 0, 0, 0, 0, 0, 0, 0, 0, 0, 128, 0, 0, 0, 4, 13, 145
"/Users/neilluo/workspaces/full-stack/misskey/packages/frontend/src/pages/admin/external-services.vue", "vue", 0, 0, 0, 0, 0, 0, 0, 0, 0, 0, 0, 0, 0, 78, 0, 0, 0, 4, 14, 96
"/Users/neilluo/workspaces/full-stack/misskey/packages/frontend/src/pages/admin/federation.vue", "vue", 0, 0, 0, 0, 0, 0, 0, 0, 0, 0, 0, 0, 0, 117, 0, 0, 0, 4, 11, 132
"/Users/neilluo/workspaces/full-stack/misskey/packages/frontend/src/pages/admin/files.vue", "vue", 0, 0, 0, 0, 0, 0, 0, 0, 0, 0, 0, 0, 0, 80, 0, 0, 0, 4, 9, 93
"/Users/neilluo/workspaces/full-stack/misskey/packages/frontend/src/pages/admin/index.vue", "vue", 0, 0, 0, 0, 0, 0, 0, 0, 0, 0, 0, 0, 0, 336, 0, 0, 0, 4, 29, 369
"/Users/neilluo/workspaces/full-stack/misskey/packages/frontend/src/pages/admin/invites.vue", "vue", 0, 0, 0, 0, 0, 0, 0, 0, 0, 0, 0, 0, 0, 113, 0, 0, 0, 4, 17, 134
"/Users/neilluo/workspaces/full-stack/misskey/packages/frontend/src/pages/admin/moderation.vue", "vue", 0, 0, 0, 0, 0, 0, 0, 0, 0, 0, 0, 0, 0, 226, 0, 0, 0, 4, 37, 267
"/Users/neilluo/workspaces/full-stack/misskey/packages/frontend/src/pages/admin/modlog.ModLog.vue", "vue", 0, 0, 0, 0, 0, 0, 0, 0, 0, 0, 0, 0, 0, 210, 0, 0, 0, 4, 12, 226
"/Users/neilluo/workspaces/full-stack/misskey/packages/frontend/src/pages/admin/modlog.vue", "vue", 0, 0, 0, 0, 0, 0, 0, 0, 0, 0, 0, 0, 0, 53, 0, 0, 0, 4, 10, 67
"/Users/neilluo/workspaces/full-stack/misskey/packages/frontend/src/pages/admin/object-storage.vue", "vue", 0, 0, 0, 0, 0, 0, 0, 0, 0, 0, 0, 0, 0, 140, 0, 0, 0, 4, 20, 164
"/Users/neilluo/workspaces/full-stack/misskey/packages/frontend/src/pages/admin/overview.active-users.vue", "vue", 0, 0, 0, 0, 0, 0, 0, 0, 0, 0, 0, 0, 0, 149, 0, 0, 0, 4, 18, 171
"/Users/neilluo/workspaces/full-stack/misskey/packages/frontend/src/pages/admin/overview.ap-requests.stories.impl.ts", "TypeScript", 0, 0, 36, 0, 0, 0, 0, 0, 0, 0, 0, 0, 0, 0, 0, 0, 0, 4, 2, 42
"/Users/neilluo/workspaces/full-stack/misskey/packages/frontend/src/pages/admin/overview.ap-requests.vue", "vue", 0, 0, 0, 0, 0, 0, 0, 0, 0, 0, 0, 0, 0, 265, 0, 0, 0, 4, 20, 289
"/Users/neilluo/workspaces/full-stack/misskey/packages/frontend/src/pages/admin/overview.federation.vue", "vue", 0, 0, 0, 0, 0, 0, 0, 0, 0, 0, 0, 0, 0, 170, 0, 0, 0, 4, 24, 198
"/Users/neilluo/workspaces/full-stack/misskey/packages/frontend/src/pages/admin/overview.heatmap.vue", "vue", 0, 0, 0, 0, 0, 0, 0, 0, 0, 0, 0, 0, 0, 23, 0, 0, 0, 4, 5, 32
"/Users/neilluo/workspaces/full-stack/misskey/packages/frontend/src/pages/admin/overview.instances.vue", "vue", 0, 0, 0, 0, 0, 0, 0, 0, 0, 0, 0, 0, 0, 44, 0, 0, 0, 4, 8, 56
"/Users/neilluo/workspaces/full-stack/misskey/packages/frontend/src/pages/admin/overview.moderators.vue", "vue", 0, 0, 0, 0, 0, 0, 0, 0, 0, 0, 0, 0, 0, 48, 0, 0, 0, 4, 9, 61
"/Users/neilluo/workspaces/full-stack/misskey/packages/frontend/src/pages/admin/overview.pie.vue", "vue", 0, 0, 0, 0, 0, 0, 0, 0, 0, 0, 0, 0, 0, 68, 0, 0, 0, 4, 10, 82
"/Users/neilluo/workspaces/full-stack/misskey/packages/frontend/src/pages/admin/overview.queue.chart.vue", "vue", 0, 0, 0, 0, 0, 0, 0, 0, 0, 0, 0, 0, 0, 121, 0, 0, 0, 4, 15, 140
"/Users/neilluo/workspaces/full-stack/misskey/packages/frontend/src/pages/admin/overview.queue.vue", "vue", 0, 0, 0, 0, 0, 0, 0, 0, 0, 0, 0, 0, 0, 112, 0, 0, 0, 4, 17, 133
"/Users/neilluo/workspaces/full-stack/misskey/packages/frontend/src/pages/admin/overview.retention.vue", "vue", 0, 0, 0, 0, 0, 0, 0, 0, 0, 0, 0, 0, 0, 13, 0, 0, 0, 4, 4, 21
"/Users/neilluo/workspaces/full-stack/misskey/packages/frontend/src/pages/admin/overview.stats.vue", "vue", 0, 0, 0, 0, 0, 0, 0, 0, 0, 0, 0, 0, 0, 155, 0, 0, 0, 4, 20, 179
"/Users/neilluo/workspaces/full-stack/misskey/packages/frontend/src/pages/admin/overview.users.vue", "vue", 0, 0, 0, 0, 0, 0, 0, 0, 0, 0, 0, 0, 0, 52, 0, 0, 0, 4, 9, 65
"/Users/neilluo/workspaces/full-stack/misskey/packages/frontend/src/pages/admin/overview.vue", "vue", 0, 0, 0, 0, 0, 0, 0, 0, 0, 0, 0, 0, 0, 168, 0, 0, 0, 4, 28, 200
"/Users/neilluo/workspaces/full-stack/misskey/packages/frontend/src/pages/admin/performance.vue", "vue", 0, 0, 0, 0, 0, 0, 0, 0, 0, 0, 0, 0, 0, 178, 0, 0, 0, 4, 28, 210
"/Users/neilluo/workspaces/full-stack/misskey/packages/frontend/src/pages/admin/queue.chart.chart.vue", "vue", 0, 0, 0, 0, 0, 0, 0, 0, 0, 0, 0, 0, 0, 121, 0, 0, 0, 4, 15, 140
"/Users/neilluo/workspaces/full-stack/misskey/packages/frontend/src/pages/admin/queue.chart.vue", "vue", 0, 0, 0, 0, 0, 0, 0, 0, 0, 0, 0, 0, 0, 136, 0, 0, 0, 4, 21, 161
"/Users/neilluo/workspaces/full-stack/misskey/packages/frontend/src/pages/admin/queue.vue", "vue", 0, 0, 0, 0, 0, 0, 0, 0, 0, 0, 0, 0, 0, 56, 0, 0, 0, 4, 12, 72
"/Users/neilluo/workspaces/full-stack/misskey/packages/frontend/src/pages/admin/relays.vue", "vue", 0, 0, 0, 0, 0, 0, 0, 0, 0, 0, 0, 0, 0, 83, 0, 0, 0, 4, 12, 99
"/Users/neilluo/workspaces/full-stack/misskey/packages/frontend/src/pages/admin/roles.edit.vue", "vue", 0, 0, 0, 0, 0, 0, 0, 0, 0, 0, 0, 0, 0, 86, 0, 0, 0, 4, 12, 102
"/Users/neilluo/workspaces/full-stack/misskey/packages/frontend/src/pages/admin/roles.editor.vue", "vue", 0, 0, 0, 0, 0, 0, 0, 0, 0, 0, 0, 0, 0, 758, 0, 0, 0, 4, 63, 825
"/Users/neilluo/workspaces/full-stack/misskey/packages/frontend/src/pages/admin/roles.role.vue", "vue", 0, 0, 0, 0, 0, 0, 0, 0, 0, 0, 0, 0, 0, 184, 0, 0, 0, 4, 30, 218
"/Users/neilluo/workspaces/full-stack/misskey/packages/frontend/src/pages/admin/roles.vue", "vue", 0, 0, 0, 0, 0, 0, 0, 0, 0, 0, 0, 0, 0, 310, 0, 0, 0, 4, 48, 362
"/Users/neilluo/workspaces/full-stack/misskey/packages/frontend/src/pages/admin/security.vue", "vue", 0, 0, 0, 0, 0, 0, 0, 0, 0, 0, 0, 0, 0, 181, 0, 0, 0, 9, 24, 214
"/Users/neilluo/workspaces/full-stack/misskey/packages/frontend/src/pages/admin/server-rules.vue", "vue", 0, 0, 0, 0, 0, 0, 0, 0, 0, 0, 0, 0, 0, 113, 0, 0, 0, 4, 17, 134
"/Users/neilluo/workspaces/full-stack/misskey/packages/frontend/src/pages/admin/settings.vue", "vue", 0, 0, 0, 0, 0, 0, 0, 0, 0, 0, 0, 0, 0, 350, 0, 0, 0, 4, 52, 406
"/Users/neilluo/workspaces/full-stack/misskey/packages/frontend/src/pages/admin/system-webhook.item.vue", "vue", 0, 0, 0, 0, 0, 0, 0, 0, 0, 0, 0, 0, 0, 66, 0, 0, 0, 4, 11, 81
"/Users/neilluo/workspaces/full-stack/misskey/packages/frontend/src/pages/admin/system-webhook.vue", "vue", 0, 0, 0, 0, 0, 0, 0, 0, 0, 0, 0, 0, 0, 73, 0, 0, 0, 4, 17, 94
"/Users/neilluo/workspaces/full-stack/misskey/packages/frontend/src/pages/admin/users.vue", "vue", 0, 0, 0, 0, 0, 0, 0, 0, 0, 0, 0, 0, 0, 171, 0, 0, 0, 4, 20, 195
"/Users/neilluo/workspaces/full-stack/misskey/packages/frontend/src/pages/ads.vue", "vue", 0, 0, 0, 0, 0, 0, 0, 0, 0, 0, 0, 0, 0, 18, 0, 0, 0, 4, 5, 27
"/Users/neilluo/workspaces/full-stack/misskey/packages/frontend/src/pages/announcement.vue", "vue", 0, 0, 0, 0, 0, 0, 0, 0, 0, 0, 0, 0, 0, 130, 0, 0, 0, 4, 18, 152
"/Users/neilluo/workspaces/full-stack/misskey/packages/frontend/src/pages/announcements.vue", "vue", 0, 0, 0, 0, 0, 0, 0, 0, 0, 0, 0, 0, 0, 130, 0, 0, 0, 4, 17, 151
"/Users/neilluo/workspaces/full-stack/misskey/packages/frontend/src/pages/antenna-timeline.vue", "vue", 0, 0, 0, 0, 0, 0, 0, 0, 0, 0, 0, 0, 0, 98, 0, 0, 0, 4, 20, 122
"/Users/neilluo/workspaces/full-stack/misskey/packages/frontend/src/pages/api-console.vue", "vue", 0, 0, 0, 0, 0, 0, 0, 0, 0, 0, 0, 0, 0, 80, 0, 0, 0, 4, 10, 94
"/Users/neilluo/workspaces/full-stack/misskey/packages/frontend/src/pages/auth.form.vue", "vue", 0, 0, 0, 0, 0, 0, 0, 0, 0, 0, 0, 0, 0, 57, 0, 0, 0, 4, 10, 71
"/Users/neilluo/workspaces/full-stack/misskey/packages/frontend/src/pages/auth.vue", "vue", 0, 0, 0, 0, 0, 0, 0, 0, 0, 0, 0, 0, 0, 94, 0, 0, 0, 4, 14, 112
"/Users/neilluo/workspaces/full-stack/misskey/packages/frontend/src/pages/avatar-decoration-edit-dialog.vue", "vue", 0, 0, 0, 0, 0, 0, 0, 0, 0, 0, 0, 0, 0, 186, 0, 0, 0, 4, 31, 221
"/Users/neilluo/workspaces/full-stack/misskey/packages/frontend/src/pages/avatar-decorations.vue", "vue", 0, 0, 0, 0, 0, 0, 0, 0, 0, 0, 0, 0, 0, 99, 0, 0, 0, 4, 15, 118
"/Users/neilluo/workspaces/full-stack/misskey/packages/frontend/src/pages/channel-editor.vue", "vue", 0, 0, 0, 0, 0, 0, 0, 0, 0, 0, 0, 0, 0, 199, 0, 0, 0, 4, 36, 239
"/Users/neilluo/workspaces/full-stack/misskey/packages/frontend/src/pages/channel.vue", "vue", 0, 0, 0, 0, 0, 0, 0, 0, 0, 0, 0, 0, 0, 297, 0, 0, 0, 5, 41, 343
"/Users/neilluo/workspaces/full-stack/misskey/packages/frontend/src/pages/channels.vue", "vue", 0, 0, 0, 0, 0, 0, 0, 0, 0, 0, 0, 0, 0, 158, 0, 0, 0, 4, 20, 182
"/Users/neilluo/workspaces/full-stack/misskey/packages/frontend/src/pages/chat/XMessage.vue", "vue", 0, 0, 0, 0, 0, 0, 0, 0, 0, 0, 0, 0, 0, 279, 0, 0, 0, 4, 43, 326
"/Users/neilluo/workspaces/full-stack/misskey/packages/frontend/src/pages/chat/XRoom.vue", "vue", 0, 0, 0, 0, 0, 0, 0, 0, 0, 0, 0, 0, 0, 30, 0, 0, 0, 4, 8, 42
"/Users/neilluo/workspaces/full-stack/misskey/packages/frontend/src/pages/chat/home.home.vue", "vue", 0, 0, 0, 0, 0, 0, 0, 0, 0, 0, 0, 0, 0, 236, 0, 0, 0, 4, 47, 287
"/Users/neilluo/workspaces/full-stack/misskey/packages/frontend/src/pages/chat/home.invitations.vue", "vue", 0, 0, 0, 0, 0, 0, 0, 0, 0, 0, 0, 0, 0, 73, 0, 0, 0, 4, 17, 94
"/Users/neilluo/workspaces/full-stack/misskey/packages/frontend/src/pages/chat/home.joiningRooms.vue", "vue", 0, 0, 0, 0, 0, 0, 0, 0, 0, 0, 0, 0, 0, 31, 0, 0, 0, 4, 11, 46
"/Users/neilluo/workspaces/full-stack/misskey/packages/frontend/src/pages/chat/home.ownedRooms.vue", "vue", 0, 0, 0, 0, 0, 0, 0, 0, 0, 0, 0, 0, 0, 32, 0, 0, 0, 4, 11, 47
"/Users/neilluo/workspaces/full-stack/misskey/packages/frontend/src/pages/chat/home.vue", "vue", 0, 0, 0, 0, 0, 0, 0, 0, 0, 0, 0, 0, 0, 49, 0, 0, 0, 4, 8, 61
"/Users/neilluo/workspaces/full-stack/misskey/packages/frontend/src/pages/chat/message.vue", "vue", 0, 0, 0, 0, 0, 0, 0, 0, 0, 0, 0, 0, 0, 38, 0, 0, 0, 4, 10, 52
"/Users/neilluo/workspaces/full-stack/misskey/packages/frontend/src/pages/chat/room.form.vue", "vue", 0, 0, 0, 0, 0, 0, 0, 0, 0, 0, 0, 0, 0, 301, 0, 0, 0, 4, 46, 351
"/Users/neilluo/workspaces/full-stack/misskey/packages/frontend/src/pages/chat/room.info.vue", "vue", 0, 0, 0, 0, 0, 0, 0, 0, 0, 0, 0, 0, 0, 76, 0, 0, 0, 4, 20, 100
"/Users/neilluo/workspaces/full-stack/misskey/packages/frontend/src/pages/chat/room.members.vue", "vue", 0, 0, 0, 0, 0, 0, 0, 0, 0, 0, 0, 0, 0, 75, 0, 0, 0, 4, 20, 99
"/Users/neilluo/workspaces/full-stack/misskey/packages/frontend/src/pages/chat/room.search.vue", "vue", 0, 0, 0, 0, 0, 0, 0, 0, 0, 0, 0, 0, 0, 59, 0, 0, 0, 4, 11, 74
"/Users/neilluo/workspaces/full-stack/misskey/packages/frontend/src/pages/chat/room.vue", "vue", 0, 0, 0, 0, 0, 0, 0, 0, 0, 0, 0, 0, 0, 439, 0, 0, 0, 4, 75, 518
"/Users/neilluo/workspaces/full-stack/misskey/packages/frontend/src/pages/clicker.vue", "vue", 0, 0, 0, 0, 0, 0, 0, 0, 0, 0, 0, 0, 0, 17, 0, 0, 0, 4, 6, 27
"/Users/neilluo/workspaces/full-stack/misskey/packages/frontend/src/pages/clip.vue", "vue", 0, 0, 0, 0, 0, 0, 0, 0, 0, 0, 0, 0, 0, 188, 0, 0, 0, 4, 25, 217
"/Users/neilluo/workspaces/full-stack/misskey/packages/frontend/src/pages/contact.vue", "vue", 0, 0, 0, 0, 0, 0, 0, 0, 0, 0, 0, 0, 0, 40, 0, 0, 0, 4, 4, 48
"/Users/neilluo/workspaces/full-stack/misskey/packages/frontend/src/pages/custom-emojis-manager.vue", "vue", 0, 0, 0, 0, 0, 0, 0, 0, 0, 0, 0, 0, 0, 389, 0, 0, 0, 4, 42, 435
"/Users/neilluo/workspaces/full-stack/misskey/packages/frontend/src/pages/drive.file.info.vue", "vue", 0, 0, 0, 0, 0, 0, 0, 0, 0, 0, 0, 0, 0, 293, 0, 0, 0, 4, 48, 345
"/Users/neilluo/workspaces/full-stack/misskey/packages/frontend/src/pages/drive.file.notes.vue", "vue", 0, 0, 0, 0, 0, 0, 0, 0, 0, 0, 0, 0, 0, 24, 0, 0, 0, 4, 6, 34
"/Users/neilluo/workspaces/full-stack/misskey/packages/frontend/src/pages/drive.file.vue", "vue", 0, 0, 0, 0, 0, 0, 0, 0, 0, 0, 0, 0, 0, 41, 0, 0, 0, 4, 11, 56
"/Users/neilluo/workspaces/full-stack/misskey/packages/frontend/src/pages/drive.vue", "vue", 0, 0, 0, 0, 0, 0, 0, 0, 0, 0, 0, 0, 0, 20, 0, 0, 0, 4, 7, 31
"/Users/neilluo/workspaces/full-stack/misskey/packages/frontend/src/pages/drop-and-fusion.game.vue", "vue", 0, 0, 0, 0, 0, 0, 0, 0, 0, 0, 0, 0, 0, 1370, 0, 0, 0, 6, 134, 1510
"/Users/neilluo/workspaces/full-stack/misskey/packages/frontend/src/pages/drop-and-fusion.vue", "vue", 0, 0, 0, 0, 0, 0, 0, 0, 0, 0, 0, 0, 0, 143, 0, 0, 0, 5, 13, 161
"/Users/neilluo/workspaces/full-stack/misskey/packages/frontend/src/pages/emoji-edit-dialog.vue", "vue", 0, 0, 0, 0, 0, 0, 0, 0, 0, 0, 0, 0, 0, 216, 0, 0, 0, 4, 33, 253
"/Users/neilluo/workspaces/full-stack/misskey/packages/frontend/src/pages/emojis.emoji.vue", "vue", 0, 0, 0, 0, 0, 0, 0, 0, 0, 0, 0, 0, 0, 98, 0, 0, 0, 4, 14, 116
"/Users/neilluo/workspaces/full-stack/misskey/packages/frontend/src/pages/explore.featured.vue", "vue", 0, 0, 0, 0, 0, 0, 0, 0, 0, 0, 0, 0, 0, 29, 0, 0, 0, 4, 6, 39
"/Users/neilluo/workspaces/full-stack/misskey/packages/frontend/src/pages/explore.roles.vue", "vue", 0, 0, 0, 0, 0, 0, 0, 0, 0, 0, 0, 0, 0, 17, 0, 0, 0, 4, 6, 27
"/Users/neilluo/workspaces/full-stack/misskey/packages/frontend/src/pages/explore.users.vue", "vue", 0, 0, 0, 0, 0, 0, 0, 0, 0, 0, 0, 0, 0, 126, 0, 0, 0, 4, 12, 142
"/Users/neilluo/workspaces/full-stack/misskey/packages/frontend/src/pages/explore.vue", "vue", 0, 0, 0, 0, 0, 0, 0, 0, 0, 0, 0, 0, 0, 54, 0, 0, 0, 4, 9, 67
"/Users/neilluo/workspaces/full-stack/misskey/packages/frontend/src/pages/favorites.vue", "vue", 0, 0, 0, 0, 0, 0, 0, 0, 0, 0, 0, 0, 0, 41, 0, 0, 0, 4, 7, 52
"/Users/neilluo/workspaces/full-stack/misskey/packages/frontend/src/pages/flash/flash-edit.vue", "vue", 0, 0, 0, 0, 0, 0, 0, 0, 0, 0, 0, 0, 0, 417, 0, 0, 0, 4, 53, 474
"/Users/neilluo/workspaces/full-stack/misskey/packages/frontend/src/pages/flash/flash-index.vue", "vue", 0, 0, 0, 0, 0, 0, 0, 0, 0, 0, 0, 0, 0, 82, 0, 0, 0, 4, 12, 98
"/Users/neilluo/workspaces/full-stack/misskey/packages/frontend/src/pages/flash/flash.vue", "vue", 0, 0, 0, 0, 0, 0, 0, 0, 0, 0, 0, 0, 0, 346, 0, 0, 0, 4, 56, 406
"/Users/neilluo/workspaces/full-stack/misskey/packages/frontend/src/pages/follow-requests.vue", "vue", 0, 0, 0, 0, 0, 0, 0, 0, 0, 0, 0, 0, 0, 162, 0, 0, 0, 4, 25, 191
"/Users/neilluo/workspaces/full-stack/misskey/packages/frontend/src/pages/gallery/edit.vue", "vue", 0, 0, 0, 0, 0, 0, 0, 0, 0, 0, 0, 0, 0, 129, 0, 0, 0, 4, 22, 155
"/Users/neilluo/workspaces/full-stack/misskey/packages/frontend/src/pages/gallery/index.vue", "vue", 0, 0, 0, 0, 0, 0, 0, 0, 0, 0, 0, 0, 0, 118, 0, 0, 0, 4, 13, 135
"/Users/neilluo/workspaces/full-stack/misskey/packages/frontend/src/pages/gallery/post.vue", "vue", 0, 0, 0, 0, 0, 0, 0, 0, 0, 0, 0, 0, 0, 280, 0, 0, 0, 4, 45, 329
"/Users/neilluo/workspaces/full-stack/misskey/packages/frontend/src/pages/games.vue", "vue", 0, 0, 0, 0, 0, 0, 0, 0, 0, 0, 0, 0, 0, 32, 0, 0, 0, 4, 5, 41
"/Users/neilluo/workspaces/full-stack/misskey/packages/frontend/src/pages/install-extensions.vue", "vue", 0, 0, 0, 0, 0, 0, 0, 0, 0, 0, 0, 0, 0, 247, 0, 0, 0, 5, 24, 276
"/Users/neilluo/workspaces/full-stack/misskey/packages/frontend/src/pages/instance-info.vue", "vue", 0, 0, 0, 0, 0, 0, 0, 0, 0, 0, 0, 0, 0, 306, 0, 0, 0, 4, 28, 338
"/Users/neilluo/workspaces/full-stack/misskey/packages/frontend/src/pages/invite.vue", "vue", 0, 0, 0, 0, 0, 0, 0, 0, 0, 0, 0, 0, 0, 98, 0, 0, 0, 4, 17, 119
"/Users/neilluo/workspaces/full-stack/misskey/packages/frontend/src/pages/list.vue", "vue", 0, 0, 0, 0, 0, 0, 0, 0, 0, 0, 0, 0, 0, 128, 0, 0, 0, 4, 20, 152
"/Users/neilluo/workspaces/full-stack/misskey/packages/frontend/src/pages/lookup.vue", "vue", 0, 0, 0, 0, 0, 0, 0, 0, 0, 0, 0, 0, 0, 77, 0, 0, 0, 4, 16, 97
"/Users/neilluo/workspaces/full-stack/misskey/packages/frontend/src/pages/miauth.vue", "vue", 0, 0, 0, 0, 0, 0, 0, 0, 0, 0, 0, 0, 0, 102, 0, 0, 0, 4, 13, 119
"/Users/neilluo/workspaces/full-stack/misskey/packages/frontend/src/pages/my-antennas/create.vue", "vue", 0, 0, 0, 0, 0, 0, 0, 0, 0, 0, 0, 0, 0, 24, 0, 0, 0, 4, 7, 35
"/Users/neilluo/workspaces/full-stack/misskey/packages/frontend/src/pages/my-antennas/edit.vue", "vue", 0, 0, 0, 0, 0, 0, 0, 0, 0, 0, 0, 0, 0, 33, 0, 0, 0, 4, 10, 47
"/Users/neilluo/workspaces/full-stack/misskey/packages/frontend/src/pages/my-antennas/index.vue", "vue", 0, 0, 0, 0, 0, 0, 0, 0, 0, 0, 0, 0, 0, 68, 0, 0, 0, 4, 16, 88
"/Users/neilluo/workspaces/full-stack/misskey/packages/frontend/src/pages/my-clips/index.vue", "vue", 0, 0, 0, 0, 0, 0, 0, 0, 0, 0, 0, 0, 0, 87, 0, 0, 0, 4, 20, 111
"/Users/neilluo/workspaces/full-stack/misskey/packages/frontend/src/pages/my-lists/index.vue", "vue", 0, 0, 0, 0, 0, 0, 0, 0, 0, 0, 0, 0, 0, 81, 0, 0, 0, 4, 17, 102
"/Users/neilluo/workspaces/full-stack/misskey/packages/frontend/src/pages/my-lists/list.vue", "vue", 0, 0, 0, 0, 0, 0, 0, 0, 0, 0, 0, 0, 0, 200, 0, 0, 0, 4, 33, 237
"/Users/neilluo/workspaces/full-stack/misskey/packages/frontend/src/pages/not-found.vue", "vue", 0, 0, 0, 0, 0, 0, 0, 0, 0, 0, 0, 0, 0, 27, 0, 0, 0, 4, 8, 39
"/Users/neilluo/workspaces/full-stack/misskey/packages/frontend/src/pages/note.vue", "vue", 0, 0, 0, 0, 0, 0, 0, 0, 0, 0, 0, 0, 0, 184, 0, 0, 0, 4, 25, 213
"/Users/neilluo/workspaces/full-stack/misskey/packages/frontend/src/pages/notifications.vue", "vue", 0, 0, 0, 0, 0, 0, 0, 0, 0, 0, 0, 0, 0, 91, 0, 0, 0, 4, 11, 106
"/Users/neilluo/workspaces/full-stack/misskey/packages/frontend/src/pages/oauth.vue", "vue", 0, 0, 0, 0, 0, 0, 0, 0, 0, 0, 0, 0, 0, 85, 0, 0, 0, 4, 15, 104
"/Users/neilluo/workspaces/full-stack/misskey/packages/frontend/src/pages/page-editor/common.ts", "TypeScript", 0, 0, 9, 0, 0, 0, 0, 0, 0, 0, 0, 0, 0, 0, 0, 0, 0, 4, 3, 16
"/Users/neilluo/workspaces/full-stack/misskey/packages/frontend/src/pages/page-editor/els/page-editor.el.image.vue", "vue", 0, 0, 0, 0, 0, 0, 0, 0, 0, 0, 0, 0, 0, 51, 0, 0, 0, 5, 9, 65
"/Users/neilluo/workspaces/full-stack/misskey/packages/frontend/src/pages/page-editor/els/page-editor.el.note.vue", "vue", 0, 0, 0, 0, 0, 0, 0, 0, 0, 0, 0, 0, 0, 50, 0, 0, 0, 5, 11, 66
"/Users/neilluo/workspaces/full-stack/misskey/packages/frontend/src/pages/page-editor/els/page-editor.el.section.vue", "vue", 0, 0, 0, 0, 0, 0, 0, 0, 0, 0, 0, 0, 0, 80, 0, 0, 0, 5, 17, 102
"/Users/neilluo/workspaces/full-stack/misskey/packages/frontend/src/pages/page-editor/els/page-editor.el.text.vue", "vue", 0, 0, 0, 0, 0, 0, 0, 0, 0, 0, 0, 0, 0, 54, 0, 0, 0, 5, 12, 71
"/Users/neilluo/workspaces/full-stack/misskey/packages/frontend/src/pages/page-editor/page-editor.blocks.vue", "vue", 0, 0, 0, 0, 0, 0, 0, 0, 0, 0, 0, 0, 0, 57, 0, 0, 0, 5, 10, 72
"/Users/neilluo/workspaces/full-stack/misskey/packages/frontend/src/pages/page-editor/page-editor.container.vue", "vue", 0, 0, 0, 0, 0, 0, 0, 0, 0, 0, 0, 0, 0, 106, 0, 0, 0, 4, 20, 130
"/Users/neilluo/workspaces/full-stack/misskey/packages/frontend/src/pages/page-editor/page-editor.vue", "vue", 0, 0, 0, 0, 0, 0, 0, 0, 0, 0, 0, 0, 0, 310, 0, 0, 0, 4, 59, 373
"/Users/neilluo/workspaces/full-stack/misskey/packages/frontend/src/pages/page.vue", "vue", 0, 0, 0, 0, 0, 0, 0, 0, 0, 0, 0, 0, 0, 459, 0, 0, 0, 4, 73, 536
"/Users/neilluo/workspaces/full-stack/misskey/packages/frontend/src/pages/pages.vue", "vue", 0, 0, 0, 0, 0, 0, 0, 0, 0, 0, 0, 0, 0, 79, 0, 0, 0, 4, 12, 95
"/Users/neilluo/workspaces/full-stack/misskey/packages/frontend/src/pages/preview.vue", "vue", 0, 0, 0, 0, 0, 0, 0, 0, 0, 0, 0, 0, 0, 17, 0, 0, 0, 4, 6, 27
"/Users/neilluo/workspaces/full-stack/misskey/packages/frontend/src/pages/registry.keys.vue", "vue", 0, 0, 0, 0, 0, 0, 0, 0, 0, 0, 0, 0, 0, 85, 0, 0, 0, 4, 14, 103
"/Users/neilluo/workspaces/full-stack/misskey/packages/frontend/src/pages/registry.value.vue", "vue", 0, 0, 0, 0, 0, 0, 0, 0, 0, 0, 0, 0, 0, 108, 0, 0, 0, 4, 18, 130
"/Users/neilluo/workspaces/full-stack/misskey/packages/frontend/src/pages/registry.vue", "vue", 0, 0, 0, 0, 0, 0, 0, 0, 0, 0, 0, 0, 0, 65, 0, 0, 0, 4, 11, 80
"/Users/neilluo/workspaces/full-stack/misskey/packages/frontend/src/pages/reset-password.vue", "vue", 0, 0, 0, 0, 0, 0, 0, 0, 0, 0, 0, 0, 0, 47, 0, 0, 0, 4, 11, 62
"/Users/neilluo/workspaces/full-stack/misskey/packages/frontend/src/pages/reversi/game.board.vue", "vue", 0, 0, 0, 0, 0, 0, 0, 0, 0, 0, 0, 0, 0, 532, 0, 0, 0, 4, 88, 624
"/Users/neilluo/workspaces/full-stack/misskey/packages/frontend/src/pages/reversi/game.setting.vue", "vue", 0, 0, 0, 0, 0, 0, 0, 0, 0, 0, 0, 0, 0, 255, 0, 0, 0, 4, 40, 299
"/Users/neilluo/workspaces/full-stack/misskey/packages/frontend/src/pages/reversi/game.vue", "vue", 0, 0, 0, 0, 0, 0, 0, 0, 0, 0, 0, 0, 0, 97, 0, 0, 0, 4, 21, 122
"/Users/neilluo/workspaces/full-stack/misskey/packages/frontend/src/pages/reversi/index.vue", "vue", 0, 0, 0, 0, 0, 0, 0, 0, 0, 0, 0, 0, 0, 300, 0, 0, 0, 4, 50, 354
"/Users/neilluo/workspaces/full-stack/misskey/packages/frontend/src/pages/role.vue", "vue", 0, 0, 0, 0, 0, 0, 0, 0, 0, 0, 0, 0, 0, 104, 0, 0, 0, 4, 13, 121
"/Users/neilluo/workspaces/full-stack/misskey/packages/frontend/src/pages/scratchpad.vue", "vue", 0, 0, 0, 0, 0, 0, 0, 0, 0, 0, 0, 0, 0, 243, 0, 0, 0, 4, 31, 278
"/Users/neilluo/workspaces/full-stack/misskey/packages/frontend/src/pages/search.note.vue", "vue", 0, 0, 0, 0, 0, 0, 0, 0, 0, 0, 0, 0, 0, 313, 0, 0, 0, 4, 42, 359
"/Users/neilluo/workspaces/full-stack/misskey/packages/frontend/src/pages/search.stories.impl.ts", "TypeScript", 0, 0, 77, 0, 0, 0, 0, 0, 0, 0, 0, 0, 0, 0, 0, 0, 0, 4, 8, 89
"/Users/neilluo/workspaces/full-stack/misskey/packages/frontend/src/pages/search.user.vue", "vue", 0, 0, 0, 0, 0, 0, 0, 0, 0, 0, 0, 0, 0, 104, 0, 0, 0, 4, 19, 127
"/Users/neilluo/workspaces/full-stack/misskey/packages/frontend/src/pages/search.vue", "vue", 0, 0, 0, 0, 0, 0, 0, 0, 0, 0, 0, 0, 0, 60, 0, 0, 0, 4, 10, 74
"/Users/neilluo/workspaces/full-stack/misskey/packages/frontend/src/pages/settings/2fa.qrdialog.vue", "vue", 0, 0, 0, 0, 0, 0, 0, 0, 0, 0, 0, 0, 0, 172, 0, 0, 0, 5, 23, 200
"/Users/neilluo/workspaces/full-stack/misskey/packages/frontend/src/pages/settings/2fa.vue", "vue", 0, 0, 0, 0, 0, 0, 0, 0, 0, 0, 0, 0, 0, 201, 0, 0, 0, 4, 34, 239
"/Users/neilluo/workspaces/full-stack/misskey/packages/frontend/src/pages/settings/account-data.vue", "vue", 0, 0, 0, 0, 0, 0, 0, 0, 0, 0, 0, 0, 0, 242, 0, 0, 0, 4, 32, 278
"/Users/neilluo/workspaces/full-stack/misskey/packages/frontend/src/pages/settings/accounts.vue", "vue", 0, 0, 0, 0, 0, 0, 0, 0, 0, 0, 0, 0, 0, 114, 0, 0, 0, 5, 20, 139
"/Users/neilluo/workspaces/full-stack/misskey/packages/frontend/src/pages/settings/apps.vue", "vue", 0, 0, 0, 0, 0, 0, 0, 0, 0, 0, 0, 0, 0, 87, 0, 0, 0, 4, 11, 102
"/Users/neilluo/workspaces/full-stack/misskey/packages/frontend/src/pages/settings/avatar-decoration.decoration.vue", "vue", 0, 0, 0, 0, 0, 0, 0, 0, 0, 0, 0, 0, 0, 60, 0, 0, 0, 4, 11, 75
"/Users/neilluo/workspaces/full-stack/misskey/packages/frontend/src/pages/settings/avatar-decoration.dialog.vue", "vue", 0, 0, 0, 0, 0, 0, 0, 0, 0, 0, 0, 0, 0, 140, 0, 0, 0, 4, 16, 160
"/Users/neilluo/workspaces/full-stack/misskey/packages/frontend/src/pages/settings/avatar-decoration.vue", "vue", 0, 0, 0, 0, 0, 0, 0, 0, 0, 0, 0, 0, 0, 136, 0, 0, 0, 4, 19, 159
"/Users/neilluo/workspaces/full-stack/misskey/packages/frontend/src/pages/settings/connect.vue", "vue", 0, 0, 0, 0, 0, 0, 0, 0, 0, 0, 0, 0, 0, 93, 0, 0, 0, 4, 16, 113
"/Users/neilluo/workspaces/full-stack/misskey/packages/frontend/src/pages/settings/custom-css.vue", "vue", 0, 0, 0, 0, 0, 0, 0, 0, 0, 0, 0, 0, 0, 37, 0, 0, 0, 4, 12, 53
"/Users/neilluo/workspaces/full-stack/misskey/packages/frontend/src/pages/settings/deck.vue", "vue", 0, 0, 0, 0, 0, 0, 0, 0, 0, 0, 0, 0, 0, 121, 0, 0, 0, 4, 20, 145
"/Users/neilluo/workspaces/full-stack/misskey/packages/frontend/src/pages/settings/drive-cleaner.vue", "vue", 0, 0, 0, 0, 0, 0, 0, 0, 0, 0, 0, 0, 0, 139, 0, 0, 0, 4, 20, 163
"/Users/neilluo/workspaces/full-stack/misskey/packages/frontend/src/pages/settings/drive.vue", "vue", 0, 0, 0, 0, 0, 0, 0, 0, 0, 0, 0, 0, 0, 163, 0, 0, 0, 4, 24, 191
"/Users/neilluo/workspaces/full-stack/misskey/packages/frontend/src/pages/settings/email.vue", "vue", 0, 0, 0, 0, 0, 0, 0, 0, 0, 0, 0, 0, 0, 110, 0, 0, 0, 4, 19, 133
"/Users/neilluo/workspaces/full-stack/misskey/packages/frontend/src/pages/settings/emoji-palette.palette.vue", "vue", 0, 0, 0, 0, 0, 0, 0, 0, 0, 0, 0, 0, 0, 143, 0, 0, 0, 4, 20, 167
"/Users/neilluo/workspaces/full-stack/misskey/packages/frontend/src/pages/settings/emoji-palette.vue", "vue", 0, 0, 0, 0, 0, 0, 0, 0, 0, 0, 0, 0, 0, 220, 0, 0, 0, 4, 28, 252
"/Users/neilluo/workspaces/full-stack/misskey/packages/frontend/src/pages/settings/index.vue", "vue", 0, 0, 0, 0, 0, 0, 0, 0, 0, 0, 0, 0, 0, 230, 0, 0, 0, 4, 26, 260
"/Users/neilluo/workspaces/full-stack/misskey/packages/frontend/src/pages/settings/migration.vue", "vue", 0, 0, 0, 0, 0, 0, 0, 0, 0, 0, 0, 0, 0, 109, 0, 0, 0, 4, 17, 130
"/Users/neilluo/workspaces/full-stack/misskey/packages/frontend/src/pages/settings/mute-block.instance-mute.vue", "vue", 0, 0, 0, 0, 0, 0, 0, 0, 0, 0, 0, 0, 0, 37, 0, 0, 0, 4, 10, 51
"/Users/neilluo/workspaces/full-stack/misskey/packages/frontend/src/pages/settings/mute-block.vue", "vue", 0, 0, 0, 0, 0, 0, 0, 0, 0, 0, 0, 0, 0, 292, 0, 0, 0, 4, 45, 341
"/Users/neilluo/workspaces/full-stack/misskey/packages/frontend/src/pages/settings/mute-block.word-mute.vue", "vue", 0, 0, 0, 0, 0, 0, 0, 0, 0, 0, 0, 0, 0, 75, 0, 0, 0, 4, 14, 93
"/Users/neilluo/workspaces/full-stack/misskey/packages/frontend/src/pages/settings/navbar.vue", "vue", 0, 0, 0, 0, 0, 0, 0, 0, 0, 0, 0, 0, 0, 141, 0, 0, 0, 4, 20, 165
"/Users/neilluo/workspaces/full-stack/misskey/packages/frontend/src/pages/settings/notifications.notification-config.vue", "vue", 0, 0, 0, 0, 0, 0, 0, 0, 0, 0, 0, 0, 0, 60, 0, 0, 0, 4, 12, 76
"/Users/neilluo/workspaces/full-stack/misskey/packages/frontend/src/pages/settings/notifications.vue", "vue", 0, 0, 0, 0, 0, 0, 0, 0, 0, 0, 0, 0, 0, 123, 0, 0, 0, 4, 21, 148
"/Users/neilluo/workspaces/full-stack/misskey/packages/frontend/src/pages/settings/other.vue", "vue", 0, 0, 0, 0, 0, 0, 0, 0, 0, 0, 0, 0, 0, 155, 0, 0, 0, 12, 35, 202
"/Users/neilluo/workspaces/full-stack/misskey/packages/frontend/src/pages/settings/plugin.install.vue", "vue", 0, 0, 0, 0, 0, 0, 0, 0, 0, 0, 0, 0, 0, 45, 0, 0, 0, 4, 12, 61
"/Users/neilluo/workspaces/full-stack/misskey/packages/frontend/src/pages/settings/plugin.vue", "vue", 0, 0, 0, 0, 0, 0, 0, 0, 0, 0, 0, 0, 0, 132, 0, 0, 0, 4, 24, 160
"/Users/neilluo/workspaces/full-stack/misskey/packages/frontend/src/pages/settings/preferences.vue", "vue", 0, 0, 0, 0, 0, 0, 0, 0, 0, 0, 0, 0, 0, 858, 0, 0, 0, 5, 112, 975
"/Users/neilluo/workspaces/full-stack/misskey/packages/frontend/src/pages/settings/privacy.vue", "vue", 0, 0, 0, 0, 0, 0, 0, 0, 0, 0, 0, 0, 0, 256, 0, 0, 0, 4, 38, 298
"/Users/neilluo/workspaces/full-stack/misskey/packages/frontend/src/pages/settings/profile.vue", "vue", 0, 0, 0, 0, 0, 0, 0, 0, 0, 0, 0, 0, 0, 341, 0, 0, 0, 4, 53, 398
"/Users/neilluo/workspaces/full-stack/misskey/packages/frontend/src/pages/settings/security.vue", "vue", 0, 0, 0, 0, 0, 0, 0, 0, 0, 0, 0, 0, 0, 144, 0, 0, 0, 4, 29, 177
"/Users/neilluo/workspaces/full-stack/misskey/packages/frontend/src/pages/settings/sounds.sound.vue", "vue", 0, 0, 0, 0, 0, 0, 0, 0, 0, 0, 0, 0, 0, 180, 0, 0, 0, 4, 25, 209
"/Users/neilluo/workspaces/full-stack/misskey/packages/frontend/src/pages/settings/sounds.vue", "vue", 0, 0, 0, 0, 0, 0, 0, 0, 0, 0, 0, 0, 0, 110, 0, 0, 0, 4, 17, 131
"/Users/neilluo/workspaces/full-stack/misskey/packages/frontend/src/pages/settings/statusbar.statusbar.vue", "vue", 0, 0, 0, 0, 0, 0, 0, 0, 0, 0, 0, 0, 0, 129, 0, 0, 0, 4, 14, 147
"/Users/neilluo/workspaces/full-stack/misskey/packages/frontend/src/pages/settings/statusbar.vue", "vue", 0, 0, 0, 0, 0, 0, 0, 0, 0, 0, 0, 0, 0, 44, 0, 0, 0, 4, 10, 58
"/Users/neilluo/workspaces/full-stack/misskey/packages/frontend/src/pages/settings/theme.install.vue", "vue", 0, 0, 0, 0, 0, 0, 0, 0, 0, 0, 0, 0, 0, 57, 0, 0, 0, 4, 10, 71
"/Users/neilluo/workspaces/full-stack/misskey/packages/frontend/src/pages/settings/theme.manage.vue", "vue", 0, 0, 0, 0, 0, 0, 0, 0, 0, 0, 0, 0, 0, 67, 0, 0, 0, 4, 12, 83
"/Users/neilluo/workspaces/full-stack/misskey/packages/frontend/src/pages/settings/theme.vue", "vue", 0, 0, 0, 0, 0, 0, 0, 0, 0, 0, 0, 0, 0, 510, 0, 0, 0, 4, 67, 581
"/Users/neilluo/workspaces/full-stack/misskey/packages/frontend/src/pages/settings/webhook.edit.vue", "vue", 0, 0, 0, 0, 0, 0, 0, 0, 0, 0, 0, 0, 0, 159, 0, 0, 0, 4, 27, 190
"/Users/neilluo/workspaces/full-stack/misskey/packages/frontend/src/pages/settings/webhook.new.vue", "vue", 0, 0, 0, 0, 0, 0, 0, 0, 0, 0, 0, 0, 0, 71, 0, 0, 0, 4, 15, 90
"/Users/neilluo/workspaces/full-stack/misskey/packages/frontend/src/pages/share.vue", "vue", 0, 0, 0, 0, 0, 0, 0, 0, 0, 0, 0, 0, 0, 181, 0, 0, 0, 4, 21, 206
"/Users/neilluo/workspaces/full-stack/misskey/packages/frontend/src/pages/signup-complete.vue", "vue", 0, 0, 0, 0, 0, 0, 0, 0, 0, 0, 0, 0, 0, 71, 0, 0, 0, 4, 11, 86
"/Users/neilluo/workspaces/full-stack/misskey/packages/frontend/src/pages/tag.vue", "vue", 0, 0, 0, 0, 0, 0, 0, 0, 0, 0, 0, 0, 0, 74, 0, 0, 0, 4, 11, 89
"/Users/neilluo/workspaces/full-stack/misskey/packages/frontend/src/pages/theme-editor.vue", "vue", 0, 0, 0, 0, 0, 0, 0, 0, 0, 0, 0, 0, 0, 249, 0, 0, 0, 4, 35, 288
"/Users/neilluo/workspaces/full-stack/misskey/packages/frontend/src/pages/timeline.vue", "vue", 0, 0, 0, 0, 0, 0, 0, 0, 0, 0, 0, 0, 0, 327, 0, 0, 0, 4, 42, 373
"/Users/neilluo/workspaces/full-stack/misskey/packages/frontend/src/pages/user-list-timeline.vue", "vue", 0, 0, 0, 0, 0, 0, 0, 0, 0, 0, 0, 0, 0, 83, 0, 0, 0, 4, 17, 104
"/Users/neilluo/workspaces/full-stack/misskey/packages/frontend/src/pages/user-tag.vue", "vue", 0, 0, 0, 0, 0, 0, 0, 0, 0, 0, 0, 0, 0, 30, 0, 0, 0, 4, 7, 41
"/Users/neilluo/workspaces/full-stack/misskey/packages/frontend/src/pages/user/achievements.vue", "vue", 0, 0, 0, 0, 0, 0, 0, 0, 0, 0, 0, 0, 0, 41, 0, 0, 0, 4, 12, 57
"/Users/neilluo/workspaces/full-stack/misskey/packages/frontend/src/pages/user/activity.following.vue", "vue", 0, 0, 0, 0, 0, 0, 0, 0, 0, 0, 0, 0, 0, 159, 0, 0, 0, 4, 19, 182
"/Users/neilluo/workspaces/full-stack/misskey/packages/frontend/src/pages/user/activity.notes.vue", "vue", 0, 0, 0, 0, 0, 0, 0, 0, 0, 0, 0, 0, 0, 158, 0, 0, 0, 4, 19, 181
"/Users/neilluo/workspaces/full-stack/misskey/packages/frontend/src/pages/user/activity.pv.vue", "vue", 0, 0, 0, 0, 0, 0, 0, 0, 0, 0, 0, 0, 0, 169, 0, 0, 0, 4, 19, 192
"/Users/neilluo/workspaces/full-stack/misskey/packages/frontend/src/pages/user/activity.vue", "vue", 0, 0, 0, 0, 0, 0, 0, 0, 0, 0, 0, 0, 0, 33, 0, 0, 0, 4, 5, 42
"/Users/neilluo/workspaces/full-stack/misskey/packages/frontend/src/pages/user/clips.vue", "vue", 0, 0, 0, 0, 0, 0, 0, 0, 0, 0, 0, 0, 0, 38, 0, 0, 0, 4, 7, 49
"/Users/neilluo/workspaces/full-stack/misskey/packages/frontend/src/pages/user/files.vue", "vue", 0, 0, 0, 0, 0, 0, 0, 0, 0, 0, 0, 0, 0, 43, 0, 0, 0, 4, 10, 57
"/Users/neilluo/workspaces/full-stack/misskey/packages/frontend/src/pages/user/flashs.vue", "vue", 0, 0, 0, 0, 0, 0, 0, 0, 0, 0, 0, 0, 0, 23, 0, 0, 0, 4, 5, 32
"/Users/neilluo/workspaces/full-stack/misskey/packages/frontend/src/pages/user/follow-list.vue", "vue", 0, 0, 0, 0, 0, 0, 0, 0, 0, 0, 0, 0, 0, 40, 0, 0, 0, 4, 7, 51
"/Users/neilluo/workspaces/full-stack/misskey/packages/frontend/src/pages/user/followers.vue", "vue", 0, 0, 0, 0, 0, 0, 0, 0, 0, 0, 0, 0, 0, 51, 0, 0, 0, 4, 10, 65
"/Users/neilluo/workspaces/full-stack/misskey/packages/frontend/src/pages/user/following.vue", "vue", 0, 0, 0, 0, 0, 0, 0, 0, 0, 0, 0, 0, 0, 51, 0, 0, 0, 4, 10, 65
"/Users/neilluo/workspaces/full-stack/misskey/packages/frontend/src/pages/user/gallery.vue", "vue", 0, 0, 0, 0, 0, 0, 0, 0, 0, 0, 0, 0, 0, 34, 0, 0, 0, 4, 6, 44
"/Users/neilluo/workspaces/full-stack/misskey/packages/frontend/src/pages/user/home.stories.impl.ts", "TypeScript", 0, 0, 74, 0, 0, 0, 0, 0, 0, 0, 0, 0, 0, 0, 0, 0, 0, 6, 2, 82
"/Users/neilluo/workspaces/full-stack/misskey/packages/frontend/src/pages/user/home.vue", "vue", 0, 0, 0, 0, 0, 0, 0, 0, 0, 0, 0, 0, 0, 628, 0, 0, 0, 7, 93, 728
"/Users/neilluo/workspaces/full-stack/misskey/packages/frontend/src/pages/user/index.activity.vue", "vue", 0, 0, 0, 0, 0, 0, 0, 0, 0, 0, 0, 0, 0, 54, 0, 0, 0, 4, 7, 65
"/Users/neilluo/workspaces/full-stack/misskey/packages/frontend/src/pages/user/index.files.vue", "vue", 0, 0, 0, 0, 0, 0, 0, 0, 0, 0, 0, 0, 0, 84, 0, 0, 0, 4, 13, 101
"/Users/neilluo/workspaces/full-stack/misskey/packages/frontend/src/pages/user/index.timeline.vue", "vue", 0, 0, 0, 0, 0, 0, 0, 0, 0, 0, 0, 0, 0, 52, 0, 0, 0, 4, 8, 64
"/Users/neilluo/workspaces/full-stack/misskey/packages/frontend/src/pages/user/index.vue", "vue", 0, 0, 0, 0, 0, 0, 0, 0, 0, 0, 0, 0, 0, 142, 0, 0, 0, 4, 16, 162
"/Users/neilluo/workspaces/full-stack/misskey/packages/frontend/src/pages/user/lists.vue", "vue", 0, 0, 0, 0, 0, 0, 0, 0, 0, 0, 0, 0, 0, 46, 0, 0, 0, 4, 7, 57
"/Users/neilluo/workspaces/full-stack/misskey/packages/frontend/src/pages/user/pages.vue", "vue", 0, 0, 0, 0, 0, 0, 0, 0, 0, 0, 0, 0, 0, 23, 0, 0, 0, 4, 5, 32
"/Users/neilluo/workspaces/full-stack/misskey/packages/frontend/src/pages/user/raw.vue", "vue", 0, 0, 0, 0, 0, 0, 0, 0, 0, 0, 0, 0, 0, 109, 0, 0, 0, 4, 18, 131
"/Users/neilluo/workspaces/full-stack/misskey/packages/frontend/src/pages/user/reactions.vue", "vue", 0, 0, 0, 0, 0, 0, 0, 0, 0, 0, 0, 0, 0, 52, 0, 0, 0, 4, 9, 65
"/Users/neilluo/workspaces/full-stack/misskey/packages/frontend/src/pages/welcome.entrance.a.vue", "vue", 0, 0, 0, 0, 0, 0, 0, 0, 0, 0, 0, 0, 0, 158, 0, 0, 0, 5, 22, 185
"/Users/neilluo/workspaces/full-stack/misskey/packages/frontend/src/pages/welcome.setup.vue", "vue", 0, 0, 0, 0, 0, 0, 0, 0, 0, 0, 0, 0, 0, 105, 0, 0, 0, 4, 13, 122
"/Users/neilluo/workspaces/full-stack/misskey/packages/frontend/src/pages/welcome.timeline.note.vue", "vue", 0, 0, 0, 0, 0, 0, 0, 0, 0, 0, 0, 0, 0, 92, 0, 0, 0, 4, 14, 110
"/Users/neilluo/workspaces/full-stack/misskey/packages/frontend/src/pages/welcome.timeline.vue", "vue", 0, 0, 0, 0, 0, 0, 0, 0, 0, 0, 0, 0, 0, 86, 0, 0, 0, 4, 13, 103
"/Users/neilluo/workspaces/full-stack/misskey/packages/frontend/src/pages/welcome.vue", "vue", 0, 0, 0, 0, 0, 0, 0, 0, 0, 0, 0, 0, 0, 25, 0, 0, 0, 4, 8, 37
"/Users/neilluo/workspaces/full-stack/misskey/packages/frontend/src/plugin.ts", "TypeScript", 0, 0, 361, 0, 0, 0, 0, 0, 0, 0, 0, 0, 0, 0, 0, 0, 0, 6, 66, 433
"/Users/neilluo/workspaces/full-stack/misskey/packages/frontend/src/pref-migrate.ts", "TypeScript", 0, 0, 134, 0, 0, 0, 0, 0, 0, 0, 0, 0, 0, 0, 0, 0, 0, 5, 8, 147
"/Users/neilluo/workspaces/full-stack/misskey/packages/frontend/src/preferences.ts", "TypeScript", 0, 0, 115, 0, 0, 0, 0, 0, 0, 0, 0, 0, 0, 0, 0, 0, 0, 7, 29, 151
"/Users/neilluo/workspaces/full-stack/misskey/packages/frontend/src/preferences/def.ts", "TypeScript", 0, 0, 381, 0, 0, 0, 0, 0, 0, 0, 0, 0, 0, 0, 0, 0, 0, 10, 16, 407
"/Users/neilluo/workspaces/full-stack/misskey/packages/frontend/src/preferences/manager.ts", "TypeScript", 0, 0, 368, 0, 0, 0, 0, 0, 0, 0, 0, 0, 0, 0, 0, 0, 0, 29, 80, 477
"/Users/neilluo/workspaces/full-stack/misskey/packages/frontend/src/preferences/utility.ts", "TypeScript", 0, 0, 190, 0, 0, 0, 0, 0, 0, 0, 0, 0, 0, 0, 0, 0, 0, 5, 32, 227
"/Users/neilluo/workspaces/full-stack/misskey/packages/frontend/src/router.definition.ts", "TypeScript", 0, 0, 582, 0, 0, 0, 0, 0, 0, 0, 0, 0, 0, 0, 0, 0, 0, 7, 5, 594
"/Users/neilluo/workspaces/full-stack/misskey/packages/frontend/src/router.ts", "TypeScript", 0, 0, 32, 0, 0, 0, 0, 0, 0, 0, 0, 0, 0, 0, 0, 0, 0, 4, 11, 47
"/Users/neilluo/workspaces/full-stack/misskey/packages/frontend/src/server-context.ts", "TypeScript", 0, 0, 12, 0, 0, 0, 0, 0, 0, 0, 0, 0, 0, 0, 0, 0, 0, 4, 6, 22
"/Users/neilluo/workspaces/full-stack/misskey/packages/frontend/src/signout.ts", "TypeScript", 0, 0, 40, 0, 0, 0, 0, 0, 0, 0, 0, 0, 0, 0, 0, 0, 0, 7, 11, 58
"/Users/neilluo/workspaces/full-stack/misskey/packages/frontend/src/store.ts", "TypeScript", 0, 0, 521, 0, 0, 0, 0, 0, 0, 0, 0, 0, 0, 0, 0, 0, 0, 26, 19, 566
"/Users/neilluo/workspaces/full-stack/misskey/packages/frontend/src/stream.ts", "TypeScript", 0, 0, 33, 0, 0, 0, 0, 0, 0, 0, 0, 0, 0, 0, 0, 0, 0, 9, 10, 52
"/Users/neilluo/workspaces/full-stack/misskey/packages/frontend/src/style.scss", "SCSS", 0, 0, 0, 0, 0, 0, 0, 0, 0, 0, 0, 0, 0, 0, 601, 0, 0, 22, 121, 744
"/Users/neilluo/workspaces/full-stack/misskey/packages/frontend/src/tab-id.ts", "TypeScript", 0, 0, 4, 0, 0, 0, 0, 0, 0, 0, 0, 0, 0, 0, 0, 0, 0, 5, 3, 12
"/Users/neilluo/workspaces/full-stack/misskey/packages/frontend/src/theme.ts", "TypeScript", 0, 0, 171, 0, 0, 0, 0, 0, 0, 0, 0, 0, 0, 0, 0, 0, 0, 8, 39, 218
"/Users/neilluo/workspaces/full-stack/misskey/packages/frontend/src/timelines.ts", "TypeScript", 0, 0, 44, 0, 0, 0, 0, 0, 0, 0, 0, 0, 0, 0, 0, 0, 0, 4, 9, 57
"/Users/neilluo/workspaces/full-stack/misskey/packages/frontend/src/type.ts", "TypeScript", 0, 0, 2, 0, 0, 0, 0, 0, 0, 0, 0, 0, 0, 0, 0, 0, 0, 4, 3, 9
"/Users/neilluo/workspaces/full-stack/misskey/packages/frontend/src/types/date-separated-list.ts", "TypeScript", 0, 0, 6, 0, 0, 0, 0, 0, 0, 0, 0, 0, 0, 0, 0, 0, 0, 4, 2, 12
"/Users/neilluo/workspaces/full-stack/misskey/packages/frontend/src/types/menu.ts", "TypeScript", 0, 0, 23, 0, 0, 0, 0, 0, 0, 0, 0, 0, 0, 0, 0, 0, 0, 4, 8, 35
"/Users/neilluo/workspaces/full-stack/misskey/packages/frontend/src/types/page-header.ts", "TypeScript", 0, 0, 6, 0, 0, 0, 0, 0, 0, 0, 0, 0, 0, 0, 0, 0, 0, 4, 2, 12
"/Users/neilluo/workspaces/full-stack/misskey/packages/frontend/src/types/post-form.ts", "TypeScript", 0, 0, 16, 0, 0, 0, 0, 0, 0, 0, 0, 0, 0, 0, 0, 0, 0, 4, 3, 23
"/Users/neilluo/workspaces/full-stack/misskey/packages/frontend/src/ui/_common_/PreferenceRestore.vue", "vue", 0, 0, 0, 0, 0, 0, 0, 0, 0, 0, 0, 0, 0, 51, 0, 0, 0, 4, 10, 65
"/Users/neilluo/workspaces/full-stack/misskey/packages/frontend/src/ui/_common_/announcements.vue", "vue", 0, 0, 0, 0, 0, 0, 0, 0, 0, 0, 0, 0, 0, 65, 0, 0, 0, 4, 12, 81
"/Users/neilluo/workspaces/full-stack/misskey/packages/frontend/src/ui/_common_/common.ts", "TypeScript", 0, 0, 151, 0, 0, 0, 0, 0, 0, 0, 0, 0, 0, 0, 0, 0, 0, 4, 18, 173
"/Users/neilluo/workspaces/full-stack/misskey/packages/frontend/src/ui/_common_/common.vue", "vue", 0, 0, 0, 0, 0, 0, 0, 0, 0, 0, 0, 0, 0, 366, 0, 0, 0, 4, 57, 427
"/Users/neilluo/workspaces/full-stack/misskey/packages/frontend/src/ui/_common_/mobile-footer-menu.vue", "vue", 0, 0, 0, 0, 0, 0, 0, 0, 0, 0, 0, 0, 0, 119, 0, 0, 0, 4, 22, 145
"/Users/neilluo/workspaces/full-stack/misskey/packages/frontend/src/ui/_common_/navbar-for-mobile.vue", "vue", 0, 0, 0, 0, 0, 0, 0, 0, 0, 0, 0, 0, 0, 239, 0, 0, 0, 4, 30, 273
"/Users/neilluo/workspaces/full-stack/misskey/packages/frontend/src/ui/_common_/navbar-h.vue", "vue", 0, 0, 0, 0, 0, 0, 0, 0, 0, 0, 0, 0, 0, 183, 0, 0, 0, 4, 28, 215
"/Users/neilluo/workspaces/full-stack/misskey/packages/frontend/src/ui/_common_/navbar.vue", "vue", 0, 0, 0, 0, 0, 0, 0, 0, 0, 0, 0, 0, 0, 625, 0, 0, 0, 11, 101, 737
"/Users/neilluo/workspaces/full-stack/misskey/packages/frontend/src/ui/_common_/notification.vue", "vue", 0, 0, 0, 0, 0, 0, 0, 0, 0, 0, 0, 0, 0, 21, 0, 0, 0, 4, 5, 30
"/Users/neilluo/workspaces/full-stack/misskey/packages/frontend/src/ui/_common_/statusbar-federation.vue", "vue", 0, 0, 0, 0, 0, 0, 0, 0, 0, 0, 0, 0, 0, 100, 0, 0, 0, 5, 14, 119
"/Users/neilluo/workspaces/full-stack/misskey/packages/frontend/src/ui/_common_/statusbar-rss.vue", "vue", 0, 0, 0, 0, 0, 0, 0, 0, 0, 0, 0, 0, 0, 90, 0, 0, 0, 5, 11, 106
"/Users/neilluo/workspaces/full-stack/misskey/packages/frontend/src/ui/_common_/statusbar-user-list.vue", "vue", 0, 0, 0, 0, 0, 0, 0, 0, 0, 0, 0, 0, 0, 105, 0, 0, 0, 5, 14, 124
"/Users/neilluo/workspaces/full-stack/misskey/packages/frontend/src/ui/_common_/statusbars.vue", "vue", 0, 0, 0, 0, 0, 0, 0, 0, 0, 0, 0, 0, 0, 79, 0, 0, 0, 4, 14, 97
"/Users/neilluo/workspaces/full-stack/misskey/packages/frontend/src/ui/_common_/stream-indicator.vue", "vue", 0, 0, 0, 0, 0, 0, 0, 0, 0, 0, 0, 0, 0, 47, 0, 0, 0, 4, 12, 63
"/Users/neilluo/workspaces/full-stack/misskey/packages/frontend/src/ui/_common_/sw-inject.ts", "TypeScript", 0, 0, 40, 0, 0, 0, 0, 0, 0, 0, 0, 0, 0, 0, 0, 0, 0, 6, 6, 52
"/Users/neilluo/workspaces/full-stack/misskey/packages/frontend/src/ui/_common_/upload.vue", "vue", 0, 0, 0, 0, 0, 0, 0, 0, 0, 0, 0, 0, 0, 126, 0, 0, 0, 4, 5, 135
"/Users/neilluo/workspaces/full-stack/misskey/packages/frontend/src/ui/_common_/widgets.vue", "vue", 0, 0, 0, 0, 0, 0, 0, 0, 0, 0, 0, 0, 0, 67, 0, 0, 0, 4, 11, 82
"/Users/neilluo/workspaces/full-stack/misskey/packages/frontend/src/ui/deck.vue", "vue", 0, 0, 0, 0, 0, 0, 0, 0, 0, 0, 0, 0, 0, 289, 0, 0, 0, 6, 54, 349
"/Users/neilluo/workspaces/full-stack/misskey/packages/frontend/src/ui/deck/antenna-column.vue", "vue", 0, 0, 0, 0, 0, 0, 0, 0, 0, 0, 0, 0, 0, 110, 0, 0, 0, 4, 17, 131
"/Users/neilluo/workspaces/full-stack/misskey/packages/frontend/src/ui/deck/channel-column.vue", "vue", 0, 0, 0, 0, 0, 0, 0, 0, 0, 0, 0, 0, 0, 89, 0, 0, 0, 4, 14, 107
"/Users/neilluo/workspaces/full-stack/misskey/packages/frontend/src/ui/deck/column.vue", "vue", 0, 0, 0, 0, 0, 0, 0, 0, 0, 0, 0, 0, 0, 421, 0, 0, 0, 4, 70, 495
"/Users/neilluo/workspaces/full-stack/misskey/packages/frontend/src/ui/deck/deck-store.ts", "TypeScript", 0, 0, 17, 0, 0, 0, 0, 0, 0, 0, 0, 0, 0, 0, 0, 0, 0, 5, 3, 25
"/Users/neilluo/workspaces/full-stack/misskey/packages/frontend/src/ui/deck/direct-column.vue", "vue", 0, 0, 0, 0, 0, 0, 0, 0, 0, 0, 0, 0, 0, 32, 0, 0, 0, 4, 8, 44
"/Users/neilluo/workspaces/full-stack/misskey/packages/frontend/src/ui/deck/list-column.vue", "vue", 0, 0, 0, 0, 0, 0, 0, 0, 0, 0, 0, 0, 0, 111, 0, 0, 0, 4, 17, 132
"/Users/neilluo/workspaces/full-stack/misskey/packages/frontend/src/ui/deck/main-column.vue", "vue", 0, 0, 0, 0, 0, 0, 0, 0, 0, 0, 0, 0, 0, 60, 0, 0, 0, 4, 9, 73
"/Users/neilluo/workspaces/full-stack/misskey/packages/frontend/src/ui/deck/mentions-column.vue", "vue", 0, 0, 0, 0, 0, 0, 0, 0, 0, 0, 0, 0, 0, 29, 0, 0, 0, 4, 8, 41
"/Users/neilluo/workspaces/full-stack/misskey/packages/frontend/src/ui/deck/notifications-column.vue", "vue", 0, 0, 0, 0, 0, 0, 0, 0, 0, 0, 0, 0, 0, 38, 0, 0, 0, 4, 8, 50
"/Users/neilluo/workspaces/full-stack/misskey/packages/frontend/src/ui/deck/role-timeline-column.vue", "vue", 0, 0, 0, 0, 0, 0, 0, 0, 0, 0, 0, 0, 0, 77, 0, 0, 0, 4, 14, 95
"/Users/neilluo/workspaces/full-stack/misskey/packages/frontend/src/ui/deck/tl-column.vue", "vue", 0, 0, 0, 0, 0, 0, 0, 0, 0, 0, 0, 0, 0, 151, 0, 0, 0, 4, 23, 178
"/Users/neilluo/workspaces/full-stack/misskey/packages/frontend/src/ui/deck/tl-note-notification.ts", "TypeScript", 0, 0, 96, 0, 0, 0, 0, 0, 0, 0, 0, 0, 0, 0, 0, 0, 0, 4, 9, 109
"/Users/neilluo/workspaces/full-stack/misskey/packages/frontend/src/ui/deck/widgets-column.vue", "vue", 0, 0, 0, 0, 0, 0, 0, 0, 0, 0, 0, 0, 0, 53, 0, 0, 0, 4, 15, 72
"/Users/neilluo/workspaces/full-stack/misskey/packages/frontend/src/ui/minimum.vue", "vue", 0, 0, 0, 0, 0, 0, 0, 0, 0, 0, 0, 0, 0, 36, 0, 0, 0, 4, 8, 48
"/Users/neilluo/workspaces/full-stack/misskey/packages/frontend/src/ui/universal.vue", "vue", 0, 0, 0, 0, 0, 0, 0, 0, 0, 0, 0, 0, 0, 144, 0, 0, 0, 4, 25, 173
"/Users/neilluo/workspaces/full-stack/misskey/packages/frontend/src/ui/visitor.vue", "vue", 0, 0, 0, 0, 0, 0, 0, 0, 0, 0, 0, 0, 0, 113, 0, 0, 0, 4, 20, 137
"/Users/neilluo/workspaces/full-stack/misskey/packages/frontend/src/ui/zen.vue", "vue", 0, 0, 0, 0, 0, 0, 0, 0, 0, 0, 0, 0, 0, 64, 0, 0, 0, 8, 14, 86
"/Users/neilluo/workspaces/full-stack/misskey/packages/frontend/src/unicode-emoji-indexes/en-US.json", "JSON", 0, 0, 0, 0, 0, 1805, 0, 0, 0, 0, 0, 0, 0, 0, 0, 0, 0, 0, 1, 1806
"/Users/neilluo/workspaces/full-stack/misskey/packages/frontend/src/unicode-emoji-indexes/ja-JP.json", "JSON", 0, 0, 0, 0, 0, 1866, 0, 0, 0, 0, 0, 0, 0, 0, 0, 0, 0, 0, 1, 1867
"/Users/neilluo/workspaces/full-stack/misskey/packages/frontend/src/unicode-emoji-indexes/ja-JP_hira.json", "JSON", 0, 0, 0, 0, 0, 1866, 0, 0, 0, 0, 0, 0, 0, 0, 0, 0, 0, 0, 1, 1867
"/Users/neilluo/workspaces/full-stack/misskey/packages/frontend/src/use/use-chart-tooltip.ts", "TypeScript", 0, 0, 50, 0, 0, 0, 0, 0, 0, 0, 0, 0, 0, 0, 0, 0, 0, 4, 10, 64
"/Users/neilluo/workspaces/full-stack/misskey/packages/frontend/src/use/use-form.ts", "TypeScript", 0, 0, 43, 0, 0, 0, 0, 0, 0, 0, 0, 0, 0, 0, 0, 0, 0, 4, 10, 57
"/Users/neilluo/workspaces/full-stack/misskey/packages/frontend/src/use/use-leave-guard.ts", "TypeScript", 0, 0, 3, 0, 0, 0, 0, 0, 0, 0, 0, 0, 0, 0, 0, 0, 0, 44, 4, 51
"/Users/neilluo/workspaces/full-stack/misskey/packages/frontend/src/use/use-mutation-observer.ts", "TypeScript", 0, 0, 13, 0, 0, 0, 0, 0, 0, 0, 0, 0, 0, 0, 0, 0, 0, 4, 5, 22
"/Users/neilluo/workspaces/full-stack/misskey/packages/frontend/src/use/use-note-capture.ts", "TypeScript", 0, 0, 95, 0, 0, 0, 0, 0, 0, 0, 0, 0, 0, 0, 0, 0, 0, 7, 23, 125
"/Users/neilluo/workspaces/full-stack/misskey/packages/frontend/src/use/use-tooltip.ts", "TypeScript", 0, 0, 83, 0, 0, 0, 0, 0, 0, 0, 0, 0, 0, 0, 0, 0, 0, 7, 17, 107
"/Users/neilluo/workspaces/full-stack/misskey/packages/frontend/src/utility/achievements.ts", "TypeScript", 0, 0, 495, 0, 0, 0, 0, 0, 0, 0, 0, 0, 0, 0, 0, 0, 0, 11, 8, 514
"/Users/neilluo/workspaces/full-stack/misskey/packages/frontend/src/utility/admin-lookup.ts", "TypeScript", 0, 0, 74, 0, 0, 0, 0, 0, 0, 0, 0, 0, 0, 0, 0, 0, 0, 4, 11, 89
"/Users/neilluo/workspaces/full-stack/misskey/packages/frontend/src/utility/array.ts", "TypeScript", 0, 0, 66, 0, 0, 0, 0, 0, 0, 0, 0, 0, 0, 0, 0, 0, 0, 33, 20, 119
"/Users/neilluo/workspaces/full-stack/misskey/packages/frontend/src/utility/autocomplete.ts", "TypeScript", 0, 0, 223, 0, 0, 0, 0, 0, 0, 0, 0, 0, 0, 0, 0, 0, 0, 46, 55, 324
"/Users/neilluo/workspaces/full-stack/misskey/packages/frontend/src/utility/cache.ts", "TypeScript", 0, 0, 36, 0, 0, 0, 0, 0, 0, 0, 0, 0, 0, 0, 0, 0, 0, 9, 9, 54
"/Users/neilluo/workspaces/full-stack/misskey/packages/frontend/src/utility/chart-legend.ts", "TypeScript", 0, 0, 9, 0, 0, 0, 0, 0, 0, 0, 0, 0, 0, 0, 0, 0, 0, 5, 4, 18
"/Users/neilluo/workspaces/full-stack/misskey/packages/frontend/src/utility/chart-vline.ts", "TypeScript", 0, 0, 21, 0, 0, 0, 0, 0, 0, 0, 0, 0, 0, 0, 0, 0, 0, 4, 4, 29
"/Users/neilluo/workspaces/full-stack/misskey/packages/frontend/src/utility/check-permissions.ts", "TypeScript", 0, 0, 10, 0, 0, 0, 0, 0, 0, 0, 0, 0, 0, 0, 0, 0, 0, 6, 4, 20
"/Users/neilluo/workspaces/full-stack/misskey/packages/frontend/src/utility/check-reaction-permissions.ts", "TypeScript", 0, 0, 10, 0, 0, 0, 0, 0, 0, 0, 0, 0, 0, 0, 0, 0, 0, 4, 4, 18
"/Users/neilluo/workspaces/full-stack/misskey/packages/frontend/src/utility/check-word-mute.ts", "TypeScript", 0, 0, 25, 0, 0, 0, 0, 0, 0, 0, 0, 0, 0, 0, 0, 0, 0, 9, 10, 44
"/Users/neilluo/workspaces/full-stack/misskey/packages/frontend/src/utility/clear-cache.ts", "TypeScript", 0, 0, 18, 0, 0, 0, 0, 0, 0, 0, 0, 0, 0, 0, 0, 0, 0, 4, 3, 25
"/Users/neilluo/workspaces/full-stack/misskey/packages/frontend/src/utility/clicker-game.ts", "TypeScript", 0, 0, 59, 0, 0, 0, 0, 0, 0, 0, 0, 0, 0, 0, 0, 0, 0, 5, 10, 74
"/Users/neilluo/workspaces/full-stack/misskey/packages/frontend/src/utility/clone.ts", "TypeScript", 0, 0, 14, 0, 0, 0, 0, 0, 0, 0, 0, 0, 0, 0, 0, 0, 0, 8, 4, 26
"/Users/neilluo/workspaces/full-stack/misskey/packages/frontend/src/utility/code-highlighter.ts", "TypeScript", 0, 0, 68, 0, 0, 0, 0, 0, 0, 0, 0, 0, 0, 0, 0, 0, 0, 18, 14, 100
"/Users/neilluo/workspaces/full-stack/misskey/packages/frontend/src/utility/collect-page-vars.ts", "TypeScript", 0, 0, 64, 0, 0, 0, 0, 0, 0, 0, 0, 0, 0, 0, 0, 0, 0, 4, 6, 74
"/Users/neilluo/workspaces/full-stack/misskey/packages/frontend/src/utility/color.ts", "TypeScript", 0, 0, 7, 0, 0, 0, 0, 0, 0, 0, 0, 0, 0, 0, 0, 0, 0, 4, 2, 13
"/Users/neilluo/workspaces/full-stack/misskey/packages/frontend/src/utility/confetti.ts", "TypeScript", 0, 0, 19, 0, 0, 0, 0, 0, 0, 0, 0, 0, 0, 0, 0, 0, 0, 5, 7, 31
"/Users/neilluo/workspaces/full-stack/misskey/packages/frontend/src/utility/contains.ts", "TypeScript", 0, 0, 9, 0, 0, 0, 0, 0, 0, 0, 0, 0, 0, 0, 0, 0, 0, 4, 2, 15
"/Users/neilluo/workspaces/full-stack/misskey/packages/frontend/src/utility/copy-to-clipboard.ts", "TypeScript", 0, 0, 8, 0, 0, 0, 0, 0, 0, 0, 0, 0, 0, 0, 0, 0, 0, 7, 3, 18
"/Users/neilluo/workspaces/full-stack/misskey/packages/frontend/src/utility/deep-equal.ts", "TypeScript", 0, 0, 30, 0, 0, 0, 0, 0, 0, 0, 0, 0, 0, 0, 0, 0, 0, 4, 7, 41
"/Users/neilluo/workspaces/full-stack/misskey/packages/frontend/src/utility/device-kind.ts", "TypeScript", 0, 0, 15, 0, 0, 0, 0, 0, 0, 0, 0, 0, 0, 0, 0, 0, 0, 4, 6, 25
"/Users/neilluo/workspaces/full-stack/misskey/packages/frontend/src/utility/emoji-picker.ts", "TypeScript", 0, 0, 49, 0, 0, 0, 0, 0, 0, 0, 0, 0, 0, 0, 0, 0, 0, 11, 9, 69
"/Users/neilluo/workspaces/full-stack/misskey/packages/frontend/src/utility/extract-mentions.ts", "TypeScript", 0, 0, 6, 0, 0, 0, 0, 0, 0, 0, 0, 0, 0, 0, 0, 0, 0, 6, 5, 17
"/Users/neilluo/workspaces/full-stack/misskey/packages/frontend/src/utility/extract-url-from-mfm.ts", "TypeScript", 0, 0, 14, 0, 0, 0, 0, 0, 0, 0, 0, 0, 0, 0, 0, 0, 0, 6, 5, 25
"/Users/neilluo/workspaces/full-stack/misskey/packages/frontend/src/utility/file-drop.ts", "TypeScript", 0, 0, 95, 0, 0, 0, 0, 0, 0, 0, 0, 0, 0, 0, 0, 0, 0, 12, 15, 122
"/Users/neilluo/workspaces/full-stack/misskey/packages/frontend/src/utility/focus-trap.ts", "TypeScript", 0, 0, 112, 0, 0, 0, 0, 0, 0, 0, 0, 0, 0, 0, 0, 0, 0, 6, 17, 135
"/Users/neilluo/workspaces/full-stack/misskey/packages/frontend/src/utility/focus.ts", "TypeScript", 0, 0, 63, 0, 0, 0, 0, 0, 0, 0, 0, 0, 0, 0, 0, 0, 0, 4, 14, 81
"/Users/neilluo/workspaces/full-stack/misskey/packages/frontend/src/utility/form.ts", "TypeScript", 0, 0, 93, 0, 0, 0, 0, 0, 0, 0, 0, 0, 0, 0, 0, 0, 0, 4, 8, 105
"/Users/neilluo/workspaces/full-stack/misskey/packages/frontend/src/utility/format-time-string.ts", "TypeScript", 0, 0, 47, 0, 0, 0, 0, 0, 0, 0, 0, 0, 0, 0, 0, 0, 0, 4, 5, 56
"/Users/neilluo/workspaces/full-stack/misskey/packages/frontend/src/utility/fullscreen.ts", "TypeScript", 0, 0, 34, 0, 0, 0, 0, 0, 0, 0, 0, 0, 0, 0, 0, 0, 0, 5, 8, 47
"/Users/neilluo/workspaces/full-stack/misskey/packages/frontend/src/utility/get-account-from-id.ts", "TypeScript", 0, 0, 6, 0, 0, 0, 0, 0, 0, 0, 0, 0, 0, 0, 0, 0, 0, 4, 3, 13
"/Users/neilluo/workspaces/full-stack/misskey/packages/frontend/src/utility/get-appear-note.ts", "TypeScript", 0, 0, 4, 0, 0, 0, 0, 0, 0, 0, 0, 0, 0, 0, 0, 0, 0, 4, 3, 11
"/Users/neilluo/workspaces/full-stack/misskey/packages/frontend/src/utility/get-bg-color.ts", "TypeScript", 0, 0, 9, 0, 0, 0, 0, 0, 0, 0, 0, 0, 0, 0, 0, 0, 0, 4, 6, 19
"/Users/neilluo/workspaces/full-stack/misskey/packages/frontend/src/utility/get-dom-node-or-null.ts", "TypeScript", 0, 0, 12, 0, 0, 0, 0, 0, 0, 0, 0, 0, 0, 0, 0, 0, 0, 4, 4, 20
"/Users/neilluo/workspaces/full-stack/misskey/packages/frontend/src/utility/get-drive-file-menu.ts", "TypeScript", 0, 0, 137, 0, 0, 0, 0, 0, 0, 0, 0, 0, 0, 0, 0, 0, 0, 9, 16, 162
"/Users/neilluo/workspaces/full-stack/misskey/packages/frontend/src/utility/get-embed-code.ts", "TypeScript", 0, 0, 58, 0, 0, 0, 0, 0, 0, 0, 0, 0, 0, 0, 0, 0, 0, 20, 9, 87
"/Users/neilluo/workspaces/full-stack/misskey/packages/frontend/src/utility/get-note-menu.ts", "TypeScript", 0, 0, 607, 0, 0, 0, 0, 0, 0, 0, 0, 0, 0, 0, 0, 0, 0, 5, 71, 683
"/Users/neilluo/workspaces/full-stack/misskey/packages/frontend/src/utility/get-note-summary.ts", "TypeScript", 0, 0, 40, 0, 0, 0, 0, 0, 0, 0, 0, 0, 0, 0, 0, 0, 0, 13, 12, 65
"/Users/neilluo/workspaces/full-stack/misskey/packages/frontend/src/utility/get-user-menu.ts", "TypeScript", 0, 0, 402, 0, 0, 0, 0, 0, 0, 0, 0, 0, 0, 0, 0, 0, 0, 7, 45, 454
"/Users/neilluo/workspaces/full-stack/misskey/packages/frontend/src/utility/get-user-name.ts", "TypeScript", 0, 0, 3, 0, 0, 0, 0, 0, 0, 0, 0, 0, 0, 0, 0, 0, 0, 4, 2, 9
"/Users/neilluo/workspaces/full-stack/misskey/packages/frontend/src/utility/hotkey.ts", "TypeScript", 0, 0, 138, 0, 0, 0, 0, 0, 0, 0, 0, 0, 0, 0, 0, 0, 0, 12, 23, 173
"/Users/neilluo/workspaces/full-stack/misskey/packages/frontend/src/utility/idb-proxy.ts", "TypeScript", 0, 0, 34, 0, 0, 0, 0, 0, 0, 0, 0, 0, 0, 0, 0, 0, 0, 11, 9, 54
"/Users/neilluo/workspaces/full-stack/misskey/packages/frontend/src/utility/idle-render.ts", "TypeScript", 0, 0, 48, 0, 0, 0, 0, 0, 0, 0, 0, 0, 0, 0, 0, 0, 0, 4, 9, 61
"/Users/neilluo/workspaces/full-stack/misskey/packages/frontend/src/utility/init-chart.ts", "TypeScript", 0, 0, 48, 0, 0, 0, 0, 0, 0, 0, 0, 0, 0, 0, 0, 0, 0, 5, 6, 59
"/Users/neilluo/workspaces/full-stack/misskey/packages/frontend/src/utility/initialize-sw.ts", "TypeScript", 0, 0, 11, 0, 0, 0, 0, 0, 0, 0, 0, 0, 0, 0, 0, 0, 0, 4, 4, 19
"/Users/neilluo/workspaces/full-stack/misskey/packages/frontend/src/utility/intl-const.ts", "TypeScript", 0, 0, 36, 0, 0, 0, 0, 0, 0, 0, 0, 0, 0, 0, 0, 0, 0, 6, 9, 51
"/Users/neilluo/workspaces/full-stack/misskey/packages/frontend/src/utility/intl-string.ts", "TypeScript", 0, 0, 63, 0, 0, 0, 0, 0, 0, 0, 0, 0, 0, 0, 0, 0, 0, 26, 11, 100
"/Users/neilluo/workspaces/full-stack/misskey/packages/frontend/src/utility/is-device-darkmode.ts", "TypeScript", 0, 0, 3, 0, 0, 0, 0, 0, 0, 0, 0, 0, 0, 0, 0, 0, 0, 4, 2, 9
"/Users/neilluo/workspaces/full-stack/misskey/packages/frontend/src/utility/isFfVisibleForMe.ts", "TypeScript", 0, 0, 14, 0, 0, 0, 0, 0, 0, 0, 0, 0, 0, 0, 0, 0, 0, 4, 7, 25
"/Users/neilluo/workspaces/full-stack/misskey/packages/frontend/src/utility/key-event.ts", "TypeScript", 0, 0, 131, 0, 0, 0, 0, 0, 0, 0, 0, 0, 0, 0, 0, 0, 0, 14, 9, 154
"/Users/neilluo/workspaces/full-stack/misskey/packages/frontend/src/utility/langmap.ts", "TypeScript", 0, 0, 665, 0, 0, 0, 0, 0, 0, 0, 0, 0, 0, 0, 0, 0, 0, 5, 2, 672
"/Users/neilluo/workspaces/full-stack/misskey/packages/frontend/src/utility/login-id.ts", "TypeScript", 0, 0, 10, 0, 0, 0, 0, 0, 0, 0, 0, 0, 0, 0, 0, 0, 0, 4, 3, 17
"/Users/neilluo/workspaces/full-stack/misskey/packages/frontend/src/utility/lookup.ts", "TypeScript", 0, 0, 67, 0, 0, 0, 0, 0, 0, 0, 0, 0, 0, 0, 0, 0, 0, 4, 14, 85
"/Users/neilluo/workspaces/full-stack/misskey/packages/frontend/src/utility/media-has-audio.ts", "TypeScript", 0, 0, 9, 0, 0, 0, 0, 0, 0, 0, 0, 0, 0, 0, 0, 0, 0, 4, 2, 15
"/Users/neilluo/workspaces/full-stack/misskey/packages/frontend/src/utility/media-proxy.ts", "TypeScript", 0, 0, 22, 0, 0, 0, 0, 0, 0, 0, 0, 0, 0, 0, 0, 0, 0, 4, 9, 35
"/Users/neilluo/workspaces/full-stack/misskey/packages/frontend/src/utility/merge.ts", "TypeScript", 0, 0, 23, 0, 0, 0, 0, 0, 0, 0, 0, 0, 0, 0, 0, 0, 0, 8, 5, 36
"/Users/neilluo/workspaces/full-stack/misskey/packages/frontend/src/utility/mfm-function-picker.ts", "TypeScript", 0, 0, 40, 0, 0, 0, 0, 0, 0, 0, 0, 0, 0, 0, 0, 0, 0, 10, 8, 58
"/Users/neilluo/workspaces/full-stack/misskey/packages/frontend/src/utility/misskey-api.ts", "TypeScript", 0, 0, 88, 0, 0, 0, 0, 0, 0, 0, 0, 0, 0, 0, 0, 0, 0, 9, 20, 117
"/Users/neilluo/workspaces/full-stack/misskey/packages/frontend/src/utility/navigator.ts", "TypeScript", 0, 0, 3, 0, 0, 0, 0, 0, 0, 0, 0, 0, 0, 0, 0, 0, 0, 4, 2, 9
"/Users/neilluo/workspaces/full-stack/misskey/packages/frontend/src/utility/physics.ts", "TypeScript", 0, 0, 114, 0, 0, 0, 0, 0, 0, 0, 0, 0, 0, 0, 0, 0, 0, 17, 27, 158
"/Users/neilluo/workspaces/full-stack/misskey/packages/frontend/src/utility/player-url-transform.ts", "TypeScript", 0, 0, 16, 0, 0, 0, 0, 0, 0, 0, 0, 0, 0, 0, 0, 0, 0, 6, 5, 27
"/Users/neilluo/workspaces/full-stack/misskey/packages/frontend/src/utility/please-login.ts", "TypeScript", 0, 0, 39, 0, 0, 0, 0, 0, 0, 0, 0, 0, 0, 0, 0, 0, 0, 27, 11, 77
"/Users/neilluo/workspaces/full-stack/misskey/packages/frontend/src/utility/popout.ts", "TypeScript", 0, 0, 22, 0, 0, 0, 0, 0, 0, 0, 0, 0, 0, 0, 0, 0, 0, 4, 3, 29
"/Users/neilluo/workspaces/full-stack/misskey/packages/frontend/src/utility/popup-position.ts", "TypeScript", 0, 0, 120, 0, 0, 0, 0, 0, 0, 0, 0, 0, 0, 0, 0, 0, 0, 9, 33, 162
"/Users/neilluo/workspaces/full-stack/misskey/packages/frontend/src/utility/post-message.ts", "TypeScript", 0, 0, 14, 0, 0, 0, 0, 0, 0, 0, 0, 0, 0, 0, 0, 0, 0, 7, 5, 26
"/Users/neilluo/workspaces/full-stack/misskey/packages/frontend/src/utility/random-id.ts", "TypeScript", 0, 0, 9, 0, 0, 0, 0, 0, 0, 0, 0, 0, 0, 0, 0, 0, 0, 4, 3, 16
"/Users/neilluo/workspaces/full-stack/misskey/packages/frontend/src/utility/reaction-picker.ts", "TypeScript", 0, 0, 48, 0, 0, 0, 0, 0, 0, 0, 0, 0, 0, 0, 0, 0, 0, 5, 9, 62
"/Users/neilluo/workspaces/full-stack/misskey/packages/frontend/src/utility/reload-ask.ts", "TypeScript", 0, 0, 29, 0, 0, 0, 0, 0, 0, 0, 0, 0, 0, 0, 0, 0, 0, 4, 8, 41
"/Users/neilluo/workspaces/full-stack/misskey/packages/frontend/src/utility/search-emoji.ts", "TypeScript", 0, 0, 80, 0, 0, 0, 0, 0, 0, 0, 0, 0, 0, 0, 0, 0, 0, 13, 14, 107
"/Users/neilluo/workspaces/full-stack/misskey/packages/frontend/src/utility/select-file.ts", "TypeScript", 0, 0, 104, 0, 0, 0, 0, 0, 0, 0, 0, 0, 0, 0, 0, 0, 0, 8, 17, 129
"/Users/neilluo/workspaces/full-stack/misskey/packages/frontend/src/utility/settings-search-index.ts", "TypeScript", 0, 0, 24, 0, 0, 0, 0, 0, 0, 0, 0, 0, 0, 0, 0, 0, 0, 5, 7, 36
"/Users/neilluo/workspaces/full-stack/misskey/packages/frontend/src/utility/show-moved-dialog.ts", "TypeScript", 0, 0, 13, 0, 0, 0, 0, 0, 0, 0, 0, 0, 0, 0, 0, 0, 0, 4, 5, 22
"/Users/neilluo/workspaces/full-stack/misskey/packages/frontend/src/utility/show-suspended-dialog.ts", "TypeScript", 0, 0, 9, 0, 0, 0, 0, 0, 0, 0, 0, 0, 0, 0, 0, 0, 0, 4, 3, 16
"/Users/neilluo/workspaces/full-stack/misskey/packages/frontend/src/utility/shuffle.ts", "TypeScript", 0, 0, 11, 0, 0, 0, 0, 0, 0, 0, 0, 0, 0, 0, 0, 0, 0, 10, 5, 26
"/Users/neilluo/workspaces/full-stack/misskey/packages/frontend/src/utility/snowfall-effect.ts", "TypeScript", 0, 0, 395, 0, 0, 0, 0, 0, 0, 0, 0, 0, 0, 0, 0, 0, 0, 8, 88, 491
"/Users/neilluo/workspaces/full-stack/misskey/packages/frontend/src/utility/sound.ts", "TypeScript", 0, 0, 192, 0, 0, 0, 0, 0, 0, 0, 0, 0, 0, 0, 0, 0, 0, 38, 30, 260
"/Users/neilluo/workspaces/full-stack/misskey/packages/frontend/src/utility/sticky-sidebar.ts", "TypeScript", 0, 0, 43, 0, 0, 0, 0, 0, 0, 0, 0, 0, 0, 0, 0, 0, 0, 4, 9, 56
"/Users/neilluo/workspaces/full-stack/misskey/packages/frontend/src/utility/stream-mock.ts", "TypeScript", 0, 0, 47, 0, 0, 0, 0, 0, 0, 0, 0, 0, 0, 0, 0, 0, 0, 17, 18, 82
"/Users/neilluo/workspaces/full-stack/misskey/packages/frontend/src/utility/test-utils.ts", "TypeScript", 0, 0, 3, 0, 0, 0, 0, 0, 0, 0, 0, 0, 0, 0, 0, 0, 0, 5, 2, 10
"/Users/neilluo/workspaces/full-stack/misskey/packages/frontend/src/utility/theme-editor.ts", "TypeScript", 0, 0, 69, 0, 0, 0, 0, 0, 0, 0, 0, 0, 0, 0, 0, 0, 0, 6, 13, 88
"/Users/neilluo/workspaces/full-stack/misskey/packages/frontend/src/utility/time.ts", "TypeScript", 0, 0, 32, 0, 0, 0, 0, 0, 0, 0, 0, 0, 0, 0, 0, 0, 0, 4, 10, 46
"/Users/neilluo/workspaces/full-stack/misskey/packages/frontend/src/utility/timeline-date-separate.ts", "TypeScript", 0, 0, 52, 0, 0, 0, 0, 0, 0, 0, 0, 0, 0, 0, 0, 0, 0, 4, 8, 64
"/Users/neilluo/workspaces/full-stack/misskey/packages/frontend/src/utility/timezones.ts", "TypeScript", 0, 0, 49, 0, 0, 0, 0, 0, 0, 0, 0, 0, 0, 0, 0, 0, 0, 4, 2, 55
"/Users/neilluo/workspaces/full-stack/misskey/packages/frontend/src/utility/touch.ts", "TypeScript", 0, 0, 10, 0, 0, 0, 0, 0, 0, 0, 0, 0, 0, 0, 0, 0, 0, 7, 6, 23
"/Users/neilluo/workspaces/full-stack/misskey/packages/frontend/src/utility/unison-reload.ts", "TypeScript", 0, 0, 11, 0, 0, 0, 0, 0, 0, 0, 0, 0, 0, 0, 0, 0, 0, 6, 4, 21
"/Users/neilluo/workspaces/full-stack/misskey/packages/frontend/src/utility/upload.ts", "TypeScript", 0, 0, 134, 0, 0, 0, 0, 0, 0, 0, 0, 0, 0, 0, 0, 0, 0, 7, 22, 163
"/Users/neilluo/workspaces/full-stack/misskey/packages/frontend/src/utility/upload/compress-config.ts", "TypeScript", 0, 0, 27, 0, 0, 0, 0, 0, 0, 0, 0, 0, 0, 0, 0, 0, 0, 4, 6, 37
"/Users/neilluo/workspaces/full-stack/misskey/packages/frontend/src/utility/upload/isWebpSupported.ts", "TypeScript", 0, 0, 10, 0, 0, 0, 0, 0, 0, 0, 0, 0, 0, 0, 0, 0, 0, 4, 2, 16
"/Users/neilluo/workspaces/full-stack/misskey/packages/frontend/src/utility/virtual.d.ts", "TypeScript", 0, 0, 12, 0, 0, 0, 0, 0, 0, 0, 0, 0, 0, 0, 0, 0, 0, 4, 3, 19
"/Users/neilluo/workspaces/full-stack/misskey/packages/frontend/src/widgets/WidgetActivity.calendar.vue", "vue", 0, 0, 0, 0, 0, 0, 0, 0, 0, 0, 0, 0, 0, 82, 0, 0, 0, 4, 12, 98
"/Users/neilluo/workspaces/full-stack/misskey/packages/frontend/src/widgets/WidgetActivity.chart.vue", "vue", 0, 0, 0, 0, 0, 0, 0, 0, 0, 0, 0, 0, 0, 92, 0, 0, 0, 4, 12, 108
"/Users/neilluo/workspaces/full-stack/misskey/packages/frontend/src/widgets/WidgetActivity.vue", "vue", 0, 0, 0, 0, 0, 0, 0, 0, 0, 0, 0, 0, 0, 83, 0, 0, 0, 4, 13, 100
"/Users/neilluo/workspaces/full-stack/misskey/packages/frontend/src/widgets/WidgetAichan.vue", "vue", 0, 0, 0, 0, 0, 0, 0, 0, 0, 0, 0, 0, 0, 60, 0, 0, 0, 4, 15, 79
"/Users/neilluo/workspaces/full-stack/misskey/packages/frontend/src/widgets/WidgetAiscript.vue", "vue", 0, 0, 0, 0, 0, 0, 0, 0, 0, 0, 0, 0, 0, 148, 0, 0, 0, 4, 22, 174
"/Users/neilluo/workspaces/full-stack/misskey/packages/frontend/src/widgets/WidgetAiscriptApp.vue", "vue", 0, 0, 0, 0, 0, 0, 0, 0, 0, 0, 0, 0, 0, 100, 0, 0, 0, 4, 16, 120
"/Users/neilluo/workspaces/full-stack/misskey/packages/frontend/src/widgets/WidgetBirthdayFollowings.vue", "vue", 0, 0, 0, 0, 0, 0, 0, 0, 0, 0, 0, 0, 0, 121, 0, 0, 0, 4, 21, 146
"/Users/neilluo/workspaces/full-stack/misskey/packages/frontend/src/widgets/WidgetButton.vue", "vue", 0, 0, 0, 0, 0, 0, 0, 0, 0, 0, 0, 0, 0, 79, 0, 0, 0, 4, 12, 95
"/Users/neilluo/workspaces/full-stack/misskey/packages/frontend/src/widgets/WidgetCalendar.vue", "vue", 0, 0, 0, 0, 0, 0, 0, 0, 0, 0, 0, 0, 0, 184, 0, 0, 0, 4, 32, 220
"/Users/neilluo/workspaces/full-stack/misskey/packages/frontend/src/widgets/WidgetClicker.vue", "vue", 0, 0, 0, 0, 0, 0, 0, 0, 0, 0, 0, 0, 0, 34, 0, 0, 0, 4, 9, 47
"/Users/neilluo/workspaces/full-stack/misskey/packages/frontend/src/widgets/WidgetClock.vue", "vue", 0, 0, 0, 0, 0, 0, 0, 0, 0, 0, 0, 0, 0, 184, 0, 0, 0, 4, 25, 213
"/Users/neilluo/workspaces/full-stack/misskey/packages/frontend/src/widgets/WidgetDigitalClock.vue", "vue", 0, 0, 0, 0, 0, 0, 0, 0, 0, 0, 0, 0, 0, 78, 0, 0, 0, 4, 14, 96
"/Users/neilluo/workspaces/full-stack/misskey/packages/frontend/src/widgets/WidgetFederation.vue", "vue", 0, 0, 0, 0, 0, 0, 0, 0, 0, 0, 0, 0, 0, 127, 0, 0, 0, 4, 23, 154
"/Users/neilluo/workspaces/full-stack/misskey/packages/frontend/src/widgets/WidgetInstanceCloud.vue", "vue", 0, 0, 0, 0, 0, 0, 0, 0, 0, 0, 0, 0, 0, 66, 0, 0, 0, 4, 13, 83
"/Users/neilluo/workspaces/full-stack/misskey/packages/frontend/src/widgets/WidgetInstanceInfo.vue", "vue", 0, 0, 0, 0, 0, 0, 0, 0, 0, 0, 0, 0, 0, 80, 0, 0, 0, 4, 17, 101
"/Users/neilluo/workspaces/full-stack/misskey/packages/frontend/src/widgets/WidgetJobQueue.vue", "vue", 0, 0, 0, 0, 0, 0, 0, 0, 0, 0, 0, 0, 0, 181, 0, 0, 0, 4, 29, 214
"/Users/neilluo/workspaces/full-stack/misskey/packages/frontend/src/widgets/WidgetMemo.vue", "vue", 0, 0, 0, 0, 0, 0, 0, 0, 0, 0, 0, 0, 0, 96, 0, 0, 0, 4, 19, 119
"/Users/neilluo/workspaces/full-stack/misskey/packages/frontend/src/widgets/WidgetNotifications.vue", "vue", 0, 0, 0, 0, 0, 0, 0, 0, 0, 0, 0, 0, 0, 61, 0, 0, 0, 4, 11, 76
"/Users/neilluo/workspaces/full-stack/misskey/packages/frontend/src/widgets/WidgetOnlineUsers.vue", "vue", 0, 0, 0, 0, 0, 0, 0, 0, 0, 0, 0, 0, 0, 60, 0, 0, 0, 4, 15, 79
"/Users/neilluo/workspaces/full-stack/misskey/packages/frontend/src/widgets/WidgetPhotos.vue", "vue", 0, 0, 0, 0, 0, 0, 0, 0, 0, 0, 0, 0, 0, 106, 0, 0, 0, 4, 19, 129
"/Users/neilluo/workspaces/full-stack/misskey/packages/frontend/src/widgets/WidgetPostForm.vue", "vue", 0, 0, 0, 0, 0, 0, 0, 0, 0, 0, 0, 0, 0, 26, 0, 0, 0, 4, 9, 39
"/Users/neilluo/workspaces/full-stack/misskey/packages/frontend/src/widgets/WidgetProfile.vue", "vue", 0, 0, 0, 0, 0, 0, 0, 0, 0, 0, 0, 0, 0, 82, 0, 0, 0, 4, 16, 102
"/Users/neilluo/workspaces/full-stack/misskey/packages/frontend/src/widgets/WidgetRss.vue", "vue", 0, 0, 0, 0, 0, 0, 0, 0, 0, 0, 0, 0, 0, 106, 0, 0, 0, 4, 17, 127
"/Users/neilluo/workspaces/full-stack/misskey/packages/frontend/src/widgets/WidgetRssTicker.vue", "vue", 0, 0, 0, 0, 0, 0, 0, 0, 0, 0, 0, 0, 0, 162, 0, 0, 0, 4, 20, 186
"/Users/neilluo/workspaces/full-stack/misskey/packages/frontend/src/widgets/WidgetSlideshow.vue", "vue", 0, 0, 0, 0, 0, 0, 0, 0, 0, 0, 0, 0, 0, 133, 0, 0, 0, 4, 28, 165
"/Users/neilluo/workspaces/full-stack/misskey/packages/frontend/src/widgets/WidgetTimeline.vue", "vue", 0, 0, 0, 0, 0, 0, 0, 0, 0, 0, 0, 0, 0, 133, 0, 0, 0, 4, 21, 158
"/Users/neilluo/workspaces/full-stack/misskey/packages/frontend/src/widgets/WidgetTrends.vue", "vue", 0, 0, 0, 0, 0, 0, 0, 0, 0, 0, 0, 0, 0, 103, 0, 0, 0, 4, 20, 127
"/Users/neilluo/workspaces/full-stack/misskey/packages/frontend/src/widgets/WidgetUnixClock.vue", "vue", 0, 0, 0, 0, 0, 0, 0, 0, 0, 0, 0, 0, 0, 97, 0, 0, 0, 4, 19, 120
"/Users/neilluo/workspaces/full-stack/misskey/packages/frontend/src/widgets/WidgetUserList.vue", "vue", 0, 0, 0, 0, 0, 0, 0, 0, 0, 0, 0, 0, 0, 119, 0, 0, 0, 4, 20, 143
"/Users/neilluo/workspaces/full-stack/misskey/packages/frontend/src/widgets/index.ts", "TypeScript", 0, 0, 65, 0, 0, 0, 0, 0, 0, 0, 0, 0, 0, 0, 0, 0, 0, 5, 6, 76
"/Users/neilluo/workspaces/full-stack/misskey/packages/frontend/src/widgets/server-metric/cpu-mem.vue", "vue", 0, 0, 0, 0, 0, 0, 0, 0, 0, 0, 0, 0, 0, 152, 0, 0, 0, 4, 19, 175
"/Users/neilluo/workspaces/full-stack/misskey/packages/frontend/src/widgets/server-metric/cpu.vue", "vue", 0, 0, 0, 0, 0, 0, 0, 0, 0, 0, 0, 0, 0, 54, 0, 0, 0, 4, 14, 72
"/Users/neilluo/workspaces/full-stack/misskey/packages/frontend/src/widgets/server-metric/disk.vue", "vue", 0, 0, 0, 0, 0, 0, 0, 0, 0, 0, 0, 0, 0, 49, 0, 0, 0, 4, 11, 64
"/Users/neilluo/workspaces/full-stack/misskey/packages/frontend/src/widgets/server-metric/index.vue", "vue", 0, 0, 0, 0, 0, 0, 0, 0, 0, 0, 0, 0, 0, 75, 0, 0, 0, 4, 14, 93
"/Users/neilluo/workspaces/full-stack/misskey/packages/frontend/src/widgets/server-metric/mem.vue", "vue", 0, 0, 0, 0, 0, 0, 0, 0, 0, 0, 0, 0, 0, 62, 0, 0, 0, 4, 14, 80
"/Users/neilluo/workspaces/full-stack/misskey/packages/frontend/src/widgets/server-metric/net.vue", "vue", 0, 0, 0, 0, 0, 0, 0, 0, 0, 0, 0, 0, 0, 124, 0, 0, 0, 4, 20, 148
"/Users/neilluo/workspaces/full-stack/misskey/packages/frontend/src/widgets/server-metric/pie.vue", "vue", 0, 0, 0, 0, 0, 0, 0, 0, 0, 0, 0, 0, 0, 47, 0, 0, 0, 4, 9, 60
"/Users/neilluo/workspaces/full-stack/misskey/packages/frontend/src/widgets/widget.ts", "TypeScript", 0, 0, 62, 0, 0, 0, 0, 0, 0, 0, 0, 0, 0, 0, 0, 0, 0, 4, 13, 79
"/Users/neilluo/workspaces/full-stack/misskey/packages/frontend/src/workers/draw-blurhash.ts", "TypeScript", 0, 0, 13, 0, 0, 0, 0, 0, 0, 0, 0, 0, 0, 0, 0, 0, 0, 5, 5, 23
"/Users/neilluo/workspaces/full-stack/misskey/packages/frontend/src/workers/test-webgl2.ts", "TypeScript", 0, 0, 7, 0, 0, 0, 0, 0, 0, 0, 0, 0, 0, 0, 0, 0, 0, 6, 2, 15
"/Users/neilluo/workspaces/full-stack/misskey/packages/frontend/src/workers/tsconfig.json", "JSON with Comments", 0, 0, 0, 0, 0, 0, 0, 5, 0, 0, 0, 0, 0, 0, 0, 0, 0, 0, 1, 6
"/Users/neilluo/workspaces/full-stack/misskey/packages/frontend/test/aiscript/api.test.ts", "TypeScript", 0, 0, 353, 0, 0, 0, 0, 0, 0, 0, 0, 0, 0, 0, 0, 0, 0, 4, 45, 402
"/Users/neilluo/workspaces/full-stack/misskey/packages/frontend/test/aiscript/common.test.ts", "TypeScript", 0, 0, 17, 0, 0, 0, 0, 0, 0, 0, 0, 0, 0, 0, 0, 0, 0, 4, 3, 24
"/Users/neilluo/workspaces/full-stack/misskey/packages/frontend/test/aiscript/ui.test.ts", "TypeScript", 0, 0, 776, 0, 0, 0, 0, 0, 0, 0, 0, 0, 0, 0, 0, 0, 0, 4, 46, 826
"/Users/neilluo/workspaces/full-stack/misskey/packages/frontend/test/autocomplete.test.ts", "TypeScript", 0, 0, 24, 0, 0, 0, 0, 0, 0, 0, 0, 0, 0, 0, 0, 0, 0, 4, 7, 35
"/Users/neilluo/workspaces/full-stack/misskey/packages/frontend/test/emoji.test.ts", "TypeScript", 0, 0, 32, 0, 0, 0, 0, 0, 0, 0, 0, 0, 0, 0, 0, 0, 0, 4, 6, 42
"/Users/neilluo/workspaces/full-stack/misskey/packages/frontend/test/home.test.ts", "TypeScript", 0, 0, 55, 0, 0, 0, 0, 0, 0, 0, 0, 0, 0, 0, 0, 0, 0, 4, 8, 67
"/Users/neilluo/workspaces/full-stack/misskey/packages/frontend/test/i18n.test.ts", "TypeScript", 0, 0, 43, 0, 0, 0, 0, 0, 0, 0, 0, 0, 0, 0, 0, 0, 0, 5, 7, 55
"/Users/neilluo/workspaces/full-stack/misskey/packages/frontend/test/init.ts", "TypeScript", 0, 0, 36, 0, 0, 0, 0, 0, 0, 0, 0, 0, 0, 0, 0, 0, 0, 9, 13, 58
"/Users/neilluo/workspaces/full-stack/misskey/packages/frontend/test/intl-string.test.ts", "TypeScript", 0, 0, 109, 0, 0, 0, 0, 0, 0, 0, 0, 0, 0, 0, 0, 0, 0, 10, 24, 143
"/Users/neilluo/workspaces/full-stack/misskey/packages/frontend/test/note.test.ts", "TypeScript", 0, 0, 91, 0, 0, 0, 0, 0, 0, 0, 0, 0, 0, 0, 0, 0, 0, 4, 9, 104
"/Users/neilluo/workspaces/full-stack/misskey/packages/frontend/test/scroll.test.ts", "TypeScript", 0, 0, 25, 0, 0, 0, 0, 0, 0, 0, 0, 0, 0, 0, 0, 0, 0, 32, 10, 67
"/Users/neilluo/workspaces/full-stack/misskey/packages/frontend/test/tsconfig.json", "JSON with Comments", 0, 0, 0, 0, 0, 0, 0, 43, 0, 0, 0, 0, 0, 0, 0, 0, 0, 0, 1, 44
"/Users/neilluo/workspaces/full-stack/misskey/packages/frontend/test/url-preview.test.ts", "TypeScript", 0, 0, 170, 0, 0, 0, 0, 0, 0, 0, 0, 0, 0, 0, 0, 0, 0, 5, 21, 196
"/Users/neilluo/workspaces/full-stack/misskey/packages/frontend/tsconfig.json", "JSON with Comments", 0, 0, 0, 0, 0, 0, 0, 58, 0, 0, 0, 0, 0, 0, 0, 0, 0, 0, 1, 59
"/Users/neilluo/workspaces/full-stack/misskey/packages/frontend/vite-node.config.ts", "TypeScript", 0, 0, 2, 0, 0, 0, 0, 0, 0, 0, 0, 0, 0, 0, 0, 0, 0, 0, 2, 4
"/Users/neilluo/workspaces/full-stack/misskey/packages/frontend/vite.config.ts", "TypeScript", 0, 0, 187, 0, 0, 0, 0, 0, 0, 0, 0, 0, 0, 0, 0, 0, 0, 13, 25, 225
"/Users/neilluo/workspaces/full-stack/misskey/packages/frontend/vite.json5.ts", "TypeScript", 0, 0, 38, 0, 0, 0, 0, 0, 0, 0, 0, 0, 0, 0, 0, 0, 0, 4, 7, 49
"/Users/neilluo/workspaces/full-stack/misskey/packages/frontend/vue-shims.d.ts", "TypeScript", 0, 0, 5, 0, 0, 0, 0, 0, 0, 0, 0, 0, 0, 0, 0, 0, 0, 1, 1, 7
"/Users/neilluo/workspaces/full-stack/misskey/packages/meta.json", "JSON", 0, 0, 0, 0, 0, 3, 0, 0, 0, 0, 0, 0, 0, 0, 0, 0, 0, 0, 1, 4
"/Users/neilluo/workspaces/full-stack/misskey/packages/misskey-bubble-game/build.js", "JavaScript", 0, 0, 0, 0, 0, 0, 91, 0, 0, 0, 0, 0, 0, 0, 0, 0, 0, 2, 16, 109
"/Users/neilluo/workspaces/full-stack/misskey/packages/misskey-bubble-game/eslint.config.js", "JavaScript", 0, 0, 0, 0, 0, 0, 26, 0, 0, 0, 0, 0, 0, 0, 0, 0, 0, 1, 2, 29
"/Users/neilluo/workspaces/full-stack/misskey/packages/misskey-bubble-game/package.json", "JSON", 0, 0, 0, 0, 0, 44, 0, 0, 0, 0, 0, 0, 0, 0, 0, 0, 0, 0, 1, 45
"/Users/neilluo/workspaces/full-stack/misskey/packages/misskey-bubble-game/src/game.ts", "TypeScript", 0, 0, 406, 0, 0, 0, 0, 0, 0, 0, 0, 0, 0, 0, 0, 0, 0, 20, 80, 506
"/Users/neilluo/workspaces/full-stack/misskey/packages/misskey-bubble-game/src/index.ts", "TypeScript", 0, 0, 7, 0, 0, 0, 0, 0, 0, 0, 0, 0, 0, 0, 0, 0, 0, 4, 4, 15
"/Users/neilluo/workspaces/full-stack/misskey/packages/misskey-bubble-game/src/monos.ts", "TypeScript", 0, 0, 943, 0, 0, 0, 0, 0, 0, 0, 0, 0, 0, 0, 0, 0, 0, 4, 6, 953
"/Users/neilluo/workspaces/full-stack/misskey/packages/misskey-bubble-game/tsconfig.json", "JSON with Comments", 0, 0, 0, 0, 0, 0, 0, 33, 0, 0, 0, 0, 0, 0, 0, 0, 0, 0, 1, 34
"/Users/neilluo/workspaces/full-stack/misskey/packages/misskey-js/CONTRIBUTING.md", "Markdown", 70, 0, 0, 0, 0, 0, 0, 0, 0, 0, 0, 0, 0, 0, 0, 0, 0, 0, 21, 91
"/Users/neilluo/workspaces/full-stack/misskey/packages/misskey-js/README.md", "Markdown", 117, 0, 0, 0, 0, 0, 0, 0, 0, 0, 0, 0, 0, 0, 0, 0, 0, 0, 42, 159
"/Users/neilluo/workspaces/full-stack/misskey/packages/misskey-js/api-extractor.json", "JSON", 0, 0, 0, 0, 0, 36, 0, 0, 0, 0, 0, 0, 0, 0, 0, 0, 0, 304, 27, 367
"/Users/neilluo/workspaces/full-stack/misskey/packages/misskey-js/build.js", "JavaScript", 0, 0, 0, 0, 0, 0, 91, 0, 0, 0, 0, 0, 0, 0, 0, 0, 0, 3, 16, 110
"/Users/neilluo/workspaces/full-stack/misskey/packages/misskey-js/docs/CONTRIBUTING.en.md", "Markdown", 25, 0, 0, 0, 0, 0, 0, 0, 0, 0, 0, 0, 0, 0, 0, 0, 0, 0, 6, 31
"/Users/neilluo/workspaces/full-stack/misskey/packages/misskey-js/eslint.config.js", "JavaScript", 0, 0, 0, 0, 0, 0, 33, 0, 0, 0, 0, 0, 0, 0, 0, 0, 0, 1, 2, 36
"/Users/neilluo/workspaces/full-stack/misskey/packages/misskey-js/etc/misskey-js.api.md", "Markdown", 2965, 0, 0, 0, 0, 0, 0, 0, 0, 0, 0, 0, 0, 0, 0, 0, 0, 0, 755, 3720
"/Users/neilluo/workspaces/full-stack/misskey/packages/misskey-js/generator/README.md", "Markdown", 12, 0, 0, 0, 0, 0, 0, 0, 0, 0, 0, 0, 0, 0, 0, 0, 0, 0, 8, 20
"/Users/neilluo/workspaces/full-stack/misskey/packages/misskey-js/generator/eslint.config.js", "JavaScript", 0, 0, 0, 0, 0, 0, 22, 0, 0, 0, 0, 0, 0, 0, 0, 0, 0, 0, 2, 24
"/Users/neilluo/workspaces/full-stack/misskey/packages/misskey-js/generator/package.json", "JSON", 0, 0, 0, 0, 0, 23, 0, 0, 0, 0, 0, 0, 0, 0, 0, 0, 0, 0, 1, 24
"/Users/neilluo/workspaces/full-stack/misskey/packages/misskey-js/generator/src/generator.ts", "TypeScript", 0, 0, 328, 0, 0, 0, 0, 0, 0, 0, 0, 0, 0, 0, 0, 0, 0, 12, 74, 414
"/Users/neilluo/workspaces/full-stack/misskey/packages/misskey-js/generator/tsconfig.json", "JSON with Comments", 0, 0, 0, 0, 0, 0, 0, 20, 0, 0, 0, 0, 0, 0, 0, 0, 0, 0, 1, 21
"/Users/neilluo/workspaces/full-stack/misskey/packages/misskey-js/jest.config.cjs", "JavaScript", 0, 0, 0, 0, 0, 0, 20, 0, 0, 0, 0, 0, 0, 0, 0, 0, 0, 133, 55, 208
"/Users/neilluo/workspaces/full-stack/misskey/packages/misskey-js/package.json", "JSON", 0, 0, 0, 0, 0, 64, 0, 0, 0, 0, 0, 0, 0, 0, 0, 0, 0, 0, 1, 65
"/Users/neilluo/workspaces/full-stack/misskey/packages/misskey-js/src/acct.ts", "TypeScript", 0, 0, 13, 0, 0, 0, 0, 0, 0, 0, 0, 0, 0, 0, 0, 0, 0, 0, 3, 16
"/Users/neilluo/workspaces/full-stack/misskey/packages/misskey-js/src/api.ts", "TypeScript", 0, 0, 104, 0, 0, 0, 0, 0, 0, 0, 0, 0, 0, 0, 0, 0, 0, 7, 18, 129
"/Users/neilluo/workspaces/full-stack/misskey/packages/misskey-js/src/api.types.ts", "TypeScript", 0, 0, 97, 0, 0, 0, 0, 0, 0, 0, 0, 0, 0, 0, 0, 0, 0, 7, 8, 112
"/Users/neilluo/workspaces/full-stack/misskey/packages/misskey-js/src/autogen/apiClientJSDoc.ts", "TypeScript", 0, 0, 2061, 0, 0, 0, 0, 0, 0, 0, 0, 0, 0, 0, 0, 0, 0, 2107, 412, 4580
"/Users/neilluo/workspaces/full-stack/misskey/packages/misskey-js/src/autogen/endpoint.ts", "TypeScript", 0, 0, 1052, 0, 0, 0, 0, 0, 0, 0, 0, 0, 0, 0, 0, 0, 0, 3, 3, 1058
"/Users/neilluo/workspaces/full-stack/misskey/packages/misskey-js/src/autogen/entities.ts", "TypeScript", 0, 0, 635, 0, 0, 0, 0, 0, 0, 0, 0, 0, 0, 0, 0, 0, 0, 1, 3, 639
"/Users/neilluo/workspaces/full-stack/misskey/packages/misskey-js/src/autogen/models.ts", "TypeScript", 0, 0, 63, 0, 0, 0, 0, 0, 0, 0, 0, 0, 0, 0, 0, 0, 0, 0, 1, 64
"/Users/neilluo/workspaces/full-stack/misskey/packages/misskey-js/src/autogen/types.ts", "TypeScript", 0, 0, 20802, 0, 0, 0, 0, 0, 0, 0, 0, 0, 0, 0, 0, 0, 0, 9192, 11, 30005
"/Users/neilluo/workspaces/full-stack/misskey/packages/misskey-js/src/consts.ts", "TypeScript", 0, 0, 433, 0, 0, 0, 0, 0, 0, 0, 0, 0, 0, 0, 0, 0, 0, 1, 13, 447
"/Users/neilluo/workspaces/full-stack/misskey/packages/misskey-js/src/entities.ts", "TypeScript", 0, 0, 293, 0, 0, 0, 0, 0, 0, 0, 0, 0, 0, 0, 0, 0, 0, 79, 26, 398
"/Users/neilluo/workspaces/full-stack/misskey/packages/misskey-js/src/index.ts", "TypeScript", 0, 0, 32, 0, 0, 0, 0, 0, 0, 0, 0, 0, 0, 0, 0, 0, 0, 5, 6, 43
"/Users/neilluo/workspaces/full-stack/misskey/packages/misskey-js/src/note.ts", "TypeScript", 0, 0, 11, 0, 0, 0, 0, 0, 0, 0, 0, 0, 0, 0, 0, 0, 0, 0, 2, 13
"/Users/neilluo/workspaces/full-stack/misskey/packages/misskey-js/src/nyaize.ts", "TypeScript", 0, 0, 18, 0, 0, 0, 0, 0, 0, 0, 0, 0, 0, 0, 0, 0, 0, 7, 3, 28
"/Users/neilluo/workspaces/full-stack/misskey/packages/misskey-js/src/streaming.ts", "TypeScript", 0, 0, 294, 0, 0, 0, 0, 0, 0, 0, 0, 0, 0, 0, 0, 0, 0, 31, 75, 400
"/Users/neilluo/workspaces/full-stack/misskey/packages/misskey-js/src/streaming.types.ts", "TypeScript", 0, 0, 309, 0, 0, 0, 0, 0, 0, 0, 0, 0, 0, 0, 0, 0, 0, 1, 5, 315
"/Users/neilluo/workspaces/full-stack/misskey/packages/misskey-js/test-d/api.ts", "TypeScript", 0, 0, 36, 0, 0, 0, 0, 0, 0, 0, 0, 0, 0, 0, 0, 0, 0, 0, 10, 46
"/Users/neilluo/workspaces/full-stack/misskey/packages/misskey-js/test-d/streaming.ts", "TypeScript", 0, 0, 11, 0, 0, 0, 0, 0, 0, 0, 0, 0, 0, 0, 0, 0, 0, 0, 2, 13
"/Users/neilluo/workspaces/full-stack/misskey/packages/misskey-js/test/api.ts", "TypeScript", 0, 0, 262, 0, 0, 0, 0, 0, 0, 0, 0, 0, 0, 0, 0, 0, 0, 1, 38, 301
"/Users/neilluo/workspaces/full-stack/misskey/packages/misskey-js/test/streaming.ts", "TypeScript", 0, 0, 131, 0, 0, 0, 0, 0, 0, 0, 0, 0, 0, 0, 0, 0, 0, 2, 33, 166
"/Users/neilluo/workspaces/full-stack/misskey/packages/misskey-js/tsconfig.json", "JSON with Comments", 0, 0, 0, 0, 0, 0, 0, 34, 0, 0, 0, 0, 0, 0, 0, 0, 0, 0, 1, 35
"/Users/neilluo/workspaces/full-stack/misskey/packages/misskey-reversi/build.js", "JavaScript", 0, 0, 0, 0, 0, 0, 91, 0, 0, 0, 0, 0, 0, 0, 0, 0, 0, 2, 16, 109
"/Users/neilluo/workspaces/full-stack/misskey/packages/misskey-reversi/eslint.config.js", "JavaScript", 0, 0, 0, 0, 0, 0, 22, 0, 0, 0, 0, 0, 0, 0, 0, 0, 0, 1, 2, 25
"/Users/neilluo/workspaces/full-stack/misskey/packages/misskey-reversi/package.json", "JSON", 0, 0, 0, 0, 0, 40, 0, 0, 0, 0, 0, 0, 0, 0, 0, 0, 0, 0, 1, 41
"/Users/neilluo/workspaces/full-stack/misskey/packages/misskey-reversi/src/game.ts", "TypeScript", 0, 0, 155, 0, 0, 0, 0, 0, 0, 0, 0, 0, 0, 0, 0, 0, 0, 30, 47, 232
"/Users/neilluo/workspaces/full-stack/misskey/packages/misskey-reversi/src/index.ts", "TypeScript", 0, 0, 3, 0, 0, 0, 0, 0, 0, 0, 0, 0, 0, 0, 0, 0, 0, 4, 2, 9
"/Users/neilluo/workspaces/full-stack/misskey/packages/misskey-reversi/src/maps.ts", "TypeScript", 0, 0, 641, 0, 0, 0, 0, 0, 0, 0, 0, 0, 0, 0, 0, 0, 0, 13, 44, 698
"/Users/neilluo/workspaces/full-stack/misskey/packages/misskey-reversi/src/serializer.ts", "TypeScript", 0, 0, 64, 0, 0, 0, 0, 0, 0, 0, 0, 0, 0, 0, 0, 0, 0, 17, 18, 99
"/Users/neilluo/workspaces/full-stack/misskey/packages/misskey-reversi/tsconfig.json", "JSON with Comments", 0, 0, 0, 0, 0, 0, 0, 33, 0, 0, 0, 0, 0, 0, 0, 0, 0, 0, 1, 34
"/Users/neilluo/workspaces/full-stack/misskey/packages/shared/eslint.config.js", "JavaScript", 0, 0, 0, 0, 0, 0, 41, 0, 0, 0, 0, 0, 0, 0, 0, 0, 0, 0, 2, 43
"/Users/neilluo/workspaces/full-stack/misskey/packages/shared/package.json", "JSON", 0, 0, 0, 0, 0, 3, 0, 0, 0, 0, 0, 0, 0, 0, 0, 0, 0, 0, 1, 4
"/Users/neilluo/workspaces/full-stack/misskey/packages/sw/build.js", "JavaScript", 0, 0, 0, 0, 0, 0, 38, 0, 0, 0, 0, 0, 0, 0, 0, 0, 0, 6, 7, 51
"/Users/neilluo/workspaces/full-stack/misskey/packages/sw/eslint.config.js", "JavaScript", 0, 0, 0, 0, 0, 0, 31, 0, 0, 0, 0, 0, 0, 0, 0, 0, 0, 0, 2, 33
"/Users/neilluo/workspaces/full-stack/misskey/packages/sw/package.json", "JSON", 0, 0, 0, 0, 0, 24, 0, 0, 0, 0, 0, 0, 0, 0, 0, 0, 0, 0, 1, 25
"/Users/neilluo/workspaces/full-stack/misskey/packages/sw/src/@types/global.d.ts", "TypeScript", 0, 0, 6, 0, 0, 0, 0, 0, 0, 0, 0, 0, 0, 0, 0, 0, 0, 5, 3, 14
"/Users/neilluo/workspaces/full-stack/misskey/packages/sw/src/scripts/create-notification.ts", "TypeScript", 0, 0, 256, 0, 0, 0, 0, 0, 0, 0, 0, 0, 0, 0, 0, 0, 0, 25, 29, 310
"/Users/neilluo/workspaces/full-stack/misskey/packages/sw/src/scripts/get-account-from-id.ts", "TypeScript", 0, 0, 10, 0, 0, 0, 0, 0, 0, 0, 0, 0, 0, 0, 0, 0, 0, 4, 3, 17
"/Users/neilluo/workspaces/full-stack/misskey/packages/sw/src/scripts/get-user-name.ts", "TypeScript", 0, 0, 3, 0, 0, 0, 0, 0, 0, 0, 0, 0, 0, 0, 0, 0, 0, 4, 2, 9
"/Users/neilluo/workspaces/full-stack/misskey/packages/sw/src/scripts/lang.ts", "TypeScript", 0, 0, 31, 0, 0, 0, 0, 0, 0, 0, 0, 0, 0, 0, 0, 0, 0, 9, 12, 52
"/Users/neilluo/workspaces/full-stack/misskey/packages/sw/src/scripts/login-id.ts", "TypeScript", 0, 0, 5, 0, 0, 0, 0, 0, 0, 0, 0, 0, 0, 0, 0, 0, 0, 4, 2, 11
"/Users/neilluo/workspaces/full-stack/misskey/packages/sw/src/scripts/operations.ts", "TypeScript", 0, 0, 62, 0, 0, 0, 0, 0, 0, 0, 0, 0, 0, 0, 0, 0, 0, 14, 16, 92
"/Users/neilluo/workspaces/full-stack/misskey/packages/sw/src/scripts/twemoji-base.ts", "TypeScript", 0, 0, 8, 0, 0, 0, 0, 0, 0, 0, 0, 0, 0, 0, 0, 0, 0, 4, 2, 14
"/Users/neilluo/workspaces/full-stack/misskey/packages/sw/src/sw.ts", "TypeScript", 0, 0, 189, 0, 0, 0, 0, 0, 0, 0, 0, 0, 0, 0, 0, 0, 0, 10, 22, 221
"/Users/neilluo/workspaces/full-stack/misskey/packages/sw/src/types.ts", "TypeScript", 0, 0, 42, 0, 0, 0, 0, 0, 0, 0, 0, 0, 0, 0, 0, 0, 0, 5, 8, 55
"/Users/neilluo/workspaces/full-stack/misskey/packages/sw/tsconfig.json", "JSON with Comments", 0, 0, 0, 0, 0, 0, 0, 40, 0, 0, 0, 0, 0, 0, 0, 0, 0, 0, 1, 41
"/Users/neilluo/workspaces/full-stack/misskey/pnpm-lock.yaml", "YAML", 0, 0, 0, 0, 18276, 0, 0, 0, 0, 0, 0, 0, 0, 0, 0, 0, 0, 0, 4731, 23007
"/Users/neilluo/workspaces/full-stack/misskey/pnpm-workspace.yaml", "YAML", 0, 0, 0, 0, 30, 0, 0, 0, 0, 0, 0, 0, 0, 0, 0, 0, 0, 0, 1, 31
"/Users/neilluo/workspaces/full-stack/misskey/scripts/build-assets.mjs", "JavaScript", 0, 0, 0, 0, 0, 0, 90, 0, 0, 0, 0, 0, 0, 0, 0, 0, 0, 4, 20, 114
"/Users/neilluo/workspaces/full-stack/misskey/scripts/build-pre.js", "JavaScript", 0, 0, 0, 0, 0, 0, 19, 0, 0, 0, 0, 0, 0, 0, 0, 0, 0, 4, 5, 28
"/Users/neilluo/workspaces/full-stack/misskey/scripts/changelog-checker/eslint.config.js", "JavaScript", 0, 0, 0, 0, 0, 0, 16, 0, 0, 0, 0, 0, 0, 0, 0, 0, 0, 0, 2, 18
"/Users/neilluo/workspaces/full-stack/misskey/scripts/changelog-checker/package-lock.json", "JSON", 0, 0, 0, 0, 0, 3038, 0, 0, 0, 0, 0, 0, 0, 0, 0, 0, 0, 0, 1, 3039
"/Users/neilluo/workspaces/full-stack/misskey/scripts/changelog-checker/package.json", "JSON", 0, 0, 0, 0, 0, 24, 0, 0, 0, 0, 0, 0, 0, 0, 0, 0, 0, 0, 1, 25
"/Users/neilluo/workspaces/full-stack/misskey/scripts/changelog-checker/src/checker.ts", "TypeScript", 0, 0, 59, 0, 0, 0, 0, 0, 0, 0, 0, 0, 0, 0, 0, 0, 0, 18, 16, 93
"/Users/neilluo/workspaces/full-stack/misskey/scripts/changelog-checker/src/index.ts", "TypeScript", 0, 0, 26, 0, 0, 0, 0, 0, 0, 0, 0, 0, 0, 0, 0, 0, 0, 4, 9, 39
"/Users/neilluo/workspaces/full-stack/misskey/scripts/changelog-checker/src/parser.ts", "TypeScript", 0, 0, 49, 0, 0, 0, 0, 0, 0, 0, 0, 0, 0, 0, 0, 0, 0, 7, 12, 68
"/Users/neilluo/workspaces/full-stack/misskey/scripts/changelog-checker/test/checker.test.ts", "TypeScript", 0, 0, 365, 0, 0, 0, 0, 0, 0, 0, 0, 0, 0, 0, 0, 0, 0, 4, 51, 420
"/Users/neilluo/workspaces/full-stack/misskey/scripts/changelog-checker/tsconfig.json", "JSON with Comments", 0, 0, 0, 0, 0, 0, 0, 31, 0, 0, 0, 0, 0, 0, 0, 0, 0, 0, 1, 32
"/Users/neilluo/workspaces/full-stack/misskey/scripts/changelog-checker/vite.config.ts", "TypeScript", 0, 0, 3, 0, 0, 0, 0, 0, 0, 0, 0, 0, 0, 0, 0, 0, 0, 0, 4, 7
"/Users/neilluo/workspaces/full-stack/misskey/scripts/clean-all.js", "JavaScript", 0, 0, 0, 0, 0, 0, 26, 0, 0, 0, 0, 0, 0, 0, 0, 0, 0, 4, 12, 42
"/Users/neilluo/workspaces/full-stack/misskey/scripts/clean.js", "JavaScript", 0, 0, 0, 0, 0, 0, 12, 0, 0, 0, 0, 0, 0, 0, 0, 0, 0, 4, 3, 19
"/Users/neilluo/workspaces/full-stack/misskey/scripts/dependency-patches/re2.patch", "Diff", 0, 0, 0, 0, 0, 0, 0, 0, 13, 0, 0, 0, 0, 0, 0, 0, 0, 0, 1, 14
"/Users/neilluo/workspaces/full-stack/misskey/scripts/dependency-patches/vite.patch", "Diff", 0, 0, 0, 0, 0, 0, 0, 0, 31, 0, 0, 0, 0, 0, 0, 0, 0, 0, 1, 32
"/Users/neilluo/workspaces/full-stack/misskey/scripts/dev.mjs", "JavaScript", 0, 0, 0, 0, 0, 0, 77, 0, 0, 0, 0, 0, 0, 0, 0, 0, 0, 4, 15, 96
"/Users/neilluo/workspaces/full-stack/misskey/scripts/tarball.mjs", "JavaScript", 0, 0, 0, 0, 0, 0, 25, 0, 0, 0, 0, 0, 0, 0, 0, 0, 0, 5, 8, 38
"Total", "-", 9364, 43, 157967, 1573, 81114, 11290, 10127, 641, 44, 291, 568, 32, 48, 82501, 965, 457, 78, 36696, 44547, 438346